SKU,Week,Promo Depth %,Traffic,Conversion %,AOV,Base Price,Unit Cost,Units Sold,,,,,
AN201,1,0.14,788,0.17,240.72,229.00,111.37,134,,,,,
AN202,1,0.30,"1,557",0.07,182.19,229.00,88.94,109,,,,,
AN205,1,0.04,"1,450",0.08,313.44,241.00,102.56,116,,,,,
AN206,1,0.20,"4,167",0.03,240.21,249.00,111.61,125,,,,,
AN208,1,0.07,"1,100",0.12,261.99,229.00,119.88,132,,,,,
AN209,1,0.25,"3,200",0.05,207.22,235.00,123.02,160,,,,,
AN213,1,0.17,630,0.23,239.02,229.00,123.69,145,,,,,
BL003,1,0.28,"2,420",0.00,328.45,412.00,165.93,121,,,,,
BL006,1,0.20,411,0.37,346.34,364.76,163.34,152,,,,,
BL008,1,0.17,"5,067",0.03,390.91,339.00,145.64,152,,,,,
BL009,1,0.13,"1,267",0.09,"1,008.97","1,017.00",555.79,114,,,,,
BL015,1,0.24,486,0.21,368.65,379.00,145.96,102,,,,,
BL023,1,0.12,"1,064",0.11,392.25,383.00,156.45,117,,,,,
BL035,1,0.09,"1,638",0.08,894.18,744.00,382.34,131,,,,,
BL050,1,0.19,"1,467",0.09,336.40,379.00,196.74,132,,,,,
BL057,1,0.00,"1,275",0.08,525.82,378.44,196.34,102,,,,,
BL079,1,0.04,"16,300",0.01,497.84,429.00,213.76,163,,,,,
BL099,1,0.10,771,0.14,264.01,259.00,119.34,108,,,,,
BL102,1,0.18,"1,812",0.08,228.46,259.00,123.43,145,,,,,
BL103,1,0.12,"21,450",0.02,449.09,460.00,230.23,429,,,,,
BL104,1,0.17,203,0.67,496.09,485.17,216.38,136,,,,,
BL107,1,0.03,166,0.70,361.40,319.00,167.89,116,,,,,
BL109,1,0.10,231,0.45,601.84,499.00,249.67,104,,,,,
BL110,1,0.00,"4,400",0.03,411.08,342.33,166.96,132,,,,,
BL111,1,0.26,"2,038",0.08,235.60,280.00,132.29,163,,,,,
BL113,1,0.01,"1,350",0.10,617.90,493.00,205.34,135,,,,,
BTM029,1,0.20,359,0.34,537.63,518.00,267.32,122,,,,,
BTM030,1,0.27,226,0.58,229.81,284.00,131.37,131,,,,,
BTM032,1,0.06,"14,100",0.01,309.52,297.00,133.44,141,,,,,
BTM033,1,0.02,"4,767",0.03,309.35,297.00,161.00,143,,,,,
BTM036,1,0.01,"2,850",0.04,488.09,377.00,168.41,114,,,,,
BTM037,1,0.16,"3,867",0.03,387.78,360.00,187.56,116,,,,,
BTM038,1,0.30,"7,500",0.02,320.93,377.00,203.18,150,,,,,
BTM039,1,0.15,853,0.15,411.71,360.00,139.93,128,,,,,
BTM040,1,0.22,"1,714",0.07,358.44,345.00,133.12,120,,,,,
BTM041,1,0.04,"1,436",0.11,415.61,345.00,142.34,158,,,,,
BTM042,1,0.30,624,0.21,319.38,337.00,167.90,131,,,,,
BTM043,1,0.08,"2,740",0.05,389.17,377.00,201.09,137,,,,,
BTM044,1,0.15,149,0.93,333.29,360.00,156.12,139,,,,,
BTM047,1,0.06,"1,425",0.08,379.20,352.50,167.50,114,,,,,
CH204,1,0.24,755,0.20,230.94,284.00,150.31,151,,,,,
J0001,1,0.16,"13,800",0.01,716.33,690.00,321.42,138,,,,,
J0002,1,0.25,"1,633",0.09,"1,175.99","1,138.02",619.26,147,,,,,
J0003,1,0.14,"5,533",0.03,613.70,670.83,265.26,166,,,,,
J0004,1,0.17,"7,900",0.02,"1,022.16","1,127.00",570.27,158,,,,,
J0005,1,0.05,691,0.23,"1,247.49","1,086.80",475.33,159,,,,,
J0006,1,0.30,"4,733",0.03,"1,001.91","1,039.55",516.66,142,,,,,
J0007,1,0.24,"1,600",0.08,958.59,"1,086.71",501.61,128,,,,,
J0008,1,0.26,"2,229",0.07,989.04,"1,088.80",497.65,156,,,,,
J0009,1,0.20,32,3.50,768.57,902.45,467.99,111,,,,,
J0010,1,0.22,"1,629",0.07,858.64,999.00,384.79,114,,,,,
J0011,1,0.22,824,0.17,"1,449.67","1,331.99",557.07,140,,,,,
J0012,1,0.20,"1,800",0.08,"1,300.47","1,171.35",457.16,144,,,,,
J0013,1,0.27,"1,450",0.08,836.09,"1,089.00",433.29,116,,,,,
J0014,1,0.22,"3,400",0.04,"1,503.99","1,394.07",625.04,136,,,,,
J0020,1,0.20,744,0.16,581.82,571.00,224.56,119,,,,,
J0023,1,0.07,131,0.91,502.34,399.00,213.45,119,,,,,
J0025,1,0.09,"2,420",0.00,720.50,654.80,338.32,121,,,,,
J0027,1,0.30,441,0.29,538.33,625.00,338.94,128,,,,,
J0028,1,0.29,456,0.27,278.30,321.00,158.80,123,,,,,
J0029,1,0.05,881,0.16,432.83,355.00,171.79,141,,,,,
J0033,1,0.02,"1,236",0.11,450.68,418.50,210.87,136,,,,,
J0034,1,0.07,"1,522",0.09,724.24,734.33,300.43,137,,,,,
J0038,1,0.04,107,1.17,750.24,675.00,330.31,125,,,,,
J0041,1,0.04,"2,920",0.05,900.88,723.73,363.49,146,,,,,
J0042,1,0.04,416,0.31,0.00,0.00,0.00,129,,,,,
J0044,1,0.29,"2,075",0.08,272.94,299.00,157.29,166,,,,,
J0047,1,0.08,"1,192",0.12,442.30,346.00,143.11,143,,,,,
J0048,1,0.25,772,0.18,270.45,333.00,178.93,139,,,,,
J0049,1,0.15,"1,185",0.13,359.47,329.00,125.75,154,,,,,
J0055,1,0.12,879,0.14,991.73,935.00,391.50,123,,,,,
J0058,1,0.22,595,0.19,499.49,473.00,244.17,113,,,,,
J0062,1,0.06,"8,050",0.02,521.60,499.00,273.98,161,,,,,
J0073,1,0.09,"2,833",0.12,417.52,355.00,146.04,340,,,,,
J0074,1,0.24,"2,350",0.06,305.26,299.00,128.52,141,,,,,
J0075,1,0.11,"1,036",0.14,446.04,363.00,154.66,145,,,,,
J0077,1,0.21,"1,662",0.08,"1,174.06","1,152.83",482.90,133,,,,,
J0078,1,0.28,"7,400",0.02,880.41,999.00,536.87,148,,,,,
J0080,1,0.17,"3,300",0.04,712.57,678.00,331.58,132,,,,,
J0081,1,0.12,"2,820",0.05,815.52,684.38,362.93,141,,,,,
J0085,1,0.24,204,0.54,341.92,360.00,145.18,110,,,,,
J0087,1,0.28,"2,920",0.00,251.24,329.00,146.09,146,,,,,
J0088,1,0.20,"1,771",0.07,439.17,399.00,197.01,124,,,,,
J0089,1,0.18,235,0.48,381.20,360.00,194.11,113,,,,,
J0090,1,0.15,"1,320",0.10,655.38,599.20,297.88,132,,,,,
J0091,1,0.02,"3,020",0.00,329.57,298.80,147.82,151,,,,,
J0092,1,0.12,"1,771",0.07,"1,023.77",908.45,386.97,124,,,,,
J0093,1,0.09,"1,310",0.10,819.90,758.50,334.97,131,,,,,
J0094,1,0.24,600,0.22,547.34,563.56,224.96,132,,,,,
J0095,1,0.17,"2,162",0.08,585.37,648.64,304.68,173,,,,,
J0096,1,0.05,619,0.21,682.31,561.00,297.14,130,,,,,
J0097,1,0.18,519,0.21,554.64,483.21,207.18,109,,,,,
J0098,1,0.11,"1,729",0.07,391.10,411.89,173.27,121,,,,,
J0101,1,0.16,717,0.18,934.26,799.00,363.21,129,,,,,
J0103,1,0.13,"6,500",0.02,"1,396.35","1,346.00",563.89,130,,,,,
J0104,1,0.19,"8,000",0.02,485.03,442.00,206.00,160,,,,,
J0105,1,0.16,"1,220",0.10,"1,110.91",999.00,460.67,122,,,,,
J0106,1,0.01,492,0.25,"1,481.93","1,199.00",572.30,123,,,,,
J0108,1,0.03,"5,467",0.03,"1,479.89","1,166.00",636.26,164,,,,,
J0109,1,0.22,"6,150",0.02,"1,300.25","1,228.00",652.88,123,,,,,
J0111,1,0.17,871,0.14,418.31,423.00,230.39,122,,,,,
J0112,1,0.16,"11,800",0.01,347.49,355.25,156.95,118,,,,,
J0113,1,0.28,"11,100",0.01,660.91,715.09,355.09,111,,,,,
J0117,1,0.21,"13,600",0.01,522.28,496.06,229.94,136,,,,,
J0118,1,0.19,"1,007",0.15,450.28,422.16,167.05,151,,,,,
J0119,1,0.22,718,0.22,786.65,758.73,385.15,158,,,,,
J0120,1,0.18,"1,411",0.09,359.89,365.00,175.29,127,,,,,
J0122,1,0.10,211,0.61,381.98,317.62,133.89,129,,,,,
J0123,1,0.29,"4,233",0.03,207.02,267.00,136.46,127,,,,,
J0124,1,0.14,416,0.38,516.83,484.43,260.10,158,,,,,
J0126,1,0.13,833,0.18,767.59,838.67,419.96,150,,,,,
J0127,1,0.04,"1,825",0.08,"1,339.36","1,199.00",626.59,146,,,,,
J0129,1,0.23,68,1.80,660.79,728.33,285.47,122,,,,,
J0130,1,0.23,650,0.20,614.60,671.50,277.07,130,,,,,
J0131,1,0.03,"1,450",0.08,429.08,342.00,151.27,116,,,,,
J0132,1,0.09,625,0.20,386.53,358.14,143.92,125,,,,,
J0133,1,0.26,"1,675",0.08,337.46,377.80,156.17,134,,,,,
J0134,1,0.00,665,0.17,787.53,695.00,360.21,113,,,,,
J0135,1,0.14,"1,092",0.13,600.07,591.00,235.37,142,,,,,
J0136,1,0.04,"1,482",0.11,541.10,499.00,228.70,163,,,,,
J0137,1,0.28,118,0.96,651.31,841.00,347.11,113,,,,,
J0138,1,0.22,"1,092",0.12,466.29,474.00,188.49,131,,,,,
J0139,1,0.25,561,0.23,382.96,397.71,197.24,129,,,,,
J0140,1,0.19,"1,350",0.10,603.36,588.00,312.40,135,,,,,
J0141,1,0.13,"1,667",0.09,500.95,475.00,242.84,150,,,,,
J0142,1,0.09,351,0.35,460.73,428.00,204.32,123,,,,,
J0143,1,0.16,"13,100",0.01,729.76,642.50,264.03,131,,,,,
J0145,1,0.18,616,0.19,531.25,526.00,212.33,117,,,,,
J0147,1,0.08,"1,871",0.07,666.58,595.00,326.55,131,,,,,
J0148,1,0.08,"4,133",0.03,619.63,636.00,294.58,124,,,,,
J0149,1,0.08,507,0.30,338.90,315.00,150.90,152,,,,,
J0150,1,0.14,"2,850",0.04,433.43,426.00,218.21,114,,,,,
J0151,1,0.06,"1,680",0.10,555.75,497.00,263.22,168,,,,,
J0152,1,0.12,"2,528",0.18,"1,279.34","1,160.20",571.52,455,,,,,
J0153,1,0.25,407,0.28,410.91,443.00,172.64,114,,,,,
J0154,1,0.27,"3,425",0.04,347.53,377.00,186.64,137,,,,,
J0155,1,0.16,"14,900",0.01,694.01,627.00,289.55,149,,,,,
J0157,1,0.02,328,0.39,"1,038.32",793.91,341.77,128,,,,,
J0158,1,0.09,"1,225",0.12,985.04,831.80,406.07,147,,,,,
J0159,1,0.03,60,2.09,869.75,647.67,249.22,125,,,,,
J0160,1,0.11,893,0.14,330.94,352.00,136.01,125,,,,,
J0161,1,0.22,"1,436",0.11,412.67,473.00,239.90,158,,,,,
J0162,1,0.04,"1,050",0.12,"1,201.79","1,189.25",553.56,126,,,,,
J0163,1,0.28,"2,086",0.07,"1,037.70","1,128.97",563.18,146,,,,,
J0164,1,0.12,367,0.36,439.14,365.77,183.46,132,,,,,
J0165,1,0.08,"13,800",0.01,384.13,367.80,199.98,138,,,,,
J0166,1,0.01,"1,236",0.11,623.21,458.00,204.44,136,,,,,
J0167,1,0.08,621,0.19,317.08,321.78,149.48,118,,,,,
J0171,1,0.19,"7,550",0.02,544.32,488.00,264.13,151,,,,,
J0172,1,0.25,"1,290",0.10,439.02,499.00,250.81,129,,,,,
J0173,1,0.22,"1,210",0.10,369.16,436.00,172.48,121,,,,,
J0176,1,0.07,580,0.25,439.11,387.00,197.09,145,,,,,
J0178,1,0.04,34,3.70,343.24,313.67,164.79,127,,,,,
J0179,1,0.28,"1,064",0.11,572.36,691.43,322.75,117,,,,,
J0181,1,0.05,"1,562",0.08,438.77,399.00,152.59,125,,,,,
J0183,1,0.09,900,0.13,549.91,454.00,231.02,117,,,,,
J0184,1,0.02,635,0.20,458.87,378.00,164.71,127,,,,,
J0187,1,0.05,"13,400",0.01,646.29,587.00,246.85,134,,,,,
J0189,1,0.15,"2,780",0.05,366.26,341.00,173.77,139,,,,,
J0190,1,0.20,"2,900",0.04,374.59,360.00,153.43,116,,,,,
J0192,1,0.25,39,3.58,267.17,311.00,151.61,141,,,,,
J0196,1,0.16,"4,175",0.04,491.76,490.00,216.83,167,,,,,
J0197,1,0.16,"2,650",0.06,648.30,706.33,312.41,159,,,,,
J0198,1,0.04,879,0.19,575.48,538.40,247.08,167,,,,,
J0199,1,0.22,"1,650",0.08,476.85,474.50,253.69,132,,,,,
J0201,1,0.01,"1,085",0.13,823.47,747.00,304.77,141,,,,,
J0202,1,0.29,222,0.54,442.97,505.67,250.54,120,,,,,
J0203,1,0.08,"1,789",0.09,678.37,568.00,294.39,161,,,,,
J0204,1,0.08,"3,280",0.05,823.34,823.00,446.95,164,,,,,
J0205,1,0.08,"2,483",0.06,444.54,387.00,173.98,149,,,,,
J0207,1,0.25,"14,200",0.01,756.54,885.00,384.81,142,,,,,
J0208,1,0.24,675,0.20,760.03,721.00,394.52,135,,,,,
J0209,1,0.21,732,0.22,783.40,813.33,376.53,161,,,,,
J0210,1,0.22,"1,264",0.11,899.11,865.33,442.61,139,,,,,
J0211,1,0.12,600,0.25,764.34,699.00,307.78,150,,,,,
J0212,1,0.20,"1,173",0.11,892.77,"1,047.67",545.16,129,,,,,
J0213,1,0.23,"1,400",0.11,663.85,678.00,293.26,154,,,,,
J0214,1,0.21,"1,814",0.07,545.19,499.00,241.64,127,,,,,
J0215,1,0.18,694,0.17,686.82,664.45,259.64,118,,,,,
J0216,1,0.05,"1,046",0.13,764.68,602.17,317.11,136,,,,,
J0217,1,0.23,"2,760",0.05,626.51,598.50,294.47,138,,,,,
J0219,1,0.30,"3,700",0.00,444.08,561.50,297.99,185,,,,,
J0220,1,0.13,"5,267",0.03,754.48,771.40,303.01,158,,,,,
J0226,1,0.24,923,0.13,"1,530.11","1,593.00",638.56,120,,,,,
J0228,1,0.09,"1,578",0.09,"1,866.46","1,718.00",869.57,142,,,,,
J0229,1,0.27,"1,610",0.10,"1,223.41","1,247.00",545.94,161,,,,,
J0230,1,0.10,"1,279",0.14,"1,174.98",956.43,393.16,179,,,,,
J0231,1,0.13,"1,007",0.14,"1,316.73","1,289.50",587.52,141,,,,,
J0232,1,0.30,"13,200",0.01,942.13,"1,188.01",546.44,132,,,,,
J0233,1,0.21,"1,673",0.11,"1,378.77","1,319.00",671.22,184,,,,,
J0234,1,0.21,"1,644",0.09,"1,107.41","1,223.00",653.29,148,,,,,
J0235,1,0.08,"4,933",0.03,"1,229.65",999.00,397.08,148,,,,,
J0236,1,0.29,"1,333",0.09,770.57,905.70,359.50,120,,,,,
J0237,1,0.17,"3,933",0.03,"1,341.90","1,259.50",557.17,118,,,,,
J0238,1,0.28,"2,643",0.07,869.00,"1,114.00",548.49,185,,,,,
J0239,1,0.27,920,0.15,"1,172.37","1,266.20",621.24,138,,,,,
J0240,1,0.15,"1,185",0.13,"1,635.85","1,593.00",679.55,154,,,,,
J0241,1,0.07,"4,400",0.03,"1,580.72","1,354.00",538.20,132,,,,,
J0242,1,0.10,"1,127",0.11,"1,155.10","1,157.50",462.07,124,,,,,
J0243,1,0.27,124,1.31,"1,137.95","1,191.86",497.51,162,,,,,
J0244,1,0.26,"2,314",0.07,"1,252.77","1,252.18",552.03,162,,,,,
J0245,1,0.22,"6,750",0.02,848.31,966.00,517.48,135,,,,,
J0247,1,0.11,"1,467",0.09,818.70,849.00,443.62,132,,,,,
J0248,1,0.00,852,0.21,"1,052.45",994.50,395.06,179,,,,,
J0249,1,0.01,"2,780",0.00,"1,174.87",931.00,416.07,139,,,,,
J0252,1,0.03,793,0.15,"1,138.15",929.40,509.72,119,,,,,
J0254,1,0.24,"2,800",0.06,848.76,899.67,479.30,168,,,,,
J0277,1,0.01,"13,900",0.01,"1,693.99","1,512.67",661.34,139,,,,,
J0278,1,0.06,342,0.50,848.98,761.00,417.90,171,,,,,
J0280,1,0.29,"2,267",0.06,"1,348.27","1,509.44",788.93,136,,,,,
J0281,1,0.19,"1,129",0.14,"1,312.22","1,323.69",604.55,158,,,,,
J0282,1,0.28,"3,650",0.04,"1,030.04","1,025.00",443.19,146,,,,,
J0283,1,0.19,"1,580",0.10,916.60,"1,030.83",452.71,158,,,,,
J0284,1,0.07,867,0.15,"1,484.72","1,234.42",631.87,130,,,,,
J0285,1,0.15,"2,329",0.07,"1,419.22","1,401.31",601.06,163,,,,,
J0290,1,0.03,"2,283",0.06,621.51,534.00,272.16,137,,,,,
J0292,1,0.05,"1,330",0.10,466.01,377.00,186.50,133,,,,,
J0293,1,0.30,"2,680",0.00,426.99,472.00,199.70,134,,,,,
J0294,1,0.05,314,0.49,525.53,396.00,174.07,154,,,,,
J0295,1,0.14,"2,443",0.07,914.65,971.33,394.00,171,,,,,
J0297,1,0.17,"1,729",0.07,442.45,490.66,215.01,121,,,,,
J0298,1,0.30,"1,155",0.11,455.32,499.00,226.24,127,,,,,
J0299,1,0.14,"1,570",0.10,369.08,342.67,183.01,157,,,,,
J0300,1,0.08,"1,325",0.12,294.14,279.00,136.01,159,,,,,
J0301,1,0.14,389,0.36,448.78,484.17,244.47,140,,,,,
J0302,1,0.28,149,1.06,541.20,696.00,353.93,158,,,,,
J0304,1,0.25,757,0.21,303.60,297.00,114.22,159,,,,,
J0305,1,0.29,"3,500",0.00,613.92,774.00,373.98,175,,,,,
J0306,1,0.25,"3,820",0.00,734.55,842.00,335.41,191,,,,,
J0308,1,0.22,750,0.16,708.09,803.85,355.87,120,,,,,
J0310,1,0.05,"2,029",0.07,378.17,339.00,140.65,142,,,,,
J0319,1,0.04,760,0.25,898.29,871.00,404.62,190,,,,,
J0328,1,0.08,811,0.18,"1,052.68",929.00,419.84,146,,,,,
J0329,1,0.00,"7,400",0.02,784.61,730.78,340.74,148,,,,,
J0330,1,0.01,"1,233",0.12,788.78,599.00,309.57,148,,,,,
J0331,1,0.17,"1,133",0.12,725.21,772.00,329.79,136,,,,,
J0332,1,0.09,"5,900",0.03,837.38,742.69,373.03,177,,,,,
J0333,1,0.23,"1,850",0.08,862.69,825.00,450.34,148,,,,,
J0334,1,0.07,"3,180",0.05,636.86,535.91,235.95,159,,,,,
J0335,1,0.22,320,0.40,"1,064.40","1,103.58",573.74,128,,,,,
J0336,1,0.16,"1,540",0.10,701.25,717.50,279.91,154,,,,,
J0337,1,0.16,711,0.19,479.31,489.14,189.71,135,,,,,
J0338,1,0.28,"2,960",0.05,"1,031.44","1,115.42",440.00,148,,,,,
J0339,1,0.29,"3,575",0.04,965.79,973.05,473.94,143,,,,,
J0340,1,0.03,"1,550",0.08,919.84,739.90,405.00,124,,,,,
J0341,1,0.24,"4,375",0.04,906.09,957.44,375.49,175,,,,,
J0342,1,0.24,"2,960",0.05,754.85,760.67,363.00,148,,,,,
J0343,1,0.28,438,0.32,890.23,"1,019.46",393.17,140,,,,,
J0344,1,0.13,"4,050",0.04,437.69,469.72,181.40,162,,,,,
J0345,1,0.20,"1,962",0.08,517.67,519.00,210.19,157,,,,,
J0346,1,0.14,"1,811",0.09,565.96,475.10,237.52,163,,,,,
J0347,1,0.13,"6,800",0.02,604.30,625.00,302.83,136,,,,,
J0348,1,0.11,"1,608",0.12,587.72,511.31,207.24,193,,,,,
J0349,1,0.06,"1,700",0.10,821.86,780.42,387.18,170,,,,,
J0350,1,0.19,"1,444",0.09,476.14,475.00,247.56,130,,,,,
J0351,1,0.03,"1,788",0.08,704.65,670.25,305.19,143,,,,,
J0352,1,0.03,714,0.21,735.25,627.67,245.33,150,,,,,
J0353,1,0.14,"2,460",0.00,612.03,541.33,233.68,123,,,,,
J0354,1,0.29,"2,714",0.07,468.14,562.75,254.98,190,,,,,
J0355,1,0.13,679,0.24,665.12,596.00,317.95,163,,,,,
J0369,1,0.22,"1,500",0.09,"1,149.62","1,109.50",494.23,135,,,,,
J0370,1,0.27,"1,230",0.10,"1,113.27","1,109.50",423.49,123,,,,,
J0371,1,0.05,"1,871",0.07,"1,181.99","1,099.00",578.28,131,,,,,
J0372,1,0.18,818,0.22,"1,023.90","1,049.50",484.75,180,,,,,
J0373,1,0.26,835,0.17,500.50,613.00,245.72,142,,,,,
J0375,1,0.05,"5,400",0.03,"1,444.98","1,088.50",461.60,162,,,,,
J0376,1,0.12,972,0.18,"1,171.08",968.22,417.79,175,,,,,
J0377,1,0.08,710,0.20,"1,252.71","1,099.00",473.20,142,,,,,
J0378,1,0.15,273,0.52,"1,271.02","1,112.00",543.64,142,,,,,
J0379,1,0.07,423,0.35,"1,492.15","1,301.97",651.10,148,,,,,
J0380,1,0.06,841,0.22,"1,714.33","1,438.00",593.04,185,,,,,
J0381,1,0.09,"1,518",0.11,"1,244.29","1,264.67",521.40,167,,,,,
J0382,1,0.02,"1,036",0.14,"1,564.69","1,214.77",489.06,145,,,,,
J0395,1,0.11,"2,780",0.05,946.35,971.33,383.43,139,,,,,
J0396,1,0.12,344,0.48,"1,171.12",993.80,460.20,165,,,,,
J0397,1,0.03,"3,825",0.04,"1,282.71",999.00,464.28,153,,,,,
J0398,1,0.07,"6,533",0.03,"1,276.01","1,057.00",437.90,196,,,,,
J0399,1,0.06,"4,875",0.04,790.13,791.00,347.65,195,,,,,
J0400,1,0.01,149,1.15,983.15,859.00,369.94,171,,,,,
J0401,1,0.27,"2,760",0.05,881.25,"1,057.00",438.35,138,,,,,
J0414,1,0.28,248,0.50,721.58,852.17,339.76,124,,,,,
J0415,1,0.04,973,0.15,"1,053.70","1,015.67",500.26,146,,,,,
J0416,1,0.06,"7,150",0.02,"1,068.59",825.00,401.07,143,,,,,
JNE0850,1,0.24,"1,810",0.10,774.21,819.00,437.36,181,,,,,
JNE09187,1,0.10,"1,544",0.09,852.78,819.00,369.94,139,,,,,
JNE1233,1,0.18,"4,500",0.04,416.30,427.00,232.24,180,,,,,
JNE1234,1,0.17,"2,300",0.06,295.42,295.00,138.90,138,,,,,
JNE1408,1,0.09,"1,062",0.16,372.79,325.07,148.80,170,,,,,
JNE1525,1,0.21,"1,444",0.09,302.32,311.00,155.90,130,,,,,
JNE1906,1,0.05,"19,600",0.01,457.42,351.00,157.79,196,,,,,
JNE1951,1,0.22,917,0.18,349.89,366.50,199.67,165,,,,,
JNE1977,1,0.25,"2,083",0.06,269.26,256.95,139.69,125,,,,,
JNE1998,1,0.21,"2,667",0.06,314.15,295.00,121.00,160,,,,,
JNE2009,1,0.28,521,0.24,244.34,302.20,147.71,125,,,,,
JNE2014,1,0.11,"1,260",0.10,398.33,325.33,171.90,126,,,,,
JNE2032,1,0.28,"1,636",0.11,248.16,316.00,145.75,180,,,,,
JNE2049,1,0.08,655,0.22,482.60,392.61,164.54,144,,,,,
JNE2086,1,0.15,"12,700",0.01,625.57,622.00,319.28,127,,,,,
JNE2100,1,0.19,985,0.13,369.09,335.71,149.09,128,,,,,
JNE2101,1,0.00,"1,622",0.09,375.01,277.00,148.33,146,,,,,
JNE2113,1,0.12,"1,027",0.15,580.25,495.00,267.90,154,,,,,
JNE2132,1,0.11,768,0.19,612.73,519.00,238.57,146,,,,,
JNE2153,1,0.25,"1,440",0.10,258.76,298.29,136.64,144,,,,,
JNE2170,1,0.19,510,0.39,419.25,480.00,211.99,199,,,,,
JNE2171,1,0.20,618,0.28,427.82,449.00,191.53,173,,,,,
JNE2199,1,0.16,"1,086",0.14,351.02,376.22,144.51,152,,,,,
JNE2205,1,0.29,"3,040",0.00,303.00,330.00,152.54,152,,,,,
JNE2251,1,0.29,"2,157",0.07,354.50,426.33,211.08,151,,,,,
JNE2262,1,0.29,286,0.56,395.18,400.00,165.93,160,,,,,
JNE2265,1,0.03,"1,186",0.14,677.80,548.33,276.34,166,,,,,
JNE2266,1,0.17,"5,667",0.03,408.64,368.00,174.94,170,,,,,
JNE2270,1,0.08,"2,580",0.05,481.04,476.90,255.93,129,,,,,
JNE2291,1,0.20,"8,800",0.02,461.74,427.00,233.01,176,,,,,
JNE2305,1,0.12,818,0.17,399.25,330.45,127.67,139,,,,,
JNE3030,1,0.21,"3,520",0.05,559.08,579.86,236.51,176,,,,,
JNE3042,1,0.09,"1,100",0.15,330.07,287.37,124.05,165,,,,,
JNE3065,1,0.15,"2,833",0.06,427.51,381.69,183.39,170,,,,,
JNE3068,1,0.02,"1,175",0.12,749.21,688.00,358.13,141,,,,,
JNE3160,1,0.25,889,0.18,531.70,578.29,302.68,160,,,,,
JNE3252,1,0.22,"1,682",0.11,370.21,399.00,202.48,185,,,,,
JNE3255,1,0.21,"16,700",0.01,423.68,487.00,222.38,167,,,,,
JNE3256,1,0.20,"1,300",0.11,454.48,482.00,206.55,143,,,,,
JNE3261,1,0.13,"1,093",0.15,325.12,348.00,152.34,164,,,,,
JNE3265,1,0.17,587,0.23,290.07,330.00,165.80,135,,,,,
JNE3270,1,0.25,"1,536",0.11,290.51,353.00,136.85,169,,,,,
JNE3273,1,0.04,"1,540",0.10,664.47,499.00,211.85,154,,,,,
JNE3276,1,0.06,279,0.53,232.39,199.00,90.70,148,,,,,
JNE3279,1,0.15,476,0.37,389.34,330.00,147.18,176,,,,,
JNE3288,1,0.26,876,0.17,426.73,480.00,229.76,149,,,,,
JNE3291,1,0.06,668,0.25,422.32,387.60,196.86,167,,,,,
JNE3294,1,0.22,987,0.15,360.57,376.70,184.39,148,,,,,
JNE3311,1,0.28,"2,014",0.07,519.19,599.00,252.28,141,,,,,
JNE3313,1,0.27,115,1.24,444.36,560.00,306.63,143,,,,,
JNE3323,1,0.13,"1,875",0.08,293.68,264.90,140.47,150,,,,,
JNE3334,1,0.10,"4,250",0.04,319.06,314.95,170.76,170,,,,,
JNE3348,1,0.16,500,0.34,443.75,417.00,226.46,170,,,,,
JNE3364,1,0.20,"3,364",0.14,360.79,353.00,142.81,471,,,,,
JNE3365,1,0.21,548,0.27,313.77,360.03,154.95,148,,,,,
JNE3366,1,0.15,"14,800",0.01,290.43,318.89,149.68,148,,,,,
JNE3368,1,0.09,"3,233",0.06,508.61,422.38,225.28,194,,,,,
JNE3369,1,0.02,"4,080",0.00,570.81,481.00,224.35,204,,,,,
JNE3371,1,0.10,"1,822",0.09,317.13,329.20,154.56,164,,,,,
JNE3373,1,0.07,"2,717",0.06,467.77,359.73,187.26,163,,,,,
JNE3376,1,0.13,"5,233",0.03,399.32,428.88,204.25,157,,,,,
JNE3383,1,0.03,"3,900",0.00,535.15,426.60,205.73,195,,,,,
JNE3384,1,0.02,"1,925",0.08,408.01,298.60,132.97,154,,,,,
JNE3389,1,0.08,347,0.38,598.69,574.00,253.73,132,,,,,
JNE3391,1,0.20,"1,350",0.10,394.16,448.00,242.95,135,,,,,
JNE3396,1,0.12,"2,562",0.08,408.66,425.07,206.72,205,,,,,
JNE3398,1,0.27,"2,000",0.09,248.98,295.00,130.86,180,,,,,
JNE3399,1,0.00,"3,280",0.05,468.46,431.61,200.47,164,,,,,
JNE3400,1,0.27,539,0.36,428.75,454.50,183.80,194,,,,,
JNE3401,1,0.09,"2,100",0.08,252.61,259.00,113.45,168,,,,,
JNE3403,1,0.07,318,0.65,487.31,426.60,222.81,207,,,,,
JNE3404,1,0.17,844,0.18,562.81,484.75,260.80,152,,,,,
JNE3405,1,0.12,"2,543",0.07,488.12,415.52,183.16,178,,,,,
JNE3407,1,0.08,"4,000",0.04,285.55,245.30,133.81,160,,,,,
JNE3408,1,0.07,"15,800",0.01,368.70,342.60,154.31,158,,,,,
JNE3412,1,0.05,"3,420",0.00,481.83,399.88,156.02,171,,,,,
JNE3415,1,0.00,256,0.54,367.87,298.00,134.75,138,,,,,
JNE3420,1,0.05,"1,026",0.19,337.91,296.63,143.57,195,,,,,
JNE3421,1,0.08,"1,188",0.16,368.62,365.67,161.13,190,,,,,
JNE3422,1,0.20,"2,920",0.00,319.40,293.50,138.56,146,,,,,
JNE3423,1,0.26,"1,323",0.13,339.94,380.46,173.97,172,,,,,
JNE3425,1,0.14,"1,667",0.09,316.84,329.50,128.49,150,,,,,
JNE3427,1,0.22,"2,057",0.07,238.12,259.00,125.45,144,,,,,
JNE3428,1,0.10,876,0.17,274.96,255.67,98.84,149,,,,,
JNE3429,1,0.08,"3,283",0.06,368.51,299.00,118.43,197,,,,,
JNE3431,1,0.04,"1,012",0.17,437.82,349.00,180.33,172,,,,,
JNE3434,1,0.11,"2,262",0.08,374.55,319.00,171.69,181,,,,,
JNE3436,1,0.14,878,0.18,270.99,299.00,159.33,158,,,,,
JNE3437,1,0.24,"1,067",0.15,436.49,480.35,262.70,160,,,,,
JNE3438,1,0.21,"5,125",0.04,436.05,453.00,241.88,205,,,,,
JNE3439,1,0.13,"2,562",0.08,355.57,386.76,167.81,205,,,,,
JNE3440,1,0.01,"2,433",0.06,430.90,381.49,205.20,146,,,,,
JNE3443,1,0.03,"1,317",0.12,614.05,481.00,238.47,158,,,,,
JNE3445,1,0.10,430,0.37,446.17,451.51,183.48,159,,,,,
JNE3446,1,0.22,"1,864",0.11,288.58,299.00,163.27,205,,,,,
JNE3447,1,0.27,552,0.29,240.69,293.00,120.58,160,,,,,
JNE3449,1,0.17,988,0.17,279.77,319.73,160.53,168,,,,,
JNE3451,1,0.21,988,0.17,340.55,380.00,201.37,168,,,,,
JNE3452,1,0.04,467,0.43,396.76,297.00,128.17,201,,,,,
JNE3454,1,0.09,"2,514",0.07,483.11,399.00,176.79,176,,,,,
JNE3457,1,0.29,332,0.44,309.77,314.82,126.19,146,,,,,
JNE3458,1,0.12,"2,667",0.06,482.34,449.00,190.84,160,,,,,
JNE3461,1,0.26,147,0.91,298.13,370.15,153.02,134,,,,,
JNE3463,1,0.02,"1,592",0.12,665.49,546.85,274.55,191,,,,,
JNE3465,1,0.01,"1,510",0.10,573.43,479.08,249.04,151,,,,,
JNE3466,1,0.18,"1,336",0.11,810.96,735.01,310.47,147,,,,,
JNE3468,1,0.26,364,0.47,272.54,339.66,140.22,171,,,,,
JNE3470,1,0.06,824,0.17,574.96,501.00,191.19,140,,,,,
JNE3471,1,0.01,"4,275",0.04,321.99,295.00,141.56,171,,,,,
JNE3472,1,0.11,"1,956",0.09,344.87,333.00,162.09,176,,,,,
JNE3473,1,0.22,50,3.21,496.89,487.00,203.57,162,,,,,
JNE3474,1,0.15,"1,567",0.12,398.13,385.00,189.44,188,,,,,
JNE3475,1,0.08,"11,840",0.00,379.38,349.00,136.73,592,,,,,
JNE3476,1,0.14,"1,633",0.09,367.62,359.80,145.38,147,,,,,
JNE3479,1,0.10,"1,350",0.12,281.68,258.49,123.32,162,,,,,
JNE3481,1,0.25,"1,882",0.11,267.27,269.00,113.61,207,,,,,
JNE3482,1,0.14,"1,254",0.13,382.54,326.54,137.71,163,,,,,
JNE3484,1,0.02,"2,650",0.08,403.67,297.55,158.43,212,,,,,
JNE3487,1,0.13,466,0.41,422.19,366.13,145.19,191,,,,,
JNE3488,1,0.00,"2,650",0.08,346.96,299.00,138.77,212,,,,,
JNE3491,1,0.28,"5,400",0.03,322.51,347.00,142.10,162,,,,,
JNE3500,1,0.15,"16,200",0.01,370.07,361.86,179.33,162,,,,,
JNE3501,1,0.08,"1,185",0.13,547.32,522.25,207.73,154,,,,,
JNE3503,1,0.14,"1,100",0.19,367.64,318.00,153.86,209,,,,,
JNE3504,1,0.06,"2,557",0.07,481.58,481.75,264.07,179,,,,,
JNE3506,1,0.24,"1,620",0.10,655.73,631.80,250.25,162,,,,,
JNE3510,1,0.11,"4,200",0.04,460.46,427.04,228.25,168,,,,,
JNE3515,1,0.03,"3,000",0.05,560.61,454.00,225.06,150,,,,,
JNE3516,1,0.30,217,0.89,327.69,365.50,141.99,193,,,,,
JNE3518,1,0.06,"17,200",0.01,619.89,483.73,187.88,172,,,,,
JNE3522,1,0.20,843,0.23,348.25,342.00,154.76,194,,,,,
JNE3524,1,0.21,"4,080",0.00,498.63,499.00,220.85,204,,,,,
JNE3528,1,0.18,643,0.23,277.36,315.14,149.30,148,,,,,
JNE3530,1,0.01,"1,219",0.16,401.79,329.57,164.84,195,,,,,
JNE3531,1,0.27,"18,400",0.01,261.42,324.80,160.49,184,,,,,
JNE3532,1,0.23,612,0.24,330.37,328.00,142.90,147,,,,,
JNE3534,1,0.13,621,0.24,344.37,322.00,135.92,149,,,,,
JNE3537,1,0.04,"1,744",0.09,468.65,379.00,157.45,157,,,,,
JNE3538,1,0.03,166,0.89,276.75,268.00,111.42,148,,,,,
JNE3539,1,0.11,965,0.20,315.53,328.36,175.51,193,,,,,
JNE3541,1,0.09,"1,355",0.11,435.58,368.00,171.47,149,,,,,
JNE3542,1,0.16,"9,200",0.02,298.05,330.00,178.27,184,,,,,
JNE3543,1,0.27,"1,045",0.20,276.88,352.85,161.10,209,,,,,
JNE3544,1,0.12,"2,329",0.07,295.02,318.00,151.03,163,,,,,
JNE3545,1,0.27,"1,922",0.09,319.44,316.00,126.11,173,,,,,
JNE3546,1,0.30,"5,325",0.04,423.80,462.82,226.94,213,,,,,
JNE3547,1,0.21,"4,825",0.04,472.86,510.00,270.35,193,,,,,
JNE3548,1,0.30,99,2.15,417.56,517.00,271.78,213,,,,,
JNE3549,1,0.11,"7,450",0.02,257.47,246.75,103.77,149,,,,,
JNE3550,1,0.05,"2,438",0.08,355.19,283.00,125.91,195,,,,,
JNE3553,1,0.10,593,0.28,596.27,517.00,275.46,166,,,,,
JNE3554,1,0.03,"1,862",0.08,551.50,510.00,273.21,149,,,,,
JNE3556,1,0.01,"2,040",0.10,560.91,510.00,219.73,204,,,,,
JNE3560,1,0.24,"2,471",0.07,396.52,481.11,258.66,173,,,,,
JNE3562,1,0.02,81,1.75,594.26,473.33,194.20,142,,,,,
JNE3563,1,0.19,"2,167",0.09,501.23,469.67,201.93,195,,,,,
JNE3564,1,0.12,"19,300",0.01,483.71,481.00,257.90,193,,,,,
JNE3565,1,0.15,"4,550",0.04,311.86,347.00,185.85,182,,,,,
JNE3567,1,0.06,"20,400",0.01,403.99,398.40,152.30,204,,,,,
JNE3568,1,0.26,"1,107",0.14,412.27,401.17,195.12,155,,,,,
JNE3570,1,0.12,"2,462",0.08,332.92,328.00,159.73,197,,,,,
JNE3571,1,0.10,"1,179",0.14,572.87,482.50,198.71,165,,,,,
JNE3573,1,0.00,"4,700",0.04,477.41,376.32,146.38,188,,,,,
JNE3574,1,0.02,"3,580",0.05,350.63,302.27,115.58,179,,,,,
JNE3575,1,0.19,"4,100",0.04,401.70,442.00,186.49,164,,,,,
JNE3576,1,0.24,"1,988",0.08,404.35,487.00,236.70,159,,,,,
JNE3577,1,0.07,"2,029",0.07,809.56,688.00,368.63,142,,,,,
JNE3578,1,0.15,"1,144",0.16,661.98,589.50,246.34,183,,,,,
JNE3579,1,0.18,625,0.24,305.50,292.12,132.93,150,,,,,
JNE3581,1,0.09,"17,200",0.01,710.40,631.80,301.93,172,,,,,
JNE3602,1,0.09,"1,850",0.10,362.35,374.00,148.07,185,,,,,
JNE3605,1,0.16,141,1.28,483.03,414.00,219.87,180,,,,,
JNE3606,1,0.21,"3,300",0.05,504.36,480.18,223.89,165,,,,,
JNE3607,1,0.08,"1,560",0.10,466.68,440.14,241.23,156,,,,,
JNE3608,1,0.23,"4,080",0.00,383.99,358.00,168.38,204,,,,,
JNE3609,1,0.09,"1,570",0.10,644.11,561.47,303.43,157,,,,,
JNE3610,1,0.03,"6,800",0.03,357.17,293.67,155.58,204,,,,,
JNE3611,1,0.10,"1,062",0.13,418.17,354.18,187.73,138,,,,,
JNE3612,1,0.29,"2,650",0.06,389.31,411.00,180.69,159,,,,,
JNE3613,1,0.11,"2,957",0.07,448.25,393.55,166.54,207,,,,,
JNE3614,1,0.15,920,0.15,551.39,592.50,267.12,138,,,,,
JNE3615,1,0.13,"2,729",0.07,308.68,303.67,117.35,191,,,,,
JNE3616,1,0.14,"1,090",0.20,372.13,314.74,153.05,218,,,,,
JNE3617,1,0.22,146,1.23,263.22,299.00,149.93,180,,,,,
JNE3618,1,0.21,"2,062",0.08,353.17,378.77,152.39,165,,,,,
JNE3619,1,0.03,890,0.20,384.51,330.00,168.96,178,,,,,
JNE3620,1,0.10,"1,500",0.11,348.69,321.85,124.31,165,,,,,
JNE3621,1,0.10,"18,300",0.01,537.17,472.00,258.62,183,,,,,
JNE3622,1,0.05,"2,612",0.08,501.88,382.80,147.42,209,,,,,
JNE3623,1,0.27,177,0.78,298.08,360.00,195.36,138,,,,,
JNE3624,1,0.29,"4,320",0.00,373.11,481.00,191.68,216,,,,,
JNE3625,1,0.03,"5,400",0.04,513.46,473.00,217.72,216,,,,,
JNE3627,1,0.03,"5,375",0.04,422.56,320.22,122.06,215,,,,,
JNE3628,1,0.22,553,0.32,478.74,481.00,258.52,177,,,,,
JNE3629,1,0.28,"1,108",0.13,462.67,558.75,254.70,144,,,,,
JNE3630,1,0.08,"1,223",0.13,593.48,483.00,186.06,159,,,,,
JNE3633,1,0.28,"3,640",0.00,442.74,455.00,209.79,182,,,,,
JNE3634,1,0.26,"1,817",0.12,501.76,503.65,223.12,218,,,,,
JNE3635,1,0.03,845,0.20,459.01,345.00,148.94,169,,,,,
JNE3636,1,0.29,"9,000",0.02,367.72,455.00,215.09,180,,,,,
JNE3637,1,0.16,"7,400",0.02,580.69,526.00,233.18,148,,,,,
JNE3638,1,0.03,800,0.24,590.48,502.60,226.51,192,,,,,
JNE3639,1,0.24,"3,180",0.05,499.49,488.75,193.94,159,,,,,
JNE3640,1,0.05,"3,450",0.06,607.45,489.99,265.71,207,,,,,
JNE3641,1,0.17,"1,464",0.11,390.71,356.14,178.87,161,,,,,
JNE3642,1,0.13,166,0.83,356.02,319.79,124.21,138,,,,,
JNE3643,1,0.03,"3,300",0.06,279.39,259.00,103.25,198,,,,,
JNE3644,1,0.22,"4,550",0.04,292.27,302.00,142.71,182,,,,,
JNE3645,1,0.16,"3,560",0.05,508.48,434.05,192.97,178,,,,,
JNE3647,1,0.24,"2,212",0.08,345.62,330.00,165.94,177,,,,,
JNE3648,1,0.16,"2,000",0.09,436.83,488.25,252.92,180,,,,,
JNE3651,1,0.22,"1,200",0.12,439.34,508.50,239.59,144,,,,,
JNE3652,1,0.17,126,1.33,306.87,337.31,165.26,168,,,,,
JNE3653,1,0.13,"2,900",0.06,407.31,359.00,161.83,174,,,,,
JNE3654,1,0.26,"1,258",0.12,378.11,382.39,205.26,151,,,,,
JNE3655,1,0.05,"7,600",0.02,351.53,329.00,126.45,152,,,,,
JNE3656,1,0.09,"8,050",0.02,557.19,499.00,190.79,161,,,,,
JNE3657,1,0.29,"3,625",0.04,314.00,329.00,141.90,145,,,,,
JNE3658,1,0.26,"2,044",0.09,352.88,365.00,167.49,184,,,,,
JNE3659,1,0.05,"1,400",0.11,497.70,422.57,210.18,154,,,,,
JNE3660,1,0.19,"2,400",0.07,394.19,387.28,159.42,168,,,,,
JNE3661,1,0.30,"1,127",0.15,261.59,304.33,131.96,169,,,,,
JNE3662,1,0.12,486,0.29,405.24,399.00,208.42,141,,,,,
JNE3663,1,0.19,967,0.21,345.55,341.90,135.10,203,,,,,
JNE3665,1,0.17,"2,683",0.06,528.31,493.00,202.21,161,,,,,
JNE3666,1,0.26,"19,200",0.01,299.95,299.00,116.17,192,,,,,
JNE3667,1,0.16,"1,300",0.13,351.72,329.00,140.36,169,,,,,
JNE3668,1,0.13,"3,533",0.06,575.84,502.80,224.11,212,,,,,
JNE3669,1,0.24,"1,889",0.09,730.46,869.00,416.16,170,,,,,
JNE3670,1,0.21,"5,367",0.03,379.29,396.29,155.12,161,,,,,
JNE3671,1,0.07,531,0.42,635.39,648.67,261.26,223,,,,,
JNE3672,1,0.03,"2,967",0.06,682.07,618.80,335.58,178,,,,,
JNE3673,1,0.20,346,0.41,625.00,599.00,326.77,142,,,,,
JNE3674,1,0.02,291,0.58,"1,092.61",798.00,387.83,169,,,,,
JNE3675,1,0.08,"1,744",0.09,506.07,507.12,209.04,157,,,,,
JNE3676,1,0.23,196,0.79,382.27,417.00,159.36,155,,,,,
JNE3678,1,0.27,"1,978",0.09,493.71,508.50,266.67,178,,,,,
JNE3679,1,0.10,"1,533",0.12,426.32,422.40,189.66,184,,,,,
JNE3680,1,0.24,"2,288",0.08,522.54,552.57,268.13,183,,,,,
JNE3684,1,0.05,550,0.30,390.99,315.00,121.31,165,,,,,
JNE3686,1,0.08,"1,240",0.15,506.44,434.95,176.96,186,,,,,
JNE3687,1,0.13,407,0.45,444.12,457.50,186.42,183,,,,,
JNE3688,1,0.25,"1,400",0.13,611.09,693.80,326.31,182,,,,,
JNE3689,1,0.13,"3,400",0.05,541.41,469.91,225.31,170,,,,,
JNE3690,1,0.14,"2,750",0.06,524.78,490.53,246.99,165,,,,,
JNE3691,1,0.09,"2,629",0.07,872.22,911.25,492.45,184,,,,,
JNE3693,1,0.28,917,0.18,301.63,318.25,128.25,165,,,,,
JNE3695,1,0.16,157,0.90,261.47,293.00,120.66,141,,,,,
JNE3697,1,0.24,"3,417",0.06,455.17,456.83,173.62,205,,,,,
JNE3698,1,0.02,663,0.27,531.65,484.00,184.20,179,,,,,
JNE3700,1,0.24,"2,478",0.09,314.80,299.00,136.22,223,,,,,
JNE3701,1,0.03,"6,100",0.03,456.22,399.00,167.29,183,,,,,
JNE3702,1,0.18,975,0.16,334.67,350.50,136.48,156,,,,,
JNE3703,1,0.22,929,0.21,270.62,314.80,127.67,195,,,,,
JNE3704,1,0.23,975,0.20,429.27,481.86,244.76,195,,,,,
JNE3706,1,0.27,"2,512",0.08,397.68,401.50,190.07,201,,,,,
JNE3707,1,0.00,890,0.21,602.91,431.05,227.61,187,,,,,
JNE3708,1,0.10,"1,265",0.17,826.18,778.67,301.98,215,,,,,
JNE3709,1,0.06,"3,267",0.06,945.12,833.00,372.31,196,,,,,
JNE3710,1,0.22,"1,620",0.10,701.13,690.00,352.68,162,,,,,
JNE3712,1,0.13,"1,490",0.10,596.11,503.75,219.54,149,,,,,
JNE3713,1,0.27,"22,300",0.01,322.96,351.80,156.52,223,,,,,
JNE3714,1,0.21,"16,400",0.01,424.50,452.68,221.41,164,,,,,
JNE3715,1,0.09,"10,950",0.02,365.21,336.00,178.31,219,,,,,
JNE3716,1,0.11,"1,633",0.12,456.13,396.22,172.69,196,,,,,
JNE3717,1,0.29,"2,225",0.08,202.25,271.00,125.08,178,,,,,
JNE3718,1,0.18,"2,130",0.10,419.36,403.69,169.03,213,,,,,
JNE3719,1,0.07,944,0.16,435.79,399.00,184.17,151,,,,,
JNE3720,1,0.15,"4,675",0.04,583.58,517.00,209.45,187,,,,,
JNE3721,1,0.25,"3,117",0.06,263.99,325.15,148.33,187,,,,,
JNE3722,1,0.18,"2,350",0.08,287.32,279.00,126.84,188,,,,,
JNE3724,1,0.14,"1,425",0.12,518.08,494.46,198.26,171,,,,,
JNE3725,1,0.18,"3,550",0.04,462.04,442.00,212.78,142,,,,,
JNE3726,1,0.20,"1,492",0.12,298.85,348.25,183.60,179,,,,,
JNE3727,1,0.00,430,0.37,695.83,555.33,302.72,159,,,,,
JNE3728,1,0.21,"4,320",0.05,323.33,328.33,138.43,216,,,,,
JNE3729,1,0.24,"1,791",0.11,270.50,285.60,126.96,197,,,,,
JNE3732,1,0.01,96,1.79,645.53,517.00,222.47,172,,,,,
JNE3735,1,0.08,"1,194",0.16,488.92,413.00,212.20,191,,,,,
JNE3738,1,0.06,366,0.50,570.84,456.00,240.23,183,,,,,
JNE3739,1,0.20,"4,080",0.00,414.16,452.36,247.68,204,,,,,
JNE3740,1,0.08,80,2.56,368.27,299.00,146.63,204,,,,,
JNE3741,1,0.00,"1,500",0.13,447.48,365.47,164.36,195,,,,,
JNE3742,1,0.14,"1,820",0.10,398.26,430.00,207.83,182,,,,,
JNE3743,1,0.24,"1,219",0.16,274.17,337.00,160.29,195,,,,,
JNE3744,1,0.28,"1,373",0.11,629.12,748.75,296.72,151,,,,,
JNE3745,1,0.15,538,0.42,379.18,336.75,165.28,226,,,,,
JNE3748,1,0.06,"5,467",0.03,630.65,517.00,239.18,164,,,,,
JNE3749,1,0.01,635,0.26,631.44,481.00,200.47,165,,,,,
JNE3751,1,0.05,"1,129",0.14,381.55,326.25,157.44,158,,,,,
JNE3752,1,0.08,795,0.20,399.90,361.00,160.37,159,,,,,
JNE3753,1,0.14,265,0.55,472.74,499.00,201.30,146,,,,,
JNE3756,1,0.20,325,0.57,449.64,482.50,187.49,185,,,,,
JNE3757,1,0.02,184,0.79,568.67,482.80,253.47,145,,,,,
JNE3758,1,0.23,"10,650",0.02,294.81,354.18,139.01,213,,,,,
JNE3759,1,0.02,"8,000",0.02,551.23,499.00,232.70,160,,,,,
JNE3760,1,0.18,"2,433",0.06,446.12,432.00,218.63,146,,,,,
JNE3761,1,0.08,"1,450",0.12,407.63,338.88,159.93,174,,,,,
JNE3762,1,0.18,"1,047",0.19,377.54,329.00,126.14,199,,,,,
JNE3763,1,0.09,167,0.86,537.41,429.00,200.02,144,,,,,
JNE3764,1,0.22,"3,520",0.05,411.69,414.00,204.56,176,,,,,
JNE3765,1,0.13,"17,200",0.01,519.84,499.00,220.72,172,,,,,
JNE3766,1,0.01,788,0.25,640.05,508.00,258.66,197,,,,,
JNE3767,1,0.05,"4,540",0.05,605.45,481.00,258.35,227,,,,,
JNE3768,1,0.07,867,0.21,325.48,320.67,169.34,182,,,,,
JNE3769,1,0.26,686,0.21,426.92,483.40,255.35,144,,,,,
JNE3771,1,0.06,"2,257",0.07,539.43,427.00,223.82,158,,,,,
JNE3773,1,0.16,"1,890",0.10,275.57,277.00,145.81,189,,,,,
JNE3774,1,0.19,938,0.16,479.98,474.00,209.06,150,,,,,
JNE3775,1,0.10,"1,900",0.08,350.72,310.33,161.09,152,,,,,
JNE3776,1,0.17,"1,440",0.10,256.94,277.75,136.44,144,,,,,
JNE3778,1,0.27,511,0.36,390.30,454.33,180.62,184,,,,,
JNE3779,1,0.08,"1,136",0.14,460.26,428.67,201.23,159,,,,,
JNE3781,1,0.01,"1,321",0.14,417.15,397.82,173.66,185,,,,,
JNE3782,1,0.08,"19,500",0.01,472.57,485.29,252.69,195,,,,,
JNE3783,1,0.08,128,1.19,548.32,444.42,229.90,152,,,,,
JNE3784,1,0.09,62,2.36,471.42,452.21,245.58,146,,,,,
JNE3785,1,0.06,111,1.68,415.66,359.11,187.20,187,,,,,
JNE3786,1,0.15,"1,844",0.09,363.93,370.83,186.40,166,,,,,
JNE3787,1,0.14,"16,100",0.01,574.69,484.50,251.90,161,,,,,
JNE3789,1,0.23,800,0.22,335.42,381.86,204.26,176,,,,,
JNE3790,1,0.29,"1,000",0.16,269.32,316.00,167.32,160,,,,,
JNE3791,1,0.10,"2,371",0.07,608.74,499.00,235.36,166,,,,,
JNE3792,1,0.28,"1,636",0.14,413.41,427.00,219.87,229,,,,,
JNE3793,1,0.26,"3,183",0.06,303.67,368.00,179.61,191,,,,,
JNE3794,1,0.21,"2,388",0.08,519.79,494.37,229.59,191,,,,,
JNE3795,1,0.01,"8,850",0.02,602.31,502.65,217.46,177,,,,,
JNE3796,1,0.17,"3,320",0.00,353.46,349.33,189.80,166,,,,,
JNE3797,1,0.23,894,0.18,611.76,724.43,299.99,161,,,,,
JNE3798,1,0.11,"1,382",0.11,709.72,739.60,327.83,152,,,,,
JNE3799,1,0.10,"6,467",0.03,769.43,655.22,351.26,194,,,,,
JNE3800,1,0.15,"1,467",0.12,779.90,749.76,301.02,176,,,,,
JNE3801,1,0.00,"18,400",0.01,867.25,720.97,283.67,184,,,,,
JNE3802,1,0.14,"2,157",0.07,457.60,407.63,219.97,151,,,,,
JNE3803,1,0.08,"6,100",0.03,489.47,403.69,203.03,183,,,,,
JNE3804,1,0.06,"1,591",0.11,470.79,453.00,187.06,175,,,,,
JNE3805,1,0.25,294,0.54,429.30,453.00,191.53,159,,,,,
JNE3806,1,0.13,"1,609",0.11,516.49,540.98,280.57,177,,,,,
JNE3807,1,0.06,"1,836",0.11,807.81,654.52,336.69,202,,,,,
JNE3810,1,0.21,"20,700",0.01,703.76,696.00,338.97,207,,,,,
JNE3813,1,0.06,"4,175",0.04,818.08,628.45,293.88,167,,,,,
JNE3816,1,0.03,"2,222",0.09,602.66,578.42,257.34,200,,,,,
JNE3817,1,0.27,"22,700",0.01,403.71,516.86,251.86,227,,,,,
JNE3818,1,0.12,"2,771",0.07,554.99,549.00,258.78,194,,,,,
JNE3820,1,0.00,"1,163",0.19,607.71,532.33,225.14,221,,,,,
JNE3821,1,0.20,"1,912",0.08,492.76,542.00,294.72,153,,,,,
JNE3822,1,0.16,"1,664",0.11,556.61,484.67,245.77,183,,,,,
JNE3823,1,0.07,"17,700",0.01,566.52,535.60,229.63,177,,,,,
JNE3825,1,0.29,"2,557",0.07,405.73,499.00,198.51,179,,,,,
JNE3833,1,0.04,"2,000",0.08,681.68,539.67,249.87,160,,,,,
JNE3834,1,0.01,186,0.90,638.78,534.40,245.58,167,,,,,
JNE3835,1,0.25,"2,783",0.06,536.34,541.00,287.69,167,,,,,
JNE3836,1,0.15,"3,875",0.04,574.35,629.81,298.49,155,,,,,
JNE3837,1,0.02,796,0.26,751.41,628.14,288.60,207,,,,,
JNE3838,1,0.12,356,0.43,446.97,478.38,243.39,153,,,,,
JNE3856,1,0.09,"4,220",0.00,532.70,546.11,275.36,211,,,,,
JNE3860,1,0.15,109,1.72,844.89,727.00,353.22,187,,,,,
JNE3861,1,0.14,"3,129",0.07,801.87,848.62,463.84,219,,,,,
JNE3863,1,0.25,"1,956",0.09,607.78,655.45,324.61,176,,,,,
JNE3864,1,0.01,"4,040",0.05,707.98,599.00,307.92,202,,,,,
JNE3865,1,0.16,"1,933",0.09,706.11,717.50,354.68,174,,,,,
JNE3866,1,0.00,"1,746",0.13,"1,197.05",877.00,464.49,227,,,,,
JNE3869,1,0.25,436,0.39,700.09,882.58,351.81,170,,,,,
JNE3870,1,0.27,92,2.18,831.21,887.95,398.77,200,,,,,
JNE3878,1,0.09,"2,190",0.10,609.08,482.50,209.67,219,,,,,
JNE3879,1,0.15,"1,770",0.10,"1,000.90",945.00,392.97,177,,,,,
JNE3880,1,0.23,"2,110",0.10,732.07,690.00,321.03,211,,,,,
JNE3881,1,0.11,"1,064",0.14,784.39,825.00,441.56,149,,,,,
JNE3885,1,0.17,"3,700",0.04,582.98,587.00,269.25,148,,,,,
JNE3887,1,0.05,819,0.26,633.06,584.00,262.94,213,,,,,
JNE3895,1,0.26,"2,112",0.08,"1,003.97","1,039.00",439.78,169,,,,,
MEN5001,1,0.22,"5,275",0.04,552.33,508.18,242.21,211,,,,,
MEN5002,1,0.04,"1,477",0.13,559.84,511.65,270.31,192,,,,,
MEN5003,1,0.30,"1,700",0.10,452.10,504.99,253.38,170,,,,,
MEN5004,1,0.17,"3,440",0.05,438.52,472.01,230.47,172,,,,,
MEN5005,1,0.03,"17,800",0.01,540.09,446.20,196.41,178,,,,,
MEN5006,1,0.04,771,0.21,567.39,487.50,220.82,162,,,,,
MEN5007,1,0.17,"2,110",0.10,558.34,483.89,236.85,211,,,,,
MEN5008,1,0.12,726,0.23,550.74,495.53,189.44,167,,,,,
MEN5009,1,0.29,"2,250",0.08,411.24,494.07,220.86,180,,,,,
MEN5010,1,0.19,"6,400",0.03,407.87,462.00,235.47,192,,,,,
MEN5011,1,0.00,"1,200",0.13,506.68,459.39,244.72,156,,,,,
MEN5012,1,0.11,"6,767",0.03,508.71,506.33,265.33,203,,,,,
MEN5013,1,0.11,"2,286",0.07,498.80,492.55,250.31,160,,,,,
MEN5014,1,0.01,"2,012",0.08,656.95,492.38,257.36,161,,,,,
MEN5015,1,0.05,85,2.09,515.68,435.50,225.71,177,,,,,
MEN5016,1,0.06,"16,300",0.01,573.80,495.00,248.26,163,,,,,
MEN5017,1,0.06,861,0.18,577.35,563.40,293.26,155,,,,,
MEN5018,1,0.10,876,0.25,527.92,434.17,172.60,219,,,,,
MEN5019,1,0.18,"1,720",0.10,505.62,473.23,253.82,172,,,,,
MEN5020,1,0.18,"1,862",0.08,395.60,449.33,207.07,149,,,,,
MEN5021,1,0.04,"2,717",0.06,614.64,493.36,236.93,163,,,,,
MEN5022,1,0.30,779,0.19,441.85,508.94,194.92,148,,,,,
MEN5023,1,0.02,"16,100",0.01,576.57,545.46,289.61,161,,,,,
MEN5024,1,0.20,"10,650",0.02,427.52,441.50,212.96,213,,,,,
MEN5025,1,0.05,"1,300",0.13,625.27,539.65,207.87,169,,,,,
MEN5026,1,0.15,"2,750",0.06,414.82,440.44,177.44,165,,,,,
MEN5027,1,0.20,"2,662",0.08,537.05,486.11,199.84,213,,,,,
MEN5028,1,0.15,"4,260",0.05,525.46,458.77,232.21,213,,,,,
MEN5029,1,0.17,"2,586",0.07,312.29,293.00,152.64,181,,,,,
MEN5030,1,0.20,"22,100",0.01,435.86,449.60,196.17,221,,,,,
MEN5031,1,0.22,"16,900",0.01,438.01,470.27,184.35,169,,,,,
MEN5032,1,0.19,"1,167",0.18,577.76,558.19,254.17,210,,,,,
NW001,1,0.27,"1,818",0.11,566.00,624.82,282.93,200,,,,,
NW002,1,0.02,"1,862",0.08,519.93,495.00,248.69,149,,,,,
NW003,1,0.05,826,0.19,594.46,509.00,213.37,157,,,,,
NW004,1,0.14,"1,700",0.13,570.86,498.25,258.19,221,,,,,
NW005,1,0.06,"3,233",0.06,681.72,599.00,296.49,194,,,,,
NW007,1,0.20,"2,200",0.08,623.82,730.00,348.70,176,,,,,
NW008,1,0.26,"2,571",0.07,657.03,670.00,310.68,180,,,,,
NW009,1,0.25,"2,214",0.07,492.45,586.00,298.15,155,,,,,
NW012,1,0.27,735,0.23,310.83,373.33,198.05,169,,,,,
NW013,1,0.27,590,0.30,400.27,495.03,220.88,177,,,,,
NW014,1,0.16,214,0.79,572.06,584.29,292.69,169,,,,,
NW015,1,0.02,159,1.04,818.24,635.00,286.51,165,,,,,
NW016,1,0.27,648,0.29,335.70,373.33,195.54,188,,,,,
NW020,1,0.01,"1,623",0.13,733.66,660.67,309.33,211,,,,,
NW022,1,0.02,"1,135",0.17,861.57,647.75,297.62,193,,,,,
NW023,1,0.29,"7,750",0.02,673.89,699.00,378.29,155,,,,,
NW024,1,0.04,"2,786",0.07,762.10,586.00,288.77,195,,,,,
NW027,1,0.13,566,0.41,604.55,613.00,323.14,232,,,,,
NW028,1,0.17,581,0.31,564.46,563.00,303.58,180,,,,,
NW029,1,0.24,"1,708",0.13,515.20,486.04,185.52,222,,,,,
NW030,1,0.22,"1,189",0.18,689.94,670.00,331.78,214,,,,,
NW031,1,0.08,783,0.23,648.86,665.67,274.47,180,,,,,
NW032,1,0.18,"2,433",0.09,454.81,517.00,261.97,219,,,,,
NW033,1,0.22,"1,940",0.10,550.37,582.00,252.67,194,,,,,
NW034,1,0.24,"1,573",0.11,733.10,705.00,296.64,173,,,,,
NW035,1,0.18,"4,875",0.04,709.91,699.00,313.67,195,,,,,
NW037,1,0.14,"1,880",0.10,516.56,490.64,230.52,188,,,,,
NW039,1,0.12,"5,625",0.04,476.86,498.56,239.30,225,,,,,
PJ0096,1,0.06,"2,329",0.07,829.64,689.60,338.38,163,,,,,
PJNE1906,1,0.28,"11,600",0.02,435.35,452.00,177.17,232,,,,,
PJNE2014,1,0.26,"3,200",0.07,413.25,472.00,192.95,224,,,,,
PJNE2100,1,0.27,53,3.38,436.92,452.92,174.80,179,,,,,
PJNE2171,1,0.20,503,0.33,"1,082.30",975.00,515.65,166,,,,,
PJNE2199,1,0.24,"4,125",0.04,356.65,418.50,178.18,165,,,,,
PJNE2270,1,0.03,571,0.31,816.98,683.00,266.70,177,,,,,
PJNE3068,1,0.10,"2,812",0.08,707.21,683.00,354.61,225,,,,,
PJNE3252,1,0.30,"20,200",0.01,523.17,563.00,303.29,202,,,,,
PJNE3291,1,0.29,"1,271",0.14,461.08,518.63,219.91,178,,,,,
PJNE3363,1,0.12,327,0.60,499.97,446.62,202.02,196,,,,,
PJNE3364,1,0.19,"3,860",0.00,484.10,449.61,182.94,193,,,,,
PJNE3368,1,0.01,"3,840",0.00,594.24,505.00,265.75,192,,,,,
PJNE3373,1,0.00,"1,138",0.13,738.35,538.83,223.51,148,,,,,
PJNE3399,1,0.24,133,1.52,418.77,445.60,229.81,202,,,,,
PJNE3404,1,0.16,"1,480",0.10,432.48,465.81,243.24,148,,,,,
PJNE3405,1,0.13,402,0.47,542.16,481.75,251.51,189,,,,,
PJNE3423,1,0.15,995,0.20,594.72,527.00,216.87,199,,,,,
PJNE3440,1,0.09,"2,557",0.07,554.31,524.72,229.26,179,,,,,
PJNE3568,1,0.25,"1,075",0.16,457.65,452.00,208.41,172,,,,,
PJNE3607,1,0.02,"1,157",0.14,507.45,378.75,185.21,162,,,,,
PSET043,1,0.09,"5,500",0.03,"1,125.10","1,078.00",432.14,165,,,,,
PSET058,1,0.29,"1,169",0.16,862.21,871.00,420.94,187,,,,,
PSET264,1,0.14,"2,960",0.05,791.92,837.69,344.44,148,,,,,
PSET268,1,0.08,"1,345",0.11,932.00,903.94,429.68,148,,,,,
SAR 26.00,1,0.15,"1,758",0.12,748.37,790.00,383.88,211,,,,,
SAR 29.00,1,0.06,"4,120",0.05,830.17,648.00,305.43,206,,,,,
SAR 34.00,1,0.03,"10,017",0.06,980.10,790.00,394.02,601,,,,,
SAR 49.00,1,0.08,"1,450",0.12,606.96,598.00,252.90,174,,,,,
SAR 62.00,1,0.01,"1,642",0.12,"1,071.08",898.50,417.39,197,,,,,
SAR 107.00,1,0.01,"2,900",0.06,705.27,563.00,287.42,174,,,,,
SAR 109.00,1,0.18,"7,233",0.03,498.23,563.00,223.55,217,,,,,
SAR 132.00,1,0.22,"8,600",0.02,686.81,648.00,314.11,172,,,,,
SAR 137.00,1,0.18,"4,900",0.04,676.81,620.00,283.71,196,,,,,
SET004,1,0.24,"2,122",0.09,634.02,680.00,269.21,191,,,,,
SET014,1,0.25,"1,936",0.11,884.12,849.00,376.85,213,,,,,
SET034,1,0.28,158,1.14,475.42,552.00,292.63,180,,,,,
SET037,1,0.16,"3,940",0.05,516.56,441.00,172.09,197,,,,,
SET038,1,0.15,333,0.49,638.36,585.00,259.32,163,,,,,
SET043,1,0.26,"1,019",0.21,702.08,745.80,367.73,214,,,,,
SET044,1,0.05,395,0.44,580.25,551.21,290.12,174,,,,,
SET048,1,0.24,819,0.26,665.40,644.40,267.44,213,,,,,
SET053,1,0.29,"1,287",0.15,510.19,599.00,266.31,193,,,,,
SET055,1,0.25,"2,662",0.08,464.68,559.79,257.12,213,,,,,
SET058,1,0.01,444,0.41,731.72,700.97,279.01,182,,,,,
SET062,1,0.10,"1,650",0.10,763.06,680.50,283.05,165,,,,,
SET073,1,0.23,"3,017",0.06,710.84,747.75,391.98,181,,,,,
SET075,1,0.09,"4,000",0.00,760.52,642.00,319.08,200,,,,,
SET085,1,0.05,"1,944",0.09,516.11,399.00,202.59,175,,,,,
SET087,1,0.04,"6,533",0.03,957.08,925.00,391.76,196,,,,,
SET091,1,0.09,"19,800",0.01,590.68,497.00,270.52,198,,,,,
SET097,1,0.02,"9,550",0.02,880.27,805.17,364.84,191,,,,,
SET098,1,0.18,"1,875",0.08,812.27,733.57,308.38,150,,,,,
SET100,1,0.15,"1,625",0.12,893.39,786.32,315.27,195,,,,,
SET110,1,0.07,237,0.70,849.75,737.29,362.63,166,,,,,
SET112,1,0.25,"2,857",0.07,751.88,772.00,316.82,200,,,,,
SET116,1,0.21,"6,533",0.03,539.31,588.50,312.61,196,,,,,
SET128,1,0.14,789,0.19,"1,174.02","1,123.66",456.32,150,,,,,
SET130,1,0.05,262,0.76,634.08,499.00,263.64,199,,,,,
SET131,1,0.27,"2,250",0.10,501.14,567.00,273.56,225,,,,,
SET132,1,0.28,"1,162",0.13,458.62,542.00,224.64,151,,,,,
SET136,1,0.27,437,0.43,635.65,712.00,373.45,188,,,,,
SET138,1,0.09,989,0.19,890.64,730.45,373.28,188,,,,,
SET139,1,0.08,437,0.43,500.45,466.00,199.08,188,,,,,
SET144,1,0.29,989,0.19,585.69,742.62,317.54,188,,,,,
SET145,1,0.09,"2,386",0.07,808.15,683.55,301.45,167,,,,,
SET147,1,0.25,"2,362",0.08,683.44,680.50,294.00,189,,,,,
SET153,1,0.01,75,2.60,488.30,454.50,208.04,195,,,,,
SET155,1,0.18,309,0.69,414.71,446.00,226.21,213,,,,,
SET158,1,0.14,"4,340",0.05,740.51,783.00,384.63,217,,,,,
SET165,1,0.26,752,0.27,491.66,567.00,294.35,203,,,,,
SET171,1,0.16,"1,436",0.11,750.13,739.48,292.51,158,,,,,
SET172,1,0.15,"1,900",0.08,"1,010.33",905.90,408.40,152,,,,,
SET179,1,0.20,"2,109",0.11,507.89,496.80,239.39,232,,,,,
SET182,1,0.26,"3,925",0.04,569.70,607.47,286.40,157,,,,,
SET183,1,0.23,"2,138",0.08,629.75,697.03,271.12,171,,,,,
SET184,1,0.01,"1,215",0.13,724.15,544.04,285.04,158,,,,,
SET185,1,0.23,593,0.27,846.64,905.00,407.56,160,,,,,
SET186,1,0.17,793,0.27,"1,022.56",884.63,410.47,214,,,,,
SET187,1,0.10,"4,000",0.00,685.71,599.00,267.19,200,,,,,
SET188,1,0.17,835,0.20,628.01,691.50,378.20,167,,,,,
SET192,1,0.04,"1,113",0.15,882.55,714.50,287.04,167,,,,,
SET193,1,0.06,"2,175",0.08,834.69,763.00,298.74,174,,,,,
SET194,1,0.23,"4,525",0.04,611.97,616.00,279.62,181,,,,,
SET195,1,0.22,"1,509",0.11,609.13,726.88,313.70,166,,,,,
SET196,1,0.27,"2,100",0.09,644.89,795.00,312.57,189,,,,,
SET197,1,0.11,"2,388",0.08,887.65,739.06,317.62,191,,,,,
SET198,1,0.04,630,0.33,587.71,542.00,284.05,208,,,,,
SET200,1,0.04,761,0.23,725.85,563.00,254.49,175,,,,,
SET201,1,0.18,"2,100",0.08,556.85,591.67,264.39,168,,,,,
SET203,1,0.29,"1,167",0.15,404.98,447.36,213.79,175,,,,,
SET204,1,0.14,662,0.29,510.26,458.89,194.94,192,,,,,
SET205,1,0.20,850,0.28,392.43,399.00,156.07,238,,,,,
SET206,1,0.22,"1,956",0.09,471.03,522.00,204.97,176,,,,,
SET209,1,0.24,"1,888",0.08,479.52,561.13,265.61,151,,,,,
SET210,1,0.26,"2,938",0.08,449.83,572.60,303.91,235,,,,,
SET217,1,0.11,676,0.29,821.19,797.91,305.26,196,,,,,
SET218,1,0.27,"8,700",0.02,666.44,714.00,290.87,174,,,,,
SET219,1,0.05,"3,500",0.05,866.88,662.00,350.07,175,,,,,
SET220,1,0.19,"1,750",0.10,"1,185.65","1,080.33",425.06,175,,,,,
SET221,1,0.02,"1,414",0.14,922.32,714.00,287.11,198,,,,,
SET223,1,0.08,"3,083",0.06,777.17,637.09,294.20,185,,,,,
SET224,1,0.19,266,0.68,"1,375.52","1,323.86",595.05,181,,,,,
SET227,1,0.10,"1,783",0.12,582.74,567.43,273.60,214,,,,,
SET228,1,0.11,361,0.46,440.59,362.00,195.73,166,,,,,
SET229,1,0.10,"1,013",0.15,872.83,754.86,372.16,152,,,,,
SET230,1,0.08,"16,700",0.01,911.44,795.00,328.74,167,,,,,
SET232,1,0.21,246,0.71,429.23,499.00,274.06,175,,,,,
SET233,1,0.12,"1,570",0.10,592.34,557.92,275.23,157,,,,,
SET236,1,0.17,"11,850",0.02,683.37,679.81,327.88,237,,,,,
SET239,1,0.24,637,0.27,628.39,611.29,280.37,172,,,,,
SET240,1,0.07,"1,493",0.15,763.85,661.67,260.45,224,,,,,
SET242,1,0.18,"1,823",0.13,580.16,598.00,293.69,237,,,,,
SET244,1,0.05,"1,660",0.10,"1,056.51",799.00,392.32,166,,,,,
SET245,1,0.29,624,0.29,656.29,849.00,360.51,181,,,,,
SET246,1,0.27,"2,022",0.09,407.79,466.33,220.63,182,,,,,
SET247,1,0.08,"2,471",0.07,691.04,705.48,361.07,173,,,,,
SET248,1,0.12,"2,022",0.09,691.13,600.00,283.85,182,,,,,
SET249,1,0.01,"9,600",0.02,970.01,714.50,375.87,192,,,,,
SET250,1,0.28,"2,457",0.07,582.32,704.50,366.35,172,,,,,
SET251,1,0.00,"1,500",0.11,982.00,727.18,338.34,165,,,,,
SET252,1,0.05,"2,633",0.09,811.38,741.22,354.88,237,,,,,
SET253,1,0.09,"1,031",0.16,926.09,743.50,293.29,165,,,,,
SET254,1,0.15,"1,250",0.14,"1,012.27",906.40,442.68,175,,,,,
SET257,1,0.25,"2,462",0.08,550.95,551.62,248.94,197,,,,,
SET258,1,0.19,614,0.35,748.31,874.60,387.02,215,,,,,
SET260,1,0.26,"4,525",0.04,586.06,571.00,312.78,181,,,,,
SET261,1,0.12,470,0.37,517.66,451.00,197.18,174,,,,,
SET264,1,0.13,837,0.19,747.25,742.57,385.94,159,,,,,
SET265,1,0.06,"2,857",0.07,"1,078.74",856.23,331.03,200,,,,,
SET266,1,0.19,"1,171",0.17,681.92,733.00,384.63,199,,,,,
SET267,1,0.11,"1,670",0.10,"1,022.29",847.42,406.35,167,,,,,
SET268,1,0.16,417,0.47,652.27,712.79,381.69,196,,,,,
SET269,1,0.02,667,0.30,"1,024.53",806.48,306.89,200,,,,,
SET270,1,0.03,"4,000",0.00,677.36,563.50,261.82,200,,,,,
SET271,1,0.14,"2,371",0.07,826.20,886.43,397.82,166,,,,,
SET272,1,0.24,832,0.25,719.89,834.81,449.63,208,,,,,
SET273,1,0.09,"2,522",0.09,577.59,602.00,254.35,227,,,,,
SET274,1,0.08,392,0.60,755.05,676.00,347.68,235,,,,,
SET275,1,0.30,928,0.18,362.08,447.67,177.87,167,,,,,
SET276,1,0.08,"2,288",0.08,"1,434.43","1,238.00",637.73,183,,,,,
SET277,1,0.01,"4,550",0.04,"1,542.87","1,350.44",698.97,182,,,,,
SET278,1,0.23,"8,700",0.02,"1,318.96","1,483.10",806.49,174,,,,,
SET279,1,0.06,"2,188",0.08,"1,086.81",882.50,414.55,175,,,,,
SET280,1,0.21,861,0.23,655.88,778.20,353.28,198,,,,,
SET281,1,0.01,"1,980",0.10,674.82,499.00,268.88,198,,,,,
SET282,1,0.01,"21,500",0.01,"1,427.10","1,069.14",447.07,215,,,,,
SET285,1,0.01,"1,000",0.15,630.79,496.33,234.74,150,,,,,
SET286,1,0.05,"3,460",0.05,787.41,659.06,303.73,173,,,,,
SET287,1,0.23,431,0.42,581.55,554.40,263.38,181,,,,,
SET288,1,0.27,"9,600",0.02,562.52,691.19,333.06,192,,,,,
SET289,1,0.16,"1,875",0.08,602.87,666.00,302.94,150,,,,,
SET290,1,0.18,"1,557",0.14,680.04,731.43,382.99,218,,,,,
SET291,1,0.08,"4,950",0.04,675.42,552.78,286.93,198,,,,,
SET293,1,0.10,"3,520",0.05,652.98,683.09,275.62,176,,,,,
SET295,1,0.20,410,0.42,749.38,747.00,290.70,172,,,,,
SET297,1,0.04,"4,160",0.00,"1,035.04",771.00,375.12,208,,,,,
SET300,1,0.16,"4,525",0.04,"1,132.44",999.00,503.47,181,,,,,
SET303,1,0.13,534,0.44,948.25,884.33,389.57,235,,,,,
SET304,1,0.12,"1,833",0.09,"1,090.24","1,155.40",555.19,165,,,,,
SET305,1,0.29,"16,500",0.01,884.23,928.71,506.78,165,,,,,
SET306,1,0.01,"2,600",0.08,862.24,691.43,361.93,208,,,,,
SET307,1,0.27,"2,571",0.07,582.18,731.50,313.29,180,,,,,
SET308,1,0.18,592,0.38,614.45,692.00,303.08,225,,,,,
SET310,1,0.23,"20,700",0.01,"1,293.88","1,228.00",669.74,207,,,,,
SET313,1,0.18,"3,283",0.06,997.25,947.00,485.11,197,,,,,
SET315,1,0.09,"1,900",0.08,"1,039.12",852.00,435.13,152,,,,,
SET316,1,0.24,"1,973",0.11,"1,192.56","1,155.80",503.67,217,,,,,
SET317,1,0.02,58,4.08,"1,459.12","1,191.00",651.06,235,,,,,
SET318,1,0.24,"2,000",0.08,893.77,955.25,508.48,160,,,,,
SET319,1,0.00,354,0.67,"1,015.69",845.95,350.23,237,,,,,
SET320,1,0.17,"1,650",0.10,820.73,851.76,442.61,165,,,,,
SET321,1,0.19,"3,620",0.05,904.30,928.71,407.74,181,,,,,
SET322,1,0.06,"3,780",0.00,"1,376.18","1,108.38",564.73,189,,,,,
SET323,1,0.09,"1,250",0.14,"1,088.70",949.00,505.91,175,,,,,
SET324,1,0.18,416,0.49,654.15,585.55,297.85,204,,,,,
SET325,1,0.27,318,0.60,576.35,655.10,279.87,191,,,,,
SET326,1,0.07,"10,000",0.02,773.74,659.00,266.59,200,,,,,
SET327,1,0.27,"1,213",0.15,786.17,847.35,346.45,182,,,,,
SET328,1,0.19,"1,660",0.10,641.83,630.33,304.12,166,,,,,
SET329,1,0.27,673,0.26,623.24,658.80,287.52,175,,,,,
SET330,1,0.27,"19,700",0.01,543.45,657.00,338.46,197,,,,,
SET331,1,0.16,"3,340",0.05,608.16,588.94,294.57,167,,,,,
SET332,1,0.09,65,3.46,542.79,549.00,218.29,225,,,,,
SET333,1,0.08,"21,500",0.01,"1,021.79",937.58,513.60,215,,,,,
SET334,1,0.06,263,0.90,753.87,657.00,351.80,237,,,,,
SET336,1,0.15,"3,460",0.05,928.67,854.70,439.88,173,,,,,
SET337,1,0.06,"17,500",0.01,"1,135.96",874.00,476.76,175,,,,,
SET339,1,0.09,"4,800",0.04,739.26,644.62,334.66,192,,,,,
SET340,1,0.26,"3,520",0.05,759.19,783.00,353.04,176,,,,,
SET341,1,0.02,690,0.29,"1,116.66",928.50,444.16,200,,,,,
SET342,1,0.17,"1,582",0.11,956.26,905.80,360.73,174,,,,,
SET343,1,0.06,"1,257",0.14,910.20,900.89,370.30,176,,,,,
SET344,1,0.27,638,0.26,763.77,918.55,451.82,166,,,,,
SET345,1,0.09,"3,660",0.05,677.77,632.98,320.22,183,,,,,
SET346,1,0.03,654,0.24,"1,073.99",911.00,442.25,157,,,,,
SET347,1,0.01,"2,188",0.08,838.20,794.27,357.14,175,,,,,
SET348,1,0.26,"2,471",0.07,782.04,961.60,485.06,173,,,,,
SET349,1,0.29,"2,171",0.07,750.41,921.55,409.07,152,,,,,
SET350,1,0.16,"1,773",0.11,"1,537.60","1,316.86",632.62,195,,,,,
SET351,1,0.13,520,0.40,607.62,599.00,273.24,208,,,,,
SET353,1,0.24,"2,400",0.08,822.49,888.00,422.56,192,,,,,
SET355,1,0.00,"1,933",0.09,"1,590.14","1,421.50",710.67,174,,,,,
SET356,1,0.18,249,0.67,"1,150.11","1,109.83",431.46,167,,,,,
SET358,1,0.30,385,0.48,814.10,"1,012.85",425.59,185,,,,,
SET359,1,0.09,"1,477",0.13,"1,113.02","1,089.67",573.36,192,,,,,
SET360,1,0.15,"1,442",0.12,"1,147.39","1,096.75",441.29,173,,,,,
SET361,1,0.10,"4,325",0.04,"1,069.81","1,130.00",527.86,173,,,,,
SET363,1,0.22,"1,392",0.12,"1,045.62","1,273.44",506.74,167,,,,,
SET364,1,0.29,"4,340",0.05,899.27,"1,124.17",465.43,217,,,,,
SET365,1,0.07,"4,360",0.05,"1,058.76","1,071.13",511.69,218,,,,,
SET366,1,0.13,343,0.46,960.96,"1,015.39",554.59,158,,,,,
SET369,1,0.01,865,0.20,"1,329.36","1,149.05",579.50,173,,,,,
SET373,1,0.17,"7,833",0.03,993.08,899.00,411.67,235,,,,,
SET374,1,0.16,717,0.24,631.65,601.47,266.04,172,,,,,
SET375,1,0.09,"4,700",0.05,771.79,689.85,349.17,235,,,,,
SET376,1,0.16,"2,088",0.08,630.66,651.32,342.80,167,,,,,
SET377,1,0.17,"1,778",0.09,"1,383.71","1,211.47",494.36,160,,,,,
SET378,1,0.13,795,0.22,"1,290.88","1,247.96",477.53,175,,,,,
SET380,1,0.20,"1,518",0.11,854.31,988.35,455.26,167,,,,,
SET383,1,0.29,"5,000",0.04,600.51,668.09,347.95,200,,,,,
SET384,1,0.11,"2,100",0.08,580.39,598.36,301.40,168,,,,,
SET385,1,0.03,943,0.21,708.39,623.75,341.11,198,,,,,
SET386,1,0.15,703,0.31,702.08,672.85,265.48,218,,,,,
SET388,1,0.11,793,0.30,"1,488.88","1,233.72",653.85,238,,,,,
SET389,1,0.02,"4,300",0.05,791.93,660.89,298.71,215,,,,,
SET390,1,0.23,"4,680",0.00,996.76,999.00,502.91,234,,,,,
SET392,1,0.29,"1,308",0.12,744.22,750.06,341.87,157,,,,,
SET393,1,0.25,727,0.22,745.25,906.61,398.24,160,,,,,
SET394,1,0.09,"18,100",0.01,"1,346.22","1,290.71",527.83,181,,,,,
SET395,1,0.15,"2,412",0.08,926.67,917.60,472.48,193,,,,,
SET396,1,0.09,"3,500",0.05,"1,265.47","1,161.14",636.46,175,,,,,
SET397,1,0.11,"2,871",0.07,"1,231.45","1,158.98",610.47,201,,,,,
SET398,1,0.01,"4,525",0.04,"1,530.77","1,130.56",448.83,181,,,,,
SET400,1,0.14,"19,800",0.01,"1,401.88","1,254.00",503.40,198,,,,,
SET402,1,0.20,"2,370",0.10,938.89,929.40,416.78,237,,,,,
SET403,1,0.10,988,0.17,"1,280.13","1,228.00",550.04,168,,,,,
SET405,1,0.06,914,0.21,908.23,721.94,315.45,192,,,,,
SET408,1,0.09,"1,035",0.20,754.55,599.00,311.59,207,,,,,
SET413,1,0.11,"1,179",0.14,"1,004.79",844.14,333.06,165,,,,,
AN202,2,0.24,"3,480",0.05,182.84,229.00,88.94,174,,,,,
AN208,2,0.18,"4,500",0.04,239.00,229.00,119.88,180,,,,,
AN213,2,0.26,"1,944",0.09,180.97,229.00,123.69,175,,,,,
BL003,2,0.10,"4,350",0.04,429.96,419.00,168.75,174,,,,,
BL008,2,0.05,"3,140",0.05,344.86,339.00,145.64,157,,,,,
BL013,2,0.13,"1,655",0.11,408.22,372.00,178.12,182,,,,,
BL020,2,0.20,957,0.21,432.51,419.00,203.16,201,,,,,
BL021,2,0.26,"2,729",0.07,337.99,419.00,193.49,191,,,,,
BL025,2,0.25,"1,338",0.13,340.20,383.00,207.59,174,,,,,
BL086,2,0.27,"3,620",0.00,334.39,378.67,197.56,181,,,,,
BL087,2,0.08,"2,486",0.07,499.02,460.00,195.29,174,,,,,
BL096,2,0.30,"3,017",0.06,175.11,229.00,122.73,181,,,,,
BL100,2,0.25,"3,360",0.05,232.45,259.00,115.89,168,,,,,
BL101,2,0.15,"4,740",0.00,277.88,249.00,126.56,237,,,,,
BL102,2,0.08,124,1.56,256.12,259.00,123.43,193,,,,,
BL104,2,0.00,759,0.22,531.49,493.00,219.87,167,,,,,
BL107,2,0.24,"2,140",0.10,284.67,319.00,167.89,214,,,,,
BL109,2,0.07,"9,850",0.02,664.61,518.00,259.17,197,,,,,
BL110,2,0.15,580,0.30,359.07,329.00,160.46,174,,,,,
BL111,2,0.16,933,0.18,302.83,280.00,132.29,168,,,,,
BL113,2,0.15,"1,354",0.13,328.72,328.67,136.90,176,,,,,
BTM026,2,0.12,"1,433",0.15,573.35,518.00,250.62,215,,,,,
BTM029,2,0.09,"4,900",0.04,496.62,518.00,267.32,196,,,,,
BTM032,2,0.02,"1,744",0.09,370.41,297.00,133.44,157,,,,,
BTM033,2,0.29,"2,133",0.09,288.82,297.00,161.00,192,,,,,
BTM036,2,0.29,"5,375",0.04,323.18,360.00,160.82,215,,,,,
BTM039,2,0.03,"1,408",0.13,710.17,540.00,209.89,183,,,,,
BTM040,2,0.19,"1,469",0.16,364.23,345.00,133.12,235,,,,,
BTM041,2,0.08,"2,586",0.07,346.66,345.00,142.34,181,,,,,
BTM042,2,0.22,933,0.24,350.51,329.00,163.91,224,,,,,
BTM043,2,0.19,"2,550",0.06,327.74,377.00,201.09,153,,,,,
BTM045,2,0.28,"16,800",0.01,307.24,345.00,172.82,168,,,,,
BTM046,2,0.01,374,0.53,0.00,0.00,0.00,198,,,,,
BTM047,2,0.29,"2,488",0.08,258.20,345.00,163.94,199,,,,,
BTM048,2,0.17,860,0.20,342.96,345.00,147.58,172,,,,,
CH208,2,0.26,"1,820",0.10,232.98,273.00,136.36,182,,,,,
J0001,2,0.29,"1,970",0.10,597.73,690.00,321.42,197,,,,,
J0002,2,0.19,"1,129",0.14,"1,100.76","1,085.41",590.63,158,,,,,
J0003,2,0.15,"4,360",0.05,593.81,655.77,259.30,218,,,,,
J0004,2,0.25,553,0.43,938.32,"1,144.58",579.17,238,,,,,
J0005,2,0.01,"1,600",0.14,"1,133.37",919.15,402.01,224,,,,,
J0006,2,0.01,"1,059",0.17,977.63,843.94,419.45,180,,,,,
J0007,2,0.22,547,0.32,"1,105.01","1,085.40",501.01,175,,,,,
J0008,2,0.07,628,0.25,"1,307.07","1,099.47",502.52,157,,,,,
J0009,2,0.26,"2,743",0.07,995.02,999.00,518.06,192,,,,,
J0010,2,0.05,"4,125",0.04,"1,226.53",999.00,384.79,165,,,,,
J0011,2,0.01,"1,958",0.12,"1,715.76","1,443.67",603.78,235,,,,,
J0012,2,0.21,762,0.24,"1,138.18","1,120.73",437.40,183,,,,,
J0013,2,0.03,"5,025",0.04,"1,212.73","1,090.59",433.92,201,,,,,
J0014,2,0.12,"5,850",0.04,"1,373.41","1,348.67",604.68,234,,,,,
J0016,2,0.08,"1,527",0.11,519.74,426.00,193.28,168,,,,,
J0020,2,0.22,583,0.30,537.24,571.00,224.56,175,,,,,
J0022,2,0.11,915,0.20,623.54,527.00,247.20,183,,,,,
J0023,2,0.18,"1,133",0.21,437.72,399.00,213.45,238,,,,,
J0025,2,0.11,"3,160",0.05,680.12,566.00,292.44,158,,,,,
J0026,2,0.18,"20,400",0.01,340.44,302.86,132.40,204,,,,,
J0027,2,0.20,502,0.41,600.42,625.00,338.94,206,,,,,
J0029,2,0.07,"1,560",0.15,372.70,345.00,166.95,234,,,,,
J0033,2,0.12,"2,938",0.08,440.22,399.00,201.04,235,,,,,
J0034,2,0.19,"1,677",0.13,685.26,717.00,293.34,218,,,,,
J0038,2,0.27,829,0.21,502.36,546.00,267.19,174,,,,,
J0039,2,0.18,"2,475",0.08,689.15,648.00,253.20,198,,,,,
J0040,2,0.25,"1,830",0.10,645.79,667.00,283.78,183,,,,,
J0041,2,0.13,171,1.12,708.94,689.93,346.51,192,,,,,
J0042,2,0.24,"1,031",0.16,553.45,657.00,300.74,165,,,,,
J0048,2,0.12,"17,400",0.01,358.19,339.00,182.15,174,,,,,
J0057,2,0.15,492,0.40,459.05,491.00,252.11,197,,,,,
J0062,2,0.07,658,0.26,621.72,491.00,269.59,171,,,,,
J0070,2,0.03,"1,089",0.19,361.22,318.00,173.21,207,,,,,
J0072,2,0.18,243,0.68,287.89,318.00,160.72,165,,,,,
J0073,2,0.16,"1,408",0.13,306.87,345.00,141.92,183,,,,,
J0074,2,0.22,265,0.71,292.62,294.00,126.37,188,,,,,
J0076,2,0.20,"1,880",0.10,476.58,468.00,210.06,188,,,,,
J0077,2,0.24,"2,370",0.10,973.88,"1,095.97",459.08,237,,,,,
J0078,2,0.07,"6,867",0.03,998.84,999.00,536.87,206,,,,,
J0080,2,0.00,307,0.58,633.68,531.00,259.69,178,,,,,
J0081,2,0.18,275,0.63,625.31,658.00,348.94,173,,,,,
J0082,2,0.16,"3,917",0.06,389.19,360.00,194.85,235,,,,,
J0083,2,0.12,"1,026",0.19,656.35,591.00,275.18,195,,,,,
J0084,2,0.21,"4,680",0.05,520.97,560.00,251.18,234,,,,,
J0085,2,0.16,"21,400",0.01,170.29,180.00,72.59,214,,,,,
J0086,2,0.22,398,0.41,619.49,569.00,280.62,163,,,,,
J0087,2,0.09,"1,990",0.10,361.93,329.00,146.09,199,,,,,
J0088,2,0.16,"5,550",0.04,432.66,399.00,197.01,222,,,,,
J0089,2,0.09,"1,344",0.16,360.10,360.00,194.11,215,,,,,
J0090,2,0.01,"3,200",0.06,679.97,563.00,279.89,192,,,,,
J0091,2,0.15,"3,000",0.06,268.41,298.00,147.43,180,,,,,
J0092,2,0.06,"11,850",0.02,873.36,757.27,322.57,237,,,,,
J0093,2,0.29,"23,400",0.01,627.48,637.00,281.31,234,,,,,
J0094,2,0.17,505,0.38,558.41,568.00,226.73,192,,,,,
J0095,2,0.27,"1,385",0.13,474.95,611.69,287.32,180,,,,,
J0096,2,0.25,"6,100",0.03,437.57,549.97,291.30,183,,,,,
J0097,2,0.07,"2,060",0.10,595.14,539.67,231.38,206,,,,,
J0098,2,0.15,65,2.30,388.26,413.00,173.74,150,,,,,
J0100,2,0.14,117,1.55,"1,000.12","1,099.00",460.42,182,,,,,
J0101,2,0.27,"4,925",0.04,766.81,799.00,363.21,197,,,,,
J0102,2,0.13,"3,567",0.06,"1,249.00","1,186.00",630.81,214,,,,,
J0103,2,0.16,"8,300",0.02,"1,293.90","1,338.00",560.54,166,,,,,
J0104,2,0.14,"11,850",0.02,523.57,446.00,207.86,237,,,,,
J0105,2,0.08,600,0.37,"1,002.39",999.00,460.67,222,,,,,
J0106,2,0.14,"2,783",0.06,"1,189.54",999.00,476.84,167,,,,,
J0108,2,0.05,"1,125",0.16,"1,251.00","1,135.32",619.52,180,,,,,
J0109,2,0.14,"7,833",0.03,"1,419.71","1,213.00",644.90,235,,,,,
J0110,2,0.10,158,1.00,980.58,864.00,464.16,158,,,,,
J0111,2,0.11,524,0.41,567.25,475.88,259.19,215,,,,,
J0112,2,0.01,"1,785",0.13,495.59,359.00,158.61,232,,,,,
J0113,2,0.10,"1,132",0.19,561.49,542.06,269.16,215,,,,,
J0114,2,0.03,"1,081",0.16,455.89,339.00,144.48,173,,,,,
J0116,2,0.28,"1,811",0.09,322.01,377.00,175.59,163,,,,,
J0117,2,0.28,"3,017",0.06,409.66,480.18,222.58,181,,,,,
J0118,2,0.28,710,0.29,400.90,476.25,188.46,206,,,,,
J0119,2,0.19,"2,575",0.08,547.97,545.79,277.05,206,,,,,
J0120,2,0.11,154,1.06,358.62,365.00,175.29,163,,,,,
J0121,2,0.03,"3,700",0.06,300.41,249.00,107.81,222,,,,,
J0122,2,0.11,"8,550",0.02,311.11,282.00,118.88,171,,,,,
J0123,2,0.17,"4,140",0.05,291.79,267.00,136.46,207,,,,,
J0124,2,0.06,"2,109",0.11,659.64,523.00,280.81,232,,,,,
J0126,2,0.14,"11,600",0.02,847.10,818.00,409.61,232,,,,,
J0127,2,0.23,752,0.23,"1,055.51","1,186.00",619.79,173,,,,,
J0129,2,0.14,"3,620",0.00,719.12,733.00,287.30,181,,,,,
J0130,2,0.22,123,1.80,574.74,659.00,271.92,222,,,,,
J0132,2,0.27,"1,064",0.14,281.46,360.28,144.78,149,,,,,
J0133,2,0.08,"7,133",0.03,410.06,381.00,157.50,214,,,,,
J0134,2,0.30,"1,041",0.17,558.56,697.15,361.32,177,,,,,
J0135,2,0.10,"1,950",0.10,738.41,591.00,235.37,195,,,,,
J0137,2,0.08,793,0.29,0.00,0.00,0.00,230,,,,,
J0138,2,0.01,"3,460",0.05,554.40,478.00,190.08,173,,,,,
J0139,2,0.02,"1,194",0.16,490.01,399.00,197.88,191,,,,,
J0140,2,0.29,559,0.29,461.03,591.00,313.99,162,,,,,
J0142,2,0.17,643,0.28,413.20,413.00,197.16,180,,,,,
J0143,2,0.06,687,0.30,769.51,645.00,265.05,206,,,,,
J0144,2,0.13,"1,600",0.12,561.99,529.00,251.85,192,,,,,
J0145,2,0.01,"3,343",0.07,602.32,511.00,206.28,234,,,,,
J0147,2,0.13,"15,600",0.01,709.00,583.00,319.96,156,,,,,
J0148,2,0.22,"1,718",0.11,673.73,636.00,294.58,189,,,,,
J0149,2,0.19,115,1.50,326.66,318.00,152.33,172,,,,,
J0150,2,0.24,"8,600",0.02,398.77,420.00,215.14,172,,,,,
J0151,2,0.04,821,0.19,607.05,499.00,264.28,156,,,,,
J0152,2,0.24,"1,630",0.10,753.62,885.00,435.96,163,,,,,
J0153,2,0.17,"1,570",0.10,436.93,443.00,172.64,157,,,,,
J0154,2,0.02,422,0.55,327.53,314.17,155.53,232,,,,,
J0155,2,0.25,"7,500",0.02,579.33,635.00,293.25,150,,,,,
J0157,2,0.21,"3,250",0.06,578.87,590.90,254.37,195,,,,,
J0158,2,0.15,921,0.24,692.34,721.00,351.98,221,,,,,
J0159,2,0.13,"2,456",0.09,723.02,599.00,230.49,221,,,,,
J0161,2,0.28,"4,425",0.04,417.17,423.45,214.77,177,,,,,
J0164,2,0.23,"1,200",0.15,345.96,344.89,172.99,180,,,,,
J0165,2,0.03,"5,800",0.04,283.90,236.67,128.68,232,,,,,
J0166,2,0.13,"1,875",0.12,519.68,441.00,196.85,225,,,,,
J0167,2,0.00,"4,500",0.04,349.54,319.00,148.19,180,,,,,
J0168,2,0.26,"1,483",0.12,451.60,460.00,233.73,178,,,,,
J0170,2,0.12,"4,275",0.04,316.64,329.00,135.14,171,,,,,
J0171,2,0.10,"2,717",0.06,583.25,488.00,264.13,163,,,,,
J0174,2,0.14,"7,667",0.03,417.08,423.00,175.16,230,,,,,
J0175,2,0.20,975,0.24,541.71,499.00,215.52,234,,,,,
J0176,2,0.25,959,0.17,400.67,387.00,197.09,163,,,,,
J0178,2,0.10,"3,833",0.06,316.41,319.00,167.59,230,,,,,
J0179,2,0.22,793,0.28,657.94,696.00,324.89,222,,,,,
J0181,2,0.25,"8,450",0.02,416.96,399.00,152.59,169,,,,,
J0184,2,0.02,"1,667",0.09,456.42,382.00,166.45,150,,,,,
J0185,2,0.22,"3,014",0.07,842.74,799.00,402.48,211,,,,,
J0186,2,0.17,644,0.25,884.06,848.00,381.31,161,,,,,
J0189,2,0.29,"4,825",0.04,275.96,329.00,167.66,193,,,,,
J0190,2,0.07,"3,740",0.05,385.03,360.00,153.43,187,,,,,
J0194,2,0.10,748,0.23,704.29,698.00,341.07,172,,,,,
J0195,2,0.16,"11,100",0.02,882.56,798.00,426.48,222,,,,,
J0196,2,0.09,"2,357",0.07,505.87,469.00,207.54,165,,,,,
J0197,2,0.10,"1,018",0.22,691.28,625.00,276.44,224,,,,,
J0198,2,0.08,"3,100",0.00,673.71,599.10,274.94,155,,,,,
J0199,2,0.09,"1,744",0.09,542.34,476.00,254.49,157,,,,,
J0201,2,0.24,905,0.20,642.65,625.00,255.00,181,,,,,
J0203,2,0.05,"1,067",0.18,751.80,568.00,294.39,192,,,,,
J0204,2,0.10,"4,250",0.04,806.12,751.00,407.84,170,,,,,
J0205,2,0.20,"2,886",0.07,414.75,387.00,173.98,202,,,,,
J0207,2,0.21,"3,833",0.06,921.19,885.00,384.81,230,,,,,
J0208,2,0.23,205,1.08,694.37,721.00,394.52,221,,,,,
J0209,2,0.24,"6,000",0.03,755.10,717.57,332.19,180,,,,,
J0210,2,0.11,"1,564",0.11,780.61,783.00,400.50,172,,,,,
J0211,2,0.09,"4,875",0.04,692.22,699.00,307.78,195,,,,,
J0212,2,0.21,"1,667",0.09,842.91,791.00,411.60,150,,,,,
J0213,2,0.30,"22,400",0.01,504.71,599.00,259.09,224,,,,,
J0214,2,0.03,"9,250",0.02,646.49,495.00,239.71,185,,,,,
J0215,2,0.21,952,0.23,579.04,537.92,210.20,219,,,,,
J0216,2,0.17,"19,400",0.01,476.59,535.71,282.12,194,,,,,
J0217,2,0.03,"4,640",0.05,930.44,705.71,347.22,232,,,,,
J0219,2,0.04,"5,550",0.04,719.84,621.28,329.72,222,,,,,
J0220,2,0.15,"23,200",0.01,652.72,625.00,245.50,232,,,,,
J0224,2,0.03,"2,156",0.09,"1,961.35","1,593.00",627.73,194,,,,,
J0226,2,0.09,"1,438",0.16,"1,992.13","1,593.00",638.56,230,,,,,
J0228,2,0.23,"3,014",0.07,"1,357.98","1,669.00",844.76,211,,,,,
J0229,2,0.02,138,1.33,"1,484.73","1,245.00",545.06,184,,,,,
J0230,2,0.12,391,0.44,"1,193.55","1,050.83",431.97,172,,,,,
J0231,2,0.12,"2,522",0.09,"1,468.79","1,281.00",583.64,227,,,,,
J0232,2,0.04,"2,700",0.06,"1,504.96","1,213.00",557.93,162,,,,,
J0233,2,0.07,"5,325",0.04,"1,325.32","1,299.00",661.04,213,,,,,
J0234,2,0.15,378,0.58,"1,190.64","1,213.00",647.95,219,,,,,
J0236,2,0.26,347,0.51,793.84,912.56,362.22,177,,,,,
J0237,2,0.28,"1,362",0.13,"1,204.15","1,256.00",555.62,177,,,,,
J0238,2,0.13,597,0.38,"1,668.30","1,671.00",822.74,227,,,,,
J0239,2,0.29,166,0.88,988.83,"1,239.35",608.07,146,,,,,
J0240,2,0.02,"2,112",0.08,"2,162.35","1,593.00",679.55,169,,,,,
J0242,2,0.18,"9,800",0.02,992.21,"1,149.00",458.68,196,,,,,
J0243,2,0.08,696,0.23,"1,178.84",915.75,382.25,160,,,,,
J0244,2,0.04,"2,038",0.08,"1,525.49","1,234.80",544.37,163,,,,,
J0245,2,0.27,"1,168",0.19,"1,123.92","1,149.00",615.51,222,,,,,
J0247,2,0.04,"8,500",0.02,907.73,820.00,428.47,170,,,,,
J0248,2,0.10,"3,760",0.05,948.56,999.00,396.85,188,,,,,
J0249,2,0.10,"4,600",0.00,884.48,751.20,335.72,230,,,,,
J0251,2,0.29,"2,178",0.09,726.97,763.00,401.90,196,,,,,
J0252,2,0.25,"1,956",0.09,921.98,939.00,514.98,176,,,,,
J0277,2,0.05,"1,342",0.12,"1,477.41","1,413.79",618.12,161,,,,,
J0278,2,0.16,"2,833",0.06,839.77,761.00,417.90,170,,,,,
J0280,2,0.03,"2,350",0.08,"1,882.80","1,471.45",769.07,188,,,,,
J0281,2,0.14,"3,817",0.06,"1,528.49","1,388.00",633.92,229,,,,,
J0282,2,0.03,"1,083",0.18,"1,277.32",999.00,431.95,195,,,,,
J0283,2,0.14,"2,200",0.07,"1,195.82","1,033.00",453.66,154,,,,,
J0284,2,0.04,700,0.23,"1,486.95","1,224.67",626.88,161,,,,,
J0285,2,0.01,889,0.19,"1,587.26","1,483.14",636.16,169,,,,,
J0290,2,0.11,"9,150",0.02,580.14,534.00,272.16,183,,,,,
J0291,2,0.29,"6,400",0.03,656.96,859.00,333.69,192,,,,,
J0292,2,0.18,"2,075",0.08,365.77,374.01,185.02,166,,,,,
J0293,2,0.28,906,0.16,395.60,460.76,194.95,145,,,,,
J0294,2,0.28,"3,683",0.06,302.32,391.29,171.99,221,,,,,
J0295,2,0.08,"22,900",0.01,926.28,859.00,348.44,229,,,,,
J0296,2,0.09,"2,333",0.09,514.25,519.00,246.10,210,,,,,
J0297,2,0.19,"5,100",0.03,619.71,574.00,251.53,153,,,,,
J0298,2,0.26,"2,629",0.07,523.50,512.00,232.13,184,,,,,
J0299,2,0.22,"1,750",0.12,287.07,342.26,182.79,210,,,,,
J0300,2,0.10,"5,400",0.04,347.60,279.00,136.01,216,,,,,
J0301,2,0.20,"3,600",0.06,469.48,475.99,240.33,216,,,,,
J0304,2,0.04,276,0.75,329.27,297.00,114.22,207,,,,,
J0305,2,0.14,909,0.22,567.72,613.00,296.19,200,,,,,
J0306,2,0.02,204,0.83,828.49,690.00,274.86,169,,,,,
J0308,2,0.07,"1,350",0.16,766.71,620.76,274.81,216,,,,,
J0310,2,0.05,506,0.33,417.85,339.00,140.65,167,,,,,
J0328,2,0.12,327,0.49,882.16,939.00,424.36,160,,,,,
J0329,2,0.12,"1,840",0.10,680.93,719.45,335.46,184,,,,,
J0330,2,0.16,"1,278",0.18,599.27,599.00,309.57,230,,,,,
J0331,2,0.09,"6,300",0.03,820.75,782.00,334.06,189,,,,,
J0332,2,0.15,"1,527",0.11,672.18,699.00,351.09,168,,,,,
J0333,2,0.25,"1,750",0.10,708.29,822.38,448.91,175,,,,,
J0334,2,0.01,"2,700",0.08,684.75,519.58,228.75,216,,,,,
J0335,2,0.04,"1,350",0.12,"1,076.92",815.71,424.08,162,,,,,
J0336,2,0.10,447,0.36,642.49,599.00,233.68,161,,,,,
J0337,2,0.28,"1,094",0.16,479.37,487.00,188.87,175,,,,,
J0338,2,0.27,"17,500",0.01,640.82,755.11,297.87,175,,,,,
J0339,2,0.21,"3,540",0.05,696.17,724.24,352.76,177,,,,,
J0340,2,0.03,926,0.19,621.88,567.80,310.80,176,,,,,
J0341,2,0.12,"2,122",0.09,834.21,743.99,291.78,191,,,,,
J0342,2,0.07,"1,136",0.14,718.26,554.57,264.65,159,,,,,
J0343,2,0.26,"3,180",0.00,699.17,749.14,288.92,159,,,,,
J0344,2,0.09,"1,150",0.16,489.37,457.59,176.71,184,,,,,
J0345,2,0.13,"9,400",0.02,554.27,499.00,202.09,188,,,,,
J0346,2,0.06,847,0.17,491.12,478.00,238.97,144,,,,,
J0347,2,0.26,690,0.29,636.53,632.00,306.23,200,,,,,
J0348,2,0.21,"8,750",0.02,479.50,495.04,200.64,175,,,,,
J0349,2,0.26,"4,520",0.05,693.71,776.50,385.24,226,,,,,
J0351,2,0.08,500,0.35,856.43,741.73,337.74,175,,,,,
J0352,2,0.18,"1,723",0.13,660.60,635.00,248.19,224,,,,,
J0353,2,0.06,"10,000",0.02,593.76,587.52,253.62,200,,,,,
J0355,2,0.26,"1,583",0.12,577.47,605.44,322.99,190,,,,,
J0369,2,0.20,"5,367",0.03,997.61,"1,099.00",489.55,161,,,,,
J0370,2,0.23,"3,920",0.05,"1,100.00","1,099.00",419.48,196,,,,,
J0371,2,0.18,"1,105",0.19,"1,205.68","1,099.00",578.28,210,,,,,
J0372,2,0.21,"1,840",0.10,"1,155.92","1,099.00",507.61,184,,,,,
J0373,2,0.18,"9,400",0.02,610.72,599.00,240.11,188,,,,,
J0375,2,0.29,"8,750",0.02,961.36,"1,099.00",466.05,175,,,,,
J0376,2,0.16,"8,750",0.02,898.91,972.84,419.79,175,,,,,
J0377,2,0.10,"1,730",0.10,"1,306.97","1,099.00",473.20,173,,,,,
J0378,2,0.01,"1,469",0.13,"1,245.76","1,099.00",537.29,191,,,,,
J0379,2,0.03,"1,520",0.10,"1,523.09","1,283.01",641.62,152,,,,,
J0380,2,0.27,"2,917",0.06,"1,206.67","1,438.00",593.04,175,,,,,
J0381,2,0.02,"3,767",0.06,923.88,859.50,354.36,226,,,,,
J0382,2,0.01,"1,367",0.12,"1,198.61",953.06,383.70,164,,,,,
J0395,2,0.11,"2,814",0.07,817.27,859.00,339.09,197,,,,,
J0396,2,0.13,"7,467",0.03,980.52,859.00,397.78,224,,,,,
J0397,2,0.10,492,0.37,"1,043.99",999.00,464.28,182,,,,,
J0398,2,0.15,"5,575",0.04,789.90,885.00,366.65,223,,,,,
J0399,2,0.27,"9,950",0.02,709.60,791.00,347.65,199,,,,,
J0400,2,0.09,"2,171",0.07,833.59,859.00,369.94,152,,,,,
J0401,2,0.26,"2,800",0.06,748.84,882.52,365.99,168,,,,,
J0402,2,0.07,"1,500",0.11,995.46,825.00,427.79,165,,,,,
J0414,2,0.19,"5,125",0.04,768.42,885.00,352.85,205,,,,,
J0415,2,0.27,268,0.57,881.87,899.00,442.79,153,,,,,
J0416,2,0.05,"9,100",0.02,823.99,825.00,401.07,182,,,,,
JNE09209,2,0.28,"1,933",0.09,670.11,819.00,375.00,174,,,,,
JNE1233,2,0.05,"1,107",0.15,534.50,429.71,233.72,166,,,,,
JNE1234,2,0.03,"1,318",0.11,331.20,294.17,138.51,145,,,,,
JNE1408,2,0.27,"4,260",0.05,290.90,367.05,168.02,213,,,,,
JNE1525,2,0.17,"1,936",0.11,303.58,311.00,155.90,213,,,,,
JNE1906,2,0.28,"2,150",0.08,292.82,355.30,159.73,172,,,,,
JNE1951,2,0.29,"16,700",0.01,343.04,359.24,195.72,167,,,,,
JNE1977,2,0.09,630,0.27,273.32,259.00,140.81,170,,,,,
JNE1998,2,0.24,"3,283",0.06,293.78,291.49,119.56,197,,,,,
JNE2009,2,0.18,"1,061",0.18,329.51,295.00,144.19,191,,,,,
JNE2014,2,0.20,"2,800",0.07,309.89,322.30,170.31,196,,,,,
JNE2032,2,0.24,"1,175",0.16,328.65,316.00,145.75,188,,,,,
JNE2049,2,0.12,"3,086",0.07,404.64,389.00,163.03,216,,,,,
JNE2086,2,0.25,"3,300",0.00,698.22,671.00,344.43,165,,,,,
JNE2100,2,0.01,245,0.71,382.15,357.00,158.55,174,,,,,
JNE2101,2,0.18,"2,733",0.06,296.29,280.00,149.94,164,,,,,
JNE2113,2,0.20,"1,445",0.11,480.41,491.08,265.78,159,,,,,
JNE2153,2,0.07,"3,800",0.05,463.08,419.96,192.38,190,,,,,
JNE2170,2,0.01,"1,227",0.15,652.02,518.00,228.77,184,,,,,
JNE2171,2,0.07,"4,700",0.04,593.62,492.38,210.03,188,,,,,
JNE2199,2,0.24,"17,300",0.01,280.98,351.60,135.05,173,,,,,
JNE2205,2,0.09,506,0.32,331.85,329.00,152.07,162,,,,,
JNE2251,2,0.07,"1,312",0.16,518.49,429.00,212.40,210,,,,,
JNE2262,2,0.20,"1,700",0.11,409.61,399.00,165.51,187,,,,,
JNE2265,2,0.04,"3,380",0.00,438.42,329.00,165.80,169,,,,,
JNE2266,2,0.07,199,0.78,450.51,368.00,174.94,155,,,,,
JNE2270,2,0.05,"2,517",0.06,680.46,518.00,277.99,151,,,,,
JNE2291,2,0.28,"8,250",0.02,309.99,332.23,181.30,165,,,,,
JNE2302,2,0.18,641,0.29,399.44,422.00,169.47,186,,,,,
JNE2305,2,0.16,"5,033",0.03,300.95,329.63,127.35,151,,,,,
JNE2307,2,0.26,"4,250",0.04,292.87,299.00,127.23,170,,,,,
JNE3030,2,0.10,164,0.86,844.86,736.00,300.20,141,,,,,
JNE3042,2,0.26,545,0.29,232.90,295.00,127.35,158,,,,,
JNE3068,2,0.22,"1,780",0.10,638.44,696.00,362.30,178,,,,,
JNE3160,2,0.02,"5,267",0.03,922.49,679.71,355.76,158,,,,,
JNE3225,2,0.25,"2,717",0.06,320.68,349.00,144.10,163,,,,,
JNE3252,2,0.23,"1,820",0.10,404.28,437.00,221.76,182,,,,,
JNE3253,2,0.29,"10,050",0.02,282.69,329.00,144.10,201,,,,,
JNE3255,2,0.17,"1,727",0.11,453.97,487.00,222.38,190,,,,,
JNE3256,2,0.24,413,0.53,431.19,481.20,206.20,219,,,,,
JNE3261,2,0.03,"3,525",0.04,398.13,348.00,152.34,141,,,,,
JNE3265,2,0.12,913,0.23,309.30,329.00,165.29,210,,,,,
JNE3270,2,0.02,"1,400",0.10,485.90,376.00,145.77,140,,,,,
JNE3273,2,0.12,"1,542",0.12,525.09,499.00,211.85,185,,,,,
JNE3276,2,0.03,224,0.67,258.23,199.00,90.70,150,,,,,
JNE3279,2,0.15,"1,692",0.12,364.26,318.00,141.83,203,,,,,
JNE3291,2,0.01,"3,700",0.05,491.93,442.00,224.49,185,,,,,
JNE3294,2,0.22,"1,545",0.11,399.06,399.67,195.63,170,,,,,
JNE3296,2,0.17,"1,560",0.10,566.89,562.00,242.96,156,,,,,
JNE3311,2,0.01,994,0.17,805.34,599.00,252.28,169,,,,,
JNE3313,2,0.05,"1,840",0.10,622.29,582.00,318.68,184,,,,,
JNE3323,2,0.28,"2,717",0.06,247.46,267.00,141.58,163,,,,,
JNE3334,2,0.10,"2,238",0.08,359.09,315.98,171.32,179,,,,,
JNE3336,2,0.25,"1,133",0.15,298.43,345.00,139.94,170,,,,,
JNE3348,2,0.03,"1,709",0.11,446.18,419.00,227.55,188,,,,,
JNE3363,2,0.14,"16,800",0.01,413.28,376.00,190.84,168,,,,,
JNE3364,2,0.22,"1,773",0.11,409.87,401.58,162.47,195,,,,,
JNE3365,2,0.11,"1,127",0.15,445.24,431.09,185.53,169,,,,,
JNE3366,2,0.17,40,4.27,398.12,376.00,176.49,169,,,,,
JNE3368,2,0.04,557,0.28,528.64,463.41,247.17,156,,,,,
JNE3371,2,0.29,97,1.88,301.97,327.26,153.65,182,,,,,
JNE3373,2,0.11,"1,830",0.10,367.50,368.77,191.96,183,,,,,
JNE3375,2,0.04,"7,000",0.03,325.47,249.00,116.23,210,,,,,
JNE3376,2,0.15,"1,600",0.10,422.50,432.00,205.74,160,,,,,
JNE3383,2,0.29,"1,980",0.10,369.91,442.00,213.16,198,,,,,
JNE3384,2,0.29,"2,362",0.08,224.18,295.00,131.37,189,,,,,
JNE3389,2,0.02,"2,533",0.06,612.60,574.00,253.73,152,,,,,
JNE3391,2,0.15,"1,591",0.11,451.86,432.00,234.27,175,,,,,
JNE3394,2,0.06,"1,390",0.10,445.07,414.00,212.13,139,,,,,
JNE3396,2,0.16,357,0.47,546.78,484.89,235.81,168,,,,,
JNE3398,2,0.13,"16,800",0.01,270.80,295.00,130.86,168,,,,,
JNE3399,2,0.06,947,0.17,475.61,427.81,198.70,161,,,,,
JNE3400,2,0.16,"13,900",0.01,450.36,459.00,185.62,139,,,,,
JNE3401,2,0.10,"1,114",0.14,246.33,259.00,113.45,156,,,,,
JNE3404,2,0.24,"18,300",0.01,404.74,487.00,262.01,183,,,,,
JNE3405,2,0.28,325,0.56,341.65,397.16,175.06,182,,,,,
JNE3407,2,0.26,"3,640",0.05,222.58,246.04,134.21,182,,,,,
JNE3408,2,0.24,"1,033",0.15,383.74,423.77,190.87,155,,,,,
JNE3412,2,0.23,"3,840",0.00,362.47,380.91,148.62,192,,,,,
JNE3420,2,0.25,"1,267",0.12,282.17,299.00,144.72,152,,,,,
JNE3421,2,0.10,"3,840",0.05,378.30,399.00,175.82,192,,,,,
JNE3422,2,0.18,138,1.26,286.30,287.98,135.95,174,,,,,
JNE3423,2,0.26,"2,400",0.07,407.64,397.10,181.57,168,,,,,
JNE3425,2,0.24,"1,050",0.16,307.96,329.00,128.29,168,,,,,
JNE3426,2,0.14,"5,000",0.04,364.18,329.00,125.71,200,,,,,
JNE3427,2,0.30,"18,000",0.01,210.15,259.00,125.45,180,,,,,
JNE3428,2,0.12,239,0.66,275.65,237.14,91.68,158,,,,,
JNE3429,2,0.04,"1,955",0.11,379.04,299.00,118.43,215,,,,,
JNE3431,2,0.12,"5,067",0.03,378.51,349.00,180.33,152,,,,,
JNE3432,2,0.14,"1,194",0.18,517.01,432.00,168.27,215,,,,,
JNE3434,2,0.21,"1,271",0.17,275.68,319.00,171.69,216,,,,,
JNE3435,2,0.30,279,0.72,359.97,487.00,264.59,201,,,,,
JNE3436,2,0.23,844,0.18,303.80,299.00,159.33,152,,,,,
JNE3437,2,0.14,"5,333",0.03,638.03,556.77,304.50,160,,,,,
JNE3438,2,0.22,"8,450",0.02,384.78,451.71,241.19,169,,,,,
JNE3439,2,0.09,"3,240",0.05,413.90,397.94,172.66,162,,,,,
JNE3440,2,0.10,727,0.30,375.95,395.52,212.75,218,,,,,
JNE3441,2,0.05,"2,600",0.07,533.28,487.00,209.44,182,,,,,
JNE3443,2,0.16,"1,436",0.11,432.18,389.60,193.15,158,,,,,
JNE3445,2,0.22,"2,350",0.06,330.62,344.25,139.89,141,,,,,
JNE3446,2,0.20,"2,333",0.09,278.63,297.22,162.30,210,,,,,
JNE3447,2,0.24,"1,540",0.10,264.58,295.00,121.40,154,,,,,
JNE3449,2,0.25,"7,700",0.02,249.33,316.47,158.89,154,,,,,
JNE3451,2,0.23,"5,375",0.04,337.93,380.00,201.37,215,,,,,
JNE3452,2,0.20,"2,883",0.06,297.11,291.00,125.58,173,,,,,
JNE3454,2,0.06,"1,558",0.12,547.85,419.00,185.65,187,,,,,
JNE3457,2,0.14,"1,988",0.08,379.48,327.71,131.36,159,,,,,
JNE3458,2,0.01,162,0.89,418.02,399.00,169.59,144,,,,,
JNE3459,2,0.00,"1,377",0.13,603.11,442.00,173.58,179,,,,,
JNE3461,2,0.15,"1,167",0.12,384.10,341.27,141.08,140,,,,,
JNE3463,2,0.13,"3,180",0.00,633.54,550.37,276.32,159,,,,,
JNE3465,2,0.24,"18,800",0.01,545.90,593.49,308.51,188,,,,,
JNE3466,2,0.02,"3,880",0.00,887.92,761.82,321.79,194,,,,,
JNE3468,2,0.01,500,0.32,406.49,355.18,146.63,160,,,,,
JNE3470,2,0.03,"3,583",0.06,342.42,329.00,125.55,215,,,,,
JNE3471,2,0.19,596,0.25,269.99,295.00,141.56,149,,,,,
JNE3472,2,0.15,597,0.31,317.77,329.00,160.14,185,,,,,
JNE3473,2,0.27,863,0.19,433.52,487.00,203.57,164,,,,,
JNE3476,2,0.28,"2,343",0.07,342.80,363.00,146.68,164,,,,,
JNE3479,2,0.12,"1,331",0.13,277.11,259.00,123.56,173,,,,,
JNE3480,2,0.05,234,0.68,253.17,249.00,129.31,159,,,,,
JNE3482,2,0.04,648,0.23,422.88,318.00,134.11,149,,,,,
JNE3483,2,0.23,730,0.23,384.54,361.90,164.10,168,,,,,
JNE3484,2,0.29,"16,300",0.01,276.47,293.92,156.50,163,,,,,
JNE3487,2,0.28,268,0.53,330.87,328.96,130.45,142,,,,,
JNE3488,2,0.21,"2,517",0.06,279.08,284.76,132.16,151,,,,,
JNE3489,2,0.19,222,0.78,547.12,487.00,192.06,173,,,,,
JNE3491,2,0.10,"3,580",0.00,338.12,349.00,142.92,179,,,,,
JNE3500,2,0.12,"2,700",0.08,338.88,326.91,162.01,216,,,,,
JNE3501,2,0.24,"3,950",0.04,431.38,502.80,199.99,158,,,,,
JNE3503,2,0.12,189,0.79,391.27,397.50,192.32,149,,,,,
JNE3504,2,0.19,781,0.21,433.63,487.00,266.95,164,,,,,
JNE3506,2,0.05,"3,700",0.05,764.83,635.00,251.51,185,,,,,
JNE3510,2,0.11,76,2.08,496.05,421.13,225.09,159,,,,,
JNE3515,2,0.03,"3,000",0.06,557.61,459.00,227.53,180,,,,,
JNE3516,2,0.13,"1,467",0.12,346.89,362.00,140.63,176,,,,,
JNE3518,2,0.04,881,0.16,579.08,452.21,175.64,141,,,,,
JNE3522,2,0.04,196,0.70,416.71,341.10,154.35,137,,,,,
JNE3524,2,0.01,710,0.29,606.96,517.00,228.82,206,,,,,
JNE3528,2,0.17,524,0.33,255.36,239.25,113.35,173,,,,,
JNE3530,2,0.08,"3,950",0.04,345.35,329.00,164.55,158,,,,,
JNE3531,2,0.08,484,0.37,354.38,329.00,162.57,179,,,,,
JNE3535,2,0.01,200,0.79,568.75,419.00,228.03,158,,,,,
JNE3537,2,0.02,"2,983",0.06,427.76,379.00,157.45,179,,,,,
JNE3539,2,0.29,"5,167",0.03,283.69,329.00,175.85,155,,,,,
JNE3542,2,0.24,512,0.32,340.44,329.00,177.73,164,,,,,
JNE3543,2,0.12,"2,044",0.09,387.92,339.69,155.10,184,,,,,
JNE3545,2,0.09,"3,433",0.06,310.15,318.00,126.91,206,,,,,
JNE3546,2,0.28,406,0.48,367.82,463.76,227.40,195,,,,,
JNE3548,2,0.25,"1,582",0.11,408.20,517.00,271.78,174,,,,,
JNE3549,2,0.16,989,0.19,351.20,329.00,138.36,188,,,,,
JNE3550,2,0.17,"2,800",0.00,283.44,283.00,125.91,140,,,,,
JNE3554,2,0.19,"1,057",0.14,459.39,517.00,276.96,148,,,,,
JNE3555,2,0.03,112,1.67,654.39,487.00,210.11,187,,,,,
JNE3558,2,0.12,"3,560",0.05,346.80,319.00,159.32,178,,,,,
JNE3559,2,0.02,"1,925",0.08,541.53,487.00,191.32,154,,,,,
JNE3560,2,0.03,620,0.25,577.92,486.28,261.44,155,,,,,
JNE3562,2,0.26,"17,500",0.01,453.64,476.00,195.30,175,,,,,
JNE3563,2,0.26,537,0.38,329.59,413.67,177.85,204,,,,,
JNE3564,2,0.04,"3,850",0.04,535.85,487.00,261.12,154,,,,,
JNE3565,2,0.25,"2,986",0.07,328.78,329.00,176.21,209,,,,,
JNE3566,2,0.11,870,0.20,451.55,419.00,161.28,174,,,,,
JNE3567,2,0.07,"2,980",0.05,450.75,390.46,149.26,149,,,,,
JNE3568,2,0.07,"2,483",0.06,439.94,393.72,191.50,149,,,,,
JNE3571,2,0.21,"14,800",0.01,409.88,487.00,200.56,148,,,,,
JNE3573,2,0.08,"2,333",0.09,383.76,376.47,146.43,210,,,,,
JNE3574,2,0.17,"1,038",0.13,319.30,319.00,121.98,135,,,,,
JNE3575,2,0.08,"1,400",0.12,456.74,442.00,186.49,168,,,,,
JNE3576,2,0.06,477,0.31,488.68,487.00,236.70,148,,,,,
JNE3578,2,0.18,821,0.19,562.60,510.00,213.12,156,,,,,
JNE3579,2,0.30,725,0.28,262.44,269.07,122.44,203,,,,,
JNE3581,2,0.01,"15,500",0.01,834.60,635.00,303.46,155,,,,,
JNE3601,2,0.01,"2,414",0.07,612.92,459.00,178.77,169,,,,,
JNE3602,2,0.04,"5,175",0.04,409.58,376.00,148.87,207,,,,,
JNE3603,2,0.06,670,0.23,372.67,286.00,134.24,154,,,,,
JNE3605,2,0.05,"2,356",0.09,517.67,487.00,258.64,212,,,,,
JNE3606,2,0.25,"3,880",0.05,505.14,487.00,227.07,194,,,,,
JNE3607,2,0.24,503,0.31,500.49,471.00,258.14,156,,,,,
JNE3608,2,0.30,"1,900",0.07,384.06,422.33,198.64,133,,,,,
JNE3609,2,0.28,"1,667",0.12,569.84,568.00,306.96,200,,,,,
JNE3610,2,0.23,"1,508",0.12,279.94,291.00,154.17,181,,,,,
JNE3611,2,0.23,"1,117",0.12,403.21,459.00,243.28,134,,,,,
JNE3612,2,0.22,"9,200",0.02,374.38,399.00,175.41,184,,,,,
JNE3613,2,0.22,"3,940",0.00,390.92,398.47,168.62,197,,,,,
JNE3614,2,0.16,408,0.36,414.70,459.00,206.93,147,,,,,
JNE3615,2,0.26,"1,725",0.08,280.52,299.00,115.54,138,,,,,
JNE3616,2,0.20,532,0.34,353.91,317.48,154.38,181,,,,,
JNE3617,2,0.04,"3,500",0.00,320.49,299.00,149.93,175,,,,,
JNE3618,2,0.12,"1,550",0.10,446.50,382.24,153.79,155,,,,,
JNE3619,2,0.25,636,0.25,326.21,318.00,162.81,159,,,,,
JNE3620,2,0.02,"3,417",0.06,442.92,327.43,126.47,205,,,,,
JNE3621,2,0.17,"4,000",0.04,448.66,390.00,213.69,160,,,,,
JNE3622,2,0.19,"3,200",0.05,306.16,306.67,118.10,160,,,,,
JNE3623,2,0.30,"2,171",0.07,352.75,362.00,196.44,152,,,,,
JNE3624,2,0.25,"2,612",0.08,480.33,487.00,194.07,209,,,,,
JNE3627,2,0.17,"1,293",0.14,292.07,318.00,121.22,181,,,,,
JNE3628,2,0.13,"2,071",0.07,515.59,487.00,261.74,145,,,,,
JNE3633,2,0.26,770,0.20,476.04,494.31,227.91,154,,,,,
JNE3634,2,0.12,"3,483",0.06,522.20,522.11,231.30,209,,,,,
JNE3635,2,0.27,762,0.21,320.91,345.00,148.94,160,,,,,
JNE3636,2,0.14,"3,440",0.05,506.57,459.00,216.98,172,,,,,
JNE3637,2,0.19,"2,057",0.07,467.88,521.82,231.33,144,,,,,
JNE3638,2,0.03,"14,600",0.01,578.92,478.31,215.56,146,,,,,
JNE3639,2,0.14,"1,320",0.10,568.51,500.78,198.71,132,,,,,
JNE3640,2,0.15,"3,333",0.06,507.66,487.70,264.47,200,,,,,
JNE3641,2,0.24,644,0.27,287.64,359.00,180.30,174,,,,,
JNE3642,2,0.28,418,0.38,249.47,329.00,127.79,159,,,,,
JNE3643,2,0.13,"2,729",0.07,262.65,256.95,102.43,191,,,,,
JNE3644,2,0.23,"5,067",0.03,326.96,309.00,146.01,152,,,,,
JNE3645,2,0.16,"2,417",0.06,410.07,432.00,192.06,145,,,,,
JNE3648,2,0.21,"1,367",0.15,504.96,502.50,260.30,205,,,,,
JNE3651,2,0.29,"1,812",0.08,414.76,518.00,244.07,145,,,,,
JNE3652,2,0.25,165,1.15,295.59,339.00,166.09,190,,,,,
JNE3653,2,0.14,"3,750",0.04,415.82,359.00,161.83,150,,,,,
JNE3654,2,0.26,322,0.54,370.20,383.31,205.76,174,,,,,
JNE3655,2,0.28,"1,555",0.11,256.63,329.00,126.45,171,,,,,
JNE3656,2,0.27,"9,400",0.02,453.79,518.00,198.05,188,,,,,
JNE3657,2,0.19,128,1.39,282.54,329.00,141.90,178,,,,,
JNE3658,2,0.08,"1,788",0.08,402.38,359.00,164.73,143,,,,,
JNE3660,2,0.29,"4,833",0.03,355.85,391.00,160.96,145,,,,,
JNE3662,2,0.11,"1,622",0.09,387.59,399.00,208.42,146,,,,,
JNE3665,2,0.25,"13,800",0.01,425.62,493.00,202.21,138,,,,,
JNE3666,2,0.28,263,0.63,256.02,299.00,116.17,166,,,,,
JNE3667,2,0.11,"1,121",0.14,401.69,329.00,140.36,157,,,,,
JNE3668,2,0.01,"1,281",0.16,716.74,518.00,230.88,205,,,,,
JNE3669,2,0.06,"2,189",0.09,626.11,625.00,299.31,197,,,,,
JNE3670,2,0.11,"5,667",0.03,467.45,399.00,156.18,170,,,,,
JNE3671,2,0.07,"1,709",0.11,629.96,574.00,231.19,188,,,,,
JNE3672,2,0.18,536,0.28,558.87,574.00,311.29,150,,,,,
JNE3673,2,0.13,"15,000",0.01,684.76,599.00,326.77,150,,,,,
JNE3675,2,0.24,"1,833",0.09,565.97,543.00,223.83,165,,,,,
JNE3676,2,0.24,729,0.21,404.61,385.00,147.13,153,,,,,
JNE3678,2,0.25,615,0.27,486.40,518.00,271.65,166,,,,,
JNE3679,2,0.12,765,0.17,428.98,414.88,186.28,130,,,,,
JNE3680,2,0.30,"1,633",0.09,532.64,574.00,278.53,147,,,,,
JNE3683,2,0.14,"1,788",0.08,341.51,349.00,140.81,143,,,,,
JNE3684,2,0.03,"3,840",0.00,385.99,319.00,122.85,192,,,,,
JNE3687,2,0.18,"1,100",0.13,525.33,545.00,222.08,143,,,,,
JNE3688,2,0.07,"4,975",0.04,712.95,599.00,281.72,199,,,,,
JNE3689,2,0.26,"1,336",0.11,359.53,428.39,205.40,147,,,,,
JNE3690,2,0.18,"1,567",0.09,438.08,478.26,240.82,141,,,,,
JNE3691,2,0.07,"1,125",0.12,808.89,634.23,342.75,135,,,,,
JNE3693,2,0.23,960,0.15,266.66,319.00,128.56,144,,,,,
JNE3694,2,0.08,"5,133",0.03,333.03,295.00,119.90,154,,,,,
JNE3697,2,0.08,"7,150",0.02,475.00,458.00,174.06,143,,,,,
JNE3698,2,0.06,"5,733",0.03,486.91,487.00,185.34,172,,,,,
JNE3700,2,0.24,"2,114",0.07,239.55,296.63,135.14,148,,,,,
JNE3701,2,0.29,"1,640",0.10,314.83,399.00,167.29,164,,,,,
JNE3702,2,0.19,"5,433",0.03,374.91,342.00,133.17,163,,,,,
JNE3703,2,0.21,"3,140",0.05,286.80,316.00,128.16,157,,,,,
JNE3704,2,0.26,"2,517",0.06,498.28,487.00,247.37,151,,,,,
JNE3706,2,0.10,"1,307",0.14,465.95,413.00,195.52,183,,,,,
JNE3707,2,0.06,"7,050",0.02,560.80,496.00,261.91,141,,,,,
JNE3708,2,0.04,900,0.17,830.01,690.00,267.59,153,,,,,
JNE3709,2,0.16,"18,400",0.01,861.25,833.00,372.31,184,,,,,
JNE3710,2,0.25,"2,117",0.06,679.15,688.31,351.82,127,,,,,
JNE3712,2,0.25,968,0.19,446.34,518.00,225.75,184,,,,,
JNE3713,2,0.05,"6,950",0.02,398.49,357.43,159.03,139,,,,,
JNE3714,2,0.14,"4,900",0.03,470.75,401.63,196.44,147,,,,,
JNE3715,2,0.17,"14,600",0.01,324.44,283.00,150.19,146,,,,,
JNE3716,2,0.02,"8,500",0.02,532.72,399.00,173.90,170,,,,,
JNE3717,2,0.13,"17,400",0.01,282.17,271.00,125.08,174,,,,,
JNE3718,2,0.27,"1,069",0.13,377.06,390.38,163.45,139,,,,,
JNE3720,2,0.20,"1,867",0.09,493.65,507.15,205.46,168,,,,,
JNE3721,2,0.26,"1,162",0.13,297.24,328.13,149.68,151,,,,,
JNE3722,2,0.06,"2,371",0.07,295.22,280.00,127.30,166,,,,,
JNE3724,2,0.08,"3,260",0.05,571.52,494.25,198.18,163,,,,,
JNE3726,2,0.12,101,1.59,338.56,345.00,181.89,161,,,,,
JNE3727,2,0.23,"2,075",0.08,492.92,549.00,299.26,166,,,,,
JNE3728,2,0.05,"6,950",0.02,421.71,329.00,138.72,139,,,,,
JNE3729,2,0.05,"7,650",0.02,371.09,348.00,154.70,153,,,,,
JNE3730,2,0.03,291,0.57,311.75,299.00,148.23,166,,,,,
JNE3732,2,0.11,445,0.31,494.25,517.00,222.47,138,,,,,
JNE3733,2,0.27,"3,267",0.06,552.77,549.00,224.59,196,,,,,
JNE3735,2,0.16,"1,256",0.16,205.69,199.50,102.50,201,,,,,
JNE3736,2,0.23,"1,480",0.10,257.89,280.67,152.60,148,,,,,
JNE3738,2,0.17,194,0.86,505.45,456.57,240.53,167,,,,,
JNE3739,2,0.01,"12,700",0.01,602.80,453.54,248.32,127,,,,,
JNE3741,2,0.19,"1,500",0.09,408.10,432.00,194.28,135,,,,,
JNE3742,2,0.17,"3,220",0.05,463.53,432.00,208.79,161,,,,,
JNE3743,2,0.06,"4,250",0.04,408.19,329.00,156.48,170,,,,,
JNE3744,2,0.14,"1,117",0.12,698.53,635.00,251.65,134,,,,,
JNE3745,2,0.30,"4,500",0.04,244.00,316.00,155.09,180,,,,,
JNE3748,2,0.24,"4,500",0.04,533.02,517.00,239.18,180,,,,,
JNE3749,2,0.21,"2,257",0.07,466.77,477.00,198.80,158,,,,,
JNE3750,2,0.11,45,3.08,556.23,544.00,244.06,138,,,,,
JNE3751,2,0.13,"13,800",0.01,383.82,368.00,177.59,138,,,,,
JNE3752,2,0.10,695,0.22,346.37,362.00,160.82,153,,,,,
JNE3753,2,0.04,810,0.20,524.43,499.00,201.30,162,,,,,
JNE3756,2,0.03,"15,233",0.03,622.58,487.00,189.24,457,,,,,
JNE3757,2,0.06,556,0.25,480.67,487.00,255.67,139,,,,,
JNE3758,2,0.14,225,0.61,364.64,354.57,139.16,137,,,,,
JNE3759,2,0.06,"1,140",0.15,620.44,535.37,249.66,171,,,,,
JNE3760,2,0.07,"2,700",0.07,429.53,432.00,218.63,189,,,,,
JNE3761,2,0.01,"5,000",0.03,398.88,289.74,136.74,150,,,,,
JNE3762,2,0.15,552,0.31,315.77,329.00,126.14,171,,,,,
JNE3763,2,0.17,548,0.25,412.47,429.71,200.36,137,,,,,
JNE3764,2,0.12,"3,300",0.00,578.17,568.17,280.74,165,,,,,
JNE3766,2,0.29,"1,630",0.10,415.03,517.00,263.24,163,,,,,
JNE3768,2,0.17,"4,950",0.04,424.63,487.00,257.18,198,,,,,
JNE3769,2,0.19,"1,975",0.08,514.89,487.00,257.25,158,,,,,
JNE3770,2,0.21,412,0.33,473.83,432.00,220.71,136,,,,,
JNE3774,2,0.16,"1,610",0.10,449.32,474.00,209.06,161,,,,,
JNE3775,2,0.11,806,0.17,332.04,291.00,151.05,137,,,,,
JNE3777,2,0.19,"4,250",0.04,423.27,399.00,211.27,170,,,,,
JNE3778,2,0.04,"1,258",0.12,593.52,459.00,182.47,151,,,,,
JNE3779,2,0.20,975,0.20,414.00,432.00,202.79,195,,,,,
JNE3781,2,0.06,"3,275",0.04,446.53,410.92,179.37,131,,,,,
JNE3782,2,0.04,"4,900",0.04,539.41,482.78,251.39,196,,,,,
JNE3783,2,0.26,"6,750",0.02,462.71,481.20,248.93,135,,,,,
JNE3784,2,0.11,"1,578",0.09,533.99,449.14,243.90,142,,,,,
JNE3785,2,0.25,"2,250",0.08,301.37,360.85,188.10,180,,,,,
JNE3786,2,0.13,"1,142",0.12,302.19,294.40,147.98,137,,,,,
JNE3787,2,0.02,636,0.25,651.78,487.00,253.20,159,,,,,
JNE3788,2,0.19,403,0.31,525.57,487.00,261.48,125,,,,,
JNE3789,2,0.02,285,0.48,523.49,383.00,204.87,137,,,,,
JNE3790,2,0.05,"4,175",0.04,394.46,316.00,167.32,167,,,,,
JNE3792,2,0.01,468,0.38,507.92,432.00,222.45,178,,,,,
JNE3793,2,0.12,"1,678",0.09,465.12,420.57,205.27,151,,,,,
JNE3794,2,0.03,653,0.30,628.64,505.78,234.89,196,,,,,
JNE3795,2,0.03,208,0.71,540.34,517.00,223.67,148,,,,,
JNE3796,2,0.25,"1,580",0.10,321.00,345.00,187.44,158,,,,,
JNE3797,2,0.18,"4,700",0.03,755.98,710.13,294.06,141,,,,,
JNE3798,2,0.15,312,0.43,595.62,632.11,280.19,134,,,,,
JNE3799,2,0.16,"1,430",0.10,669.76,602.57,323.04,143,,,,,
JNE3800,2,0.12,789,0.19,851.03,771.00,309.55,150,,,,,
JNE3801,2,0.06,"1,192",0.12,938.39,721.68,283.95,143,,,,,
JNE3802,2,0.09,155,0.84,415.65,428.95,231.47,130,,,,,
JNE3803,2,0.08,"7,900",0.02,466.30,443.49,223.04,158,,,,,
JNE3804,2,0.17,"1,054",0.13,476.42,455.36,188.04,137,,,,,
JNE3805,2,0.22,"18,300",0.01,404.65,449.63,190.10,183,,,,,
JNE3806,2,0.09,535,0.34,531.98,449.67,233.21,182,,,,,
JNE3807,2,0.13,774,0.19,762.31,666.00,342.60,147,,,,,
JNE3810,2,0.13,605,0.21,657.52,696.00,338.97,127,,,,,
JNE3811,2,0.02,"3,480",0.05,684.58,568.00,245.17,174,,,,,
JNE3813,2,0.29,"1,444",0.09,553.69,635.00,296.95,130,,,,,
JNE3816,2,0.07,716,0.19,571.38,521.00,231.79,136,,,,,
JNE3817,2,0.12,953,0.15,574.18,474.00,230.97,143,,,,,
JNE3818,2,0.18,"5,800",0.03,548.15,499.00,235.21,174,,,,,
JNE3819,2,0.21,"1,670",0.10,510.12,499.00,245.62,167,,,,,
JNE3820,2,0.10,"4,667",0.03,583.84,499.00,211.04,140,,,,,
JNE3821,2,0.27,955,0.20,465.23,526.00,286.02,191,,,,,
JNE3822,2,0.04,"1,114",0.14,624.47,474.00,240.36,156,,,,,
JNE3823,2,0.10,"2,257",0.07,612.16,526.00,225.51,158,,,,,
JNE3825,2,0.13,"6,650",0.02,269.11,237.00,94.28,133,,,,,
JNE3833,2,0.20,"4,500",0.03,563.34,521.00,241.23,135,,,,,
JNE3834,2,0.24,523,0.30,450.65,517.46,237.79,157,,,,,
JNE3835,2,0.09,"1,377",0.13,526.45,434.17,230.88,179,,,,,
JNE3836,2,0.29,"1,767",0.09,504.20,635.00,300.95,159,,,,,
JNE3837,2,0.09,"3,320",0.00,676.59,635.00,291.75,166,,,,,
JNE3838,2,0.19,"4,433",0.03,460.53,487.00,247.78,133,,,,,
JNE3856,2,0.21,"1,260",0.10,586.11,532.80,268.65,126,,,,,
JNE3860,2,0.10,716,0.19,894.10,736.00,357.59,136,,,,,
JNE3861,2,0.12,"6,100",0.02,901.71,791.00,432.35,122,,,,,
JNE3863,2,0.30,"1,092",0.13,521.64,571.27,282.92,142,,,,,
JNE3864,2,0.10,"1,962",0.08,672.11,599.00,307.92,157,,,,,
JNE3865,2,0.26,"1,888",0.08,609.44,596.15,294.69,151,,,,,
JNE3869,2,0.08,"1,029",0.14,807.83,717.57,286.03,144,,,,,
JNE3870,2,0.22,"8,100",0.02,661.88,717.19,322.08,162,,,,,
JNE3878,2,0.03,"1,682",0.11,522.97,487.00,211.63,185,,,,,
JNE3879,2,0.27,"5,133",0.03,765.19,791.00,328.93,154,,,,,
JNE3880,2,0.07,"19,000",0.01,838.74,690.00,321.03,190,,,,,
JNE3881,2,0.14,"1,556",0.09,840.42,825.00,441.56,140,,,,,
JNE3887,2,0.20,"6,600",0.02,499.76,590.00,265.64,132,,,,,
JNE3890,2,0.14,"5,900",0.03,833.14,721.00,307.72,177,,,,,
JNE3892,2,0.28,78,1.75,569.92,751.00,404.71,137,,,,,
JNE3894,2,0.10,"1,800",0.09,876.17,751.00,372.80,162,,,,,
JNE3895,2,0.28,"1,775",0.08,751.38,751.00,317.88,142,,,,,
MEN5001,2,0.07,900,0.19,553.93,495.04,235.94,171,,,,,
MEN5002,2,0.01,"3,050",0.04,558.35,498.12,263.16,122,,,,,
MEN5003,2,0.30,"3,950",0.04,374.28,412.35,206.90,158,,,,,
MEN5004,2,0.03,"6,233",0.03,574.11,443.02,216.32,187,,,,,
MEN5005,2,0.00,"2,933",0.06,553.60,446.00,196.33,176,,,,,
MEN5006,2,0.11,"1,700",0.08,586.97,475.00,215.16,136,,,,,
MEN5007,2,0.11,850,0.18,451.53,475.00,232.50,153,,,,,
MEN5008,2,0.28,"2,367",0.06,374.76,424.32,162.21,142,,,,,
MEN5009,2,0.17,"2,760",0.05,482.98,447.11,199.87,138,,,,,
MEN5010,2,0.25,"4,300",0.03,475.54,469.00,239.04,129,,,,,
MEN5011,2,0.08,"6,167",0.03,484.08,472.86,251.89,185,,,,,
MEN5012,2,0.26,"1,156",0.16,487.22,495.04,259.41,185,,,,,
MEN5013,2,0.19,"2,400",0.06,446.75,443.56,225.41,144,,,,,
MEN5014,2,0.10,"1,092",0.13,527.53,493.06,257.71,142,,,,,
MEN5015,2,0.18,"8,850",0.02,379.49,422.22,218.83,177,,,,,
MEN5016,2,0.16,548,0.31,536.93,472.49,236.97,170,,,,,
MEN5017,2,0.06,"2,000",0.06,570.27,549.00,285.77,120,,,,,
MEN5018,2,0.01,450,0.30,457.82,399.20,158.70,135,,,,,
MEN5019,2,0.20,880,0.15,435.89,473.17,253.79,132,,,,,
MEN5020,2,0.20,"5,133",0.03,489.97,452.00,208.30,154,,,,,
MEN5021,2,0.24,"1,321",0.14,515.20,527.36,253.26,185,,,,,
MEN5022,2,0.04,"3,080",0.00,644.83,505.47,193.59,154,,,,,
MEN5023,2,0.22,"1,073",0.11,466.65,525.87,279.21,118,,,,,
MEN5024,2,0.22,"2,250",0.08,489.95,495.11,238.82,180,,,,,
MEN5025,2,0.03,"1,035",0.17,622.73,513.55,197.81,176,,,,,
MEN5026,2,0.03,"1,500",0.09,641.59,493.06,198.64,135,,,,,
MEN5027,2,0.23,591,0.23,492.09,467.46,192.17,136,,,,,
MEN5028,2,0.07,932,0.19,487.13,496.84,251.48,177,,,,,
MEN5029,2,0.07,985,0.13,565.59,472.94,246.38,128,,,,,
MEN5030,2,0.19,750,0.18,391.07,452.00,197.22,135,,,,,
MEN5031,2,0.21,962,0.16,530.16,540.29,211.80,154,,,,,
MEN5032,2,0.04,442,0.38,600.29,543.43,247.45,168,,,,,
NW001,2,0.23,"2,600",0.05,399.00,447.72,202.74,130,,,,,
NW002,2,0.13,"1,517",0.12,483.94,474.00,238.14,182,,,,,
NW003,2,0.25,"2,014",0.07,493.36,519.00,217.56,141,,,,,
NW004,2,0.22,"3,150",0.04,451.46,496.00,257.03,126,,,,,
NW005,2,0.23,174,0.74,602.57,599.00,296.49,129,,,,,
NW007,2,0.16,"2,460",0.05,560.52,560.00,267.50,123,,,,,
NW008,2,0.24,330,0.37,475.02,582.00,269.88,122,,,,,
NW009,2,0.18,"3,150",0.04,636.36,586.00,298.15,126,,,,,
NW012,2,0.22,"4,025",0.04,502.33,560.00,297.07,161,,,,,
NW013,2,0.10,"1,886",0.07,536.34,496.00,221.31,132,,,,,
NW014,2,0.06,213,0.60,679.01,560.00,280.52,128,,,,,
NW015,2,0.18,"14,200",0.01,505.31,528.33,238.38,142,,,,,
NW016,2,0.03,"1,525",0.08,581.12,560.00,293.30,122,,,,,
NW020,2,0.24,"1,000",0.12,471.17,525.00,245.81,120,,,,,
NW022,2,0.15,"3,280",0.00,692.35,590.00,271.08,164,,,,,
NW024,2,0.15,"1,800",0.07,634.88,586.00,288.77,126,,,,,
NW027,2,0.09,"1,420",0.10,716.82,613.00,323.14,142,,,,,
NW028,2,0.19,"1,678",0.09,579.75,563.00,303.58,151,,,,,
NW029,2,0.29,"2,560",0.00,376.81,474.00,180.93,128,,,,,
NW030,2,0.29,860,0.15,492.03,579.23,286.83,129,,,,,
NW031,2,0.12,"3,075",0.04,692.02,599.00,246.98,123,,,,,
NW032,2,0.02,"1,150",0.10,536.87,504.69,255.73,115,,,,,
NW033,2,0.01,595,0.22,661.02,582.00,252.67,131,,,,,
NW034,2,0.04,"1,344",0.09,674.82,613.00,257.93,121,,,,,
NW035,2,0.13,724,0.21,521.65,499.17,224.00,152,,,,,
NW037,2,0.04,"2,540",0.05,598.91,447.81,210.40,127,,,,,
NW038,2,0.26,"9,117",0.06,417.10,525.00,240.60,547,,,,,
NW039,2,0.12,756,0.16,536.46,495.00,237.59,121,,,,,
PJ0096,2,0.29,"1,286",0.14,820.88,"1,039.00",509.83,180,,,,,
PJNE2171,2,0.14,"2,529",0.07,"1,313.50","1,099.00",581.23,177,,,,,
PJNE3405,2,0.01,"4,350",0.04,824.17,764.00,398.87,174,,,,,
SAR 23.00,2,0.11,"4,433",0.03,837.58,790.00,328.31,133,,,,,
SAR 24.00,2,0.25,"1,600",0.11,775.14,790.00,391.69,176,,,,,
SAR 51.00,2,0.07,920,0.15,"1,084.04",899.00,398.80,138,,,,,
SAR 96.00,2,0.16,"1,046",0.13,652.07,648.00,258.80,136,,,,,
SET004,2,0.14,"1,400",0.09,686.98,682.00,270.00,126,,,,,
SET014,2,0.13,"1,136",0.11,846.28,818.00,363.09,125,,,,,
SET024,2,0.11,"13,100",0.01,641.61,631.00,280.99,131,,,,,
SET038,2,0.03,926,0.19,630.07,579.00,256.66,176,,,,,
SET043,2,0.04,"12,400",0.01,"1,072.00",916.00,451.65,124,,,,,
SET044,2,0.05,"2,660",0.00,660.59,607.84,319.92,133,,,,,
SET048,2,0.03,610,0.21,723.23,648.00,268.93,128,,,,,
SET053,2,0.03,"1,510",0.10,743.64,599.00,266.31,151,,,,,
SET055,2,0.10,431,0.26,781.31,625.00,287.07,112,,,,,
SET058,2,0.03,"1,245",0.11,"1,036.25",847.00,337.14,137,,,,,
SET062,2,0.25,"1,488",0.08,552.47,684.00,284.50,119,,,,,
SET073,2,0.04,"1,164",0.14,849.90,822.43,431.13,163,,,,,
SET075,2,0.09,"3,200",0.00,815.53,648.00,322.06,160,,,,,
SET078,2,0.13,"6,450",0.02,460.85,459.00,234.27,129,,,,,
SET085,2,0.05,788,0.16,410.22,399.00,202.59,126,,,,,
SET087,2,0.11,"13,500",0.01,"1,037.02",925.00,391.76,135,,,,,
SET094,2,0.22,"12,900",0.01,749.86,758.00,413.76,129,,,,,
SET098,2,0.13,"15,800",0.01,773.23,696.00,292.59,158,,,,,
SET100,2,0.19,"16,500",0.01,755.87,816.00,327.18,165,,,,,
SET110,2,0.13,124,1.00,715.09,778.88,383.09,124,,,,,
SET116,2,0.01,"2,500",0.05,608.97,443.25,235.45,125,,,,,
SET121,2,0.16,"15,000",0.01,473.10,495.00,199.03,150,,,,,
SET128,2,0.05,"17,700",0.01,"1,384.84","1,133.00",460.11,177,,,,,
SET130,2,0.12,"2,620",0.00,624.48,547.00,288.99,131,,,,,
SET131,2,0.26,243,0.53,615.29,658.07,317.49,129,,,,,
SET132,2,0.30,435,0.31,443.98,547.00,226.71,135,,,,,
SET138,2,0.23,"1,675",0.08,649.71,737.00,376.63,134,,,,,
SET139,2,0.08,"1,023",0.13,524.78,453.00,193.53,133,,,,,
SET144,2,0.00,"2,900",0.05,"1,046.87",773.67,330.81,145,,,,,
SET145,2,0.03,"1,588",0.08,961.72,717.75,316.53,127,,,,,
SET147,2,0.09,"3,123",0.13,676.63,684.00,295.51,406,,,,,
SET154,2,0.10,274,0.47,826.82,832.00,454.59,129,,,,,
SET156,2,0.15,424,0.41,840.27,716.00,287.33,174,,,,,
SET158,2,0.09,"1,079",0.14,941.36,791.00,388.56,151,,,,,
SET159,2,0.27,"2,157",0.07,460.34,464.00,213.48,151,,,,,
SET165,2,0.06,375,0.36,597.43,567.00,294.35,135,,,,,
SET171,2,0.01,"3,150",0.04,984.53,792.00,313.29,126,,,,,
SET172,2,0.23,261,0.44,965.54,968.00,436.40,115,,,,,
SET179,2,0.29,"1,375",0.08,456.34,499.00,240.45,110,,,,,
SET182,2,0.15,"1,100",0.15,666.15,657.00,309.75,165,,,,,
SET183,2,0.29,558,0.24,565.00,754.02,293.28,134,,,,,
SET184,2,0.20,"16,500",0.01,566.32,564.51,295.76,165,,,,,
SET186,2,0.15,933,0.12,610.68,631.00,292.78,112,,,,,
SET187,2,0.18,"2,580",0.05,592.56,598.41,266.92,129,,,,,
SET188,2,0.18,658,0.19,772.36,680.00,371.91,125,,,,,
SET192,2,0.17,168,0.69,671.45,680.00,273.18,116,,,,,
SET194,2,0.22,893,0.14,537.55,512.80,232.77,125,,,,,
SET195,2,0.25,212,0.66,605.11,722.96,312.01,140,,,,,
SET196,2,0.12,583,0.24,903.76,799.00,314.15,140,,,,,
SET197,2,0.15,638,0.21,897.42,758.50,325.98,134,,,,,
SET198,2,0.14,595,0.21,511.65,548.00,287.19,125,,,,,
SET200,2,0.06,80,1.83,562.17,568.00,256.75,147,,,,,
SET201,2,0.23,"2,175",0.08,550.58,595.00,265.88,174,,,,,
SET203,2,0.21,"2,520",0.00,383.94,449.00,214.58,126,,,,,
SET204,2,0.14,298,0.40,614.90,545.00,231.52,119,,,,,
SET205,2,0.14,756,0.16,470.13,399.00,156.07,121,,,,,
SET206,2,0.04,"3,775",0.04,606.92,526.00,206.54,151,,,,,
SET209,2,0.10,"2,420",0.05,562.52,548.00,259.40,121,,,,,
SET210,2,0.22,"3,360",0.05,539.12,575.00,305.18,168,,,,,
SET217,2,0.16,"5,267",0.03,898.82,821.07,314.12,158,,,,,
SET218,2,0.29,"1,922",0.09,522.68,699.00,284.76,173,,,,,
SET219,2,0.29,"1,511",0.09,590.49,662.00,350.07,136,,,,,
SET220,2,0.22,"2,043",0.07,"1,075.15","1,089.94",428.85,143,,,,,
SET221,2,0.30,979,0.14,636.34,714.00,287.11,137,,,,,
SET223,2,0.11,574,0.19,654.41,648.00,299.24,109,,,,,
SET224,2,0.29,"3,867",0.03,"1,197.29","1,297.25",583.09,116,,,,,
SET225,2,0.22,"3,275",0.04,615.24,729.00,284.57,131,,,,,
SET227,2,0.03,"1,250",0.10,620.19,571.00,275.32,125,,,,,
SET228,2,0.12,"13,000",0.01,779.85,653.00,353.07,130,,,,,
SET229,2,0.08,630,0.20,890.86,740.00,364.83,126,,,,,
SET230,2,0.17,558,0.26,699.52,799.00,330.40,145,,,,,
SET232,2,0.25,"1,389",0.09,425.50,499.00,274.06,125,,,,,
SET233,2,0.26,213,0.62,451.19,541.95,267.35,132,,,,,
SET236,2,0.06,"1,967",0.06,784.47,729.00,351.60,118,,,,,
SET239,2,0.19,"1,633",0.09,598.54,650.11,298.17,147,,,,,
SET240,2,0.25,"1,900",0.07,505.66,629.00,247.59,133,,,,,
SET241,2,0.11,"7,750",0.02,384.65,357.00,147.87,155,,,,,
SET242,2,0.13,"3,600",0.04,660.37,581.00,285.34,144,,,,,
SET243,2,0.01,"4,367",0.03,667.36,534.00,203.11,131,,,,,
SET244,2,0.01,"12,900",0.01,"1,016.85",799.00,392.32,129,,,,,
SET245,2,0.29,"14,800",0.01,764.90,999.00,424.20,148,,,,,
SET246,2,0.11,"2,700",0.04,556.72,452.29,213.99,108,,,,,
SET247,2,0.05,626,0.23,799.60,626.50,320.65,144,,,,,
SET248,2,0.28,"1,075",0.12,577.52,602.29,284.93,129,,,,,
SET249,2,0.03,"2,900",0.04,"1,078.70",831.11,437.21,116,,,,,
SET250,2,0.02,103,1.20,911.03,675.37,351.20,124,,,,,
SET251,2,0.25,"13,600",0.01,706.15,759.00,353.15,136,,,,,
SET252,2,0.06,"6,400",0.02,796.52,756.51,362.20,128,,,,,
SET253,2,0.03,"2,100",0.07,900.17,733.10,289.19,147,,,,,
SET254,2,0.12,605,0.19,"1,021.39",886.00,432.72,115,,,,,
SET257,2,0.28,"1,244",0.09,523.74,556.01,250.93,112,,,,,
SET258,2,0.25,821,0.14,814.38,881.00,389.86,115,,,,,
SET260,2,0.21,"2,680",0.00,484.45,571.00,312.78,134,,,,,
SET262,2,0.10,"6,200",0.02,631.83,595.00,291.78,124,,,,,
SET264,2,0.22,"2,000",0.06,857.67,801.28,416.45,120,,,,,
SET265,2,0.10,"1,586",0.07,"1,001.45",886.94,342.91,111,,,,,
SET266,2,0.23,"3,125",0.04,702.79,737.00,386.72,125,,,,,
SET267,2,0.15,"2,420",0.00,828.56,852.00,408.55,121,,,,,
SET268,2,0.30,"15,500",0.01,630.82,764.38,409.32,155,,,,,
SET269,2,0.16,"1,660",0.10,932.44,814.19,309.83,166,,,,,
SET270,2,0.05,"1,529",0.07,692.45,568.00,263.91,107,,,,,
SET271,2,0.17,"2,860",0.05,984.71,895.00,401.66,143,,,,,
SET272,2,0.01,"1,038",0.13,"1,019.78",852.00,458.88,135,,,,,
SET273,2,0.22,"3,450",0.04,606.53,612.00,258.57,138,,,,,
SET274,2,0.08,"1,422",0.09,713.36,682.00,350.76,128,,,,,
SET275,2,0.21,529,0.24,675.18,659.00,261.84,127,,,,,
SET276,2,0.08,"1,529",0.07,"1,366.37","1,238.00",637.73,107,,,,,
SET277,2,0.03,"1,500",0.10,"1,563.78","1,338.00",692.53,150,,,,,
SET278,2,0.12,767,0.18,"1,613.00","1,435.07",780.37,138,,,,,
SET279,2,0.10,"3,750",0.04,"1,082.33",872.90,410.04,150,,,,,
SET280,2,0.22,"3,733",0.03,663.90,793.69,360.32,112,,,,,
SET281,2,0.19,532,0.22,541.07,499.00,268.88,117,,,,,
SET282,2,0.21,"2,900",0.04,954.11,"1,048.08",438.26,116,,,,,
SET285,2,0.28,"1,211",0.09,433.07,499.00,236.00,109,,,,,
SET286,2,0.29,"3,200",0.04,470.09,626.00,288.49,128,,,,,
SET287,2,0.16,"2,283",0.06,646.36,666.00,316.40,137,,,,,
SET288,2,0.24,"2,875",0.04,634.25,680.74,328.03,115,,,,,
SET290,2,0.03,"2,186",0.07,764.52,736.83,385.81,153,,,,,
SET291,2,0.22,"1,814",0.07,537.98,564.48,293.00,127,,,,,
SET293,2,0.03,"1,000",0.14,929.06,696.84,281.17,140,,,,,
SET295,2,0.06,829,0.17,767.28,751.00,292.26,141,,,,,
SET297,2,0.23,"1,177",0.13,782.19,771.00,375.12,153,,,,,
SET300,2,0.21,"11,600",0.01,941.83,999.00,503.47,116,,,,,
SET302,2,0.25,"3,060",0.05,900.95,939.00,393.98,153,,,,,
SET303,2,0.22,412,0.33,790.36,888.00,391.18,136,,,,,
SET304,2,0.18,"2,357",0.07,"1,055.00","1,163.47",559.06,165,,,,,
SET305,2,0.14,"2,140",0.05,893.27,939.00,512.40,107,,,,,
SET306,2,0.22,643,0.21,583.42,696.00,364.32,135,,,,,
SET307,2,0.18,"7,650",0.02,672.91,736.00,315.22,153,,,,,
SET308,2,0.16,645,0.20,749.79,696.00,304.84,129,,,,,
SET310,2,0.20,280,0.44,"1,318.38","1,213.00",661.56,123,,,,,
SET311,2,0.23,89,1.32,"1,001.18",974.00,469.15,117,,,,,
SET316,2,0.11,"1,164",0.14,"1,271.85","1,107.96",482.83,163,,,,,
SET317,2,0.09,"1,850",0.08,"1,174.94","1,186.00",648.33,148,,,,,
SET318,2,0.15,906,0.16,969.09,990.35,527.17,145,,,,,
SET319,2,0.12,"2,625",0.04,824.90,809.18,335.01,105,,,,,
SET320,2,0.23,"1,550",0.08,749.74,856.00,444.82,124,,,,,
SET321,2,0.03,"1,867",0.06,"1,120.55",939.00,412.25,112,,,,,
SET322,2,0.20,979,0.14,"1,055.83","1,066.55",543.42,137,,,,,
SET323,2,0.08,509,0.22,"1,005.92",930.62,496.11,112,,,,,
SET324,2,0.28,62,2.00,508.53,601.70,306.06,125,,,,,
SET325,2,0.16,596,0.23,742.51,659.66,281.82,137,,,,,
SET326,2,0.21,113,1.16,697.79,666.00,269.42,131,,,,,
SET327,2,0.00,"1,308",0.12,991.02,856.00,349.99,157,,,,,
SET328,2,0.18,600,0.19,662.32,589.64,284.49,114,,,,,
SET329,2,0.09,"2,350",0.06,782.58,621.60,271.28,141,,,,,
SET330,2,0.07,635,0.17,713.82,659.20,339.59,108,,,,,
SET331,2,0.23,"2,620",0.05,535.73,592.61,296.40,131,,,,,
SET332,2,0.03,753,0.15,567.84,477.11,189.71,113,,,,,
SET333,2,0.13,"1,767",0.09,"1,192.16",993.40,544.18,159,,,,,
SET334,2,0.01,767,0.15,894.53,666.00,356.62,115,,,,,
SET336,2,0.23,"4,100",0.03,730.79,874.00,449.81,123,,,,,
SET337,2,0.16,578,0.27,871.78,874.00,476.76,156,,,,,
SET338,2,0.02,348,0.40,"1,445.50","1,186.00",555.55,139,,,,,
SET339,2,0.10,113,1.14,740.24,670.82,348.26,129,,,,,
SET340,2,0.05,"1,218",0.11,831.51,783.00,353.04,134,,,,,
SET341,2,0.21,"2,317",0.06,959.20,899.00,430.04,139,,,,,
SET342,2,0.24,"14,900",0.01,895.91,916.00,364.79,149,,,,,
SET343,2,0.17,"1,050",0.10,"1,021.26",916.00,376.51,105,,,,,
SET344,2,0.09,483,0.24,"1,142.80",929.85,457.39,116,,,,,
SET345,2,0.26,"1,440",0.10,597.89,615.86,311.56,144,,,,,
SET346,2,0.02,120,1.21,"1,074.66",911.00,442.25,145,,,,,
SET347,2,0.14,"1,829",0.07,885.53,814.82,366.38,128,,,,,
SET348,2,0.06,"1,036",0.11,964.55,927.67,467.94,114,,,,,
SET349,2,0.17,"1,244",0.09,912.03,854.60,379.35,112,,,,,
SET350,2,0.20,"1,200",0.10,"1,146.45","1,287.87",618.69,120,,,,,
SET351,2,0.11,"1,443",0.07,686.27,596.41,272.05,101,,,,,
SET353,2,0.25,"1,220",0.10,376.41,444.00,211.28,122,,,,,
SET355,2,0.06,292,0.50,"1,434.92","1,399.00",699.42,146,,,,,
SET356,2,0.18,"3,533",0.03,998.37,"1,099.00",427.25,106,,,,,
SET358,2,0.07,823,0.13,"1,078.12","1,103.33",463.61,107,,,,,
SET359,2,0.02,"1,110",0.10,"1,401.80","1,099.00",578.27,111,,,,,
SET360,2,0.09,281,0.54,"1,325.52","1,115.03",448.65,152,,,,,
SET361,2,0.08,907,0.14,"1,092.36",965.14,450.85,127,,,,,
SET363,2,0.29,521,0.19,"1,051.13","1,338.00",532.43,99,,,,,
SET364,2,0.02,"2,400",0.05,"1,165.54","1,102.00",456.26,120,,,,,
SET365,2,0.24,"1,086",0.14,758.61,944.62,451.26,152,,,,,
SET366,2,0.26,"1,155",0.11,899.22,"1,096.71",599.00,127,,,,,
SET369,2,0.12,281,0.54,"1,384.19","1,155.05",582.52,152,,,,,
SET374,2,0.28,"2,517",0.06,474.24,580.56,256.79,151,,,,,
SET375,2,0.05,"2,360",0.00,774.07,694.05,351.30,118,,,,,
SET376,2,0.08,481,0.27,665.95,666.00,350.52,130,,,,,
SET377,2,0.25,"2,000",0.06,"1,031.16","1,219.05",497.45,120,,,,,
SET378,2,0.02,"1,629",0.07,"1,483.28","1,228.80",470.20,114,,,,,
SET380,2,0.24,"1,633",0.06,"1,023.07","1,066.07",491.07,98,,,,,
SET383,2,0.24,"12,000",0.01,543.85,630.00,328.11,120,,,,,
SET384,2,0.20,880,0.15,537.90,628.27,316.46,132,,,,,
SET385,2,0.14,"1,280",0.10,639.34,626.38,342.55,128,,,,,
SET386,2,0.23,480,0.25,546.50,626.99,247.39,120,,,,,
SET388,2,0.10,"14,300",0.01,"1,275.42","1,257.62",666.51,143,,,,,
SET389,2,0.09,"2,417",0.06,845.96,670.75,303.17,145,,,,,
SET390,2,0.01,"1,140",0.10,"1,251.80",999.00,502.91,114,,,,,
SET392,2,0.15,"1,825",0.08,794.69,751.00,342.30,146,,,,,
SET393,2,0.22,"1,070",0.10,902.30,967.61,425.03,107,,,,,
SET394,2,0.23,"1,122",0.09,"1,183.77","1,281.00",523.86,101,,,,,
SET395,2,0.15,"4,400",0.03,"1,193.52","1,133.00",583.39,132,,,,,
SET396,2,0.19,733,0.15,"1,204.08","1,149.00",629.80,110,,,,,
SET397,2,0.04,"12,600",0.01,"1,337.10","1,074.90",566.18,126,,,,,
SET398,2,0.08,329,0.31,"1,157.86","1,133.73",450.09,102,,,,,
SET400,2,0.20,"3,700",0.04,"1,228.96","1,254.00",503.40,148,,,,,
SET401,2,0.19,441,0.32,"1,147.21","1,186.00",525.78,141,,,,,
SET402,2,0.23,105,1.47,"1,198.53","1,149.00",515.26,154,,,,,
SET405,2,0.03,"1,273",0.11,872.96,708.07,309.39,140,,,,,
SET408,2,0.25,530,0.20,555.44,599.00,311.59,106,,,,,
SET409,2,0.10,161,0.71,756.62,771.00,309.54,114,,,,,
SET413,2,0.17,"1,600",0.08,892.42,852.00,336.16,128,,,,,
SET433,2,0.00,"10,600",0.01,726.62,666.00,254.88,106,,,,,
AN202,3,0.17,467,0.27,222.01,229.00,88.94,126,,,,,
AN208,3,0.18,"2,140",0.05,206.56,229.00,119.88,107,,,,,
BL003,3,0.20,"2,320",0.05,429.72,415.68,167.41,116,,,,,
BL007,3,0.28,"1,662",0.08,273.90,339.00,142.17,133,,,,,
BL009,3,0.01,"1,156",0.09,395.71,336.69,184.00,104,,,,,
BL017,3,0.06,"1,357",0.07,485.76,379.00,181.53,95,,,,,
BL021,3,0.30,"5,257",0.07,328.29,418.17,193.10,368,,,,,
BL022,3,0.18,"1,189",0.09,421.82,419.00,200.44,107,,,,,
BL025,3,0.05,282,0.45,435.44,383.00,207.59,127,,,,,
BL029,3,0.15,515,0.20,373.23,415.68,176.50,103,,,,,
BL035,3,0.23,825,0.16,380.24,372.00,191.17,132,,,,,
BL036,3,0.30,"3,900",0.03,315.05,419.00,213.44,117,,,,,
BL041,3,0.15,700,0.15,395.87,383.00,203.46,105,,,,,
BL055,3,0.24,"2,133",0.06,358.97,379.00,185.60,128,,,,,
BL056,3,0.25,"1,064",0.14,364.79,383.00,191.95,149,,,,,
BL057,3,0.09,"9,700",0.01,449.96,383.00,198.71,97,,,,,
BL060,3,0.18,610,0.20,391.22,419.00,209.34,122,,,,,
BL073,3,0.22,"3,533",0.03,352.52,429.00,218.91,106,,,,,
BL074,3,0.20,"1,817",0.06,447.26,429.00,232.88,109,,,,,
BL087,3,0.28,958,0.12,409.85,460.00,195.29,115,,,,,
BL090,3,0.16,530,0.27,518.80,460.00,251.60,143,,,,,
BL098,3,0.22,909,0.11,437.12,419.00,160.09,100,,,,,
BL099,3,0.20,544,0.18,278.72,259.00,119.34,98,,,,,
BL101,3,0.10,"2,400",0.05,273.35,249.00,126.56,120,,,,,
BL102,3,0.16,344,0.32,253.84,259.00,123.43,110,,,,,
BL103,3,0.23,686,0.14,465.56,455.62,228.03,96,,,,,
BL104,3,0.09,39,2.94,541.92,493.00,219.87,115,,,,,
BL109,3,0.22,"2,850",0.04,450.18,518.00,259.17,114,,,,,
BL110,3,0.06,"12,400",0.01,417.27,329.00,160.46,124,,,,,
BTM002,3,0.24,964,0.11,534.97,518.00,247.23,106,,,,,
BTM003,3,0.03,"1,042",0.12,609.59,518.00,251.06,125,,,,,
BTM005,3,0.04,"4,633",0.03,535.32,518.00,225.05,139,,,,,
BTM021,3,0.12,559,0.17,540.51,518.00,265.68,95,,,,,
BTM026,3,0.12,"2,900",0.05,606.83,518.00,250.62,145,,,,,
BTM029,3,0.19,"1,683",0.06,572.99,518.00,267.32,101,,,,,
BTM030,3,0.02,"2,200",0.06,312.06,284.00,131.37,132,,,,,
BTM031,3,0.19,"5,550",0.02,450.39,518.00,201.25,111,,,,,
BTM035,3,0.15,"6,100",0.02,327.60,284.00,118.24,122,,,,,
BTM036,3,0.08,72,1.48,383.55,351.43,156.99,106,,,,,
BTM038,3,0.06,"3,400",0.03,428.84,368.03,198.34,102,,,,,
BTM039,3,0.14,740,0.15,429.98,360.00,139.93,111,,,,,
BTM040,3,0.00,779,0.14,370.29,345.00,133.12,109,,,,,
BTM041,3,0.13,408,0.25,383.26,345.00,142.34,102,,,,,
BTM042,3,0.21,"1,080",0.10,279.65,329.00,163.91,108,,,,,
BTM043,3,0.11,"1,500",0.08,396.40,377.00,201.09,120,,,,,
BTM044,3,0.23,151,0.63,369.05,360.00,156.12,95,,,,,
BTM045,3,0.09,"1,262",0.08,377.28,345.00,172.82,101,,,,,
BTM047,3,0.30,"1,960",0.05,337.86,345.00,163.94,98,,,,,
CH202,3,0.11,"11,700",0.01,302.66,273.00,146.00,117,,,,,
CH203,3,0.15,"2,240",0.05,269.74,273.00,130.77,112,,,,,
CH204,3,0.25,514,0.21,240.06,284.00,150.31,108,,,,,
CH205,3,0.01,"2,340",0.05,316.94,273.00,109.35,117,,,,,
CH208,3,0.20,164,0.67,257.80,273.00,136.36,110,,,,,
CH209,3,0.02,"1,671",0.07,287.35,273.00,106.30,117,,,,,
CH213,3,0.28,"1,191",0.11,231.81,273.00,128.46,131,,,,,
J0001,3,0.13,"4,633",0.03,727.85,690.00,321.42,139,,,,,
J0002,3,0.11,"1,488",0.08,"1,225.73","1,057.00",575.17,119,,,,,
J0003,3,0.27,975,0.12,610.39,653.31,258.33,117,,,,,
J0004,3,0.08,"9,100",0.01,"1,354.17","1,133.93",573.78,91,,,,,
J0005,3,0.16,234,0.47,786.71,889.49,389.04,110,,,,,
J0006,3,0.02,"2,440",0.05,902.40,817.64,406.38,122,,,,,
J0007,3,0.23,818,0.17,"1,052.93","1,066.99",492.51,139,,,,,
J0008,3,0.22,"1,614",0.07,"1,029.63","1,082.53",494.78,113,,,,,
J0009,3,0.02,"1,833",0.06,"1,029.79",999.00,518.06,110,,,,,
J0010,3,0.27,"2,680",0.00,965.94,993.71,382.75,134,,,,,
J0011,3,0.03,"4,950",0.02,"2,171.07","1,695.00",708.90,99,,,,,
J0012,3,0.24,"11,600",0.01,"1,086.36","1,150.95",449.20,116,,,,,
J0013,3,0.10,"10,300",0.01,"1,061.56","1,099.00",437.27,103,,,,,
J0014,3,0.08,"6,550",0.02,"1,963.03","1,618.57",725.70,131,,,,,
J0015,3,0.10,"1,288",0.08,638.94,566.00,252.28,103,,,,,
J0019,3,0.25,396,0.26,582.75,587.00,306.18,103,,,,,
J0020,3,0.19,"1,312",0.08,607.33,571.00,224.56,105,,,,,
J0023,3,0.12,"1,943",0.07,467.36,399.00,213.45,136,,,,,
J0024,3,0.26,955,0.11,299.77,329.00,125.51,105,,,,,
J0025,3,0.15,"1,275",0.08,526.69,563.75,291.28,102,,,,,
J0026,3,0.12,"1,150",0.10,359.57,318.00,139.02,115,,,,,
J0027,3,0.04,"1,000",0.10,0.00,0.00,0.00,100,,,,,
J0029,3,0.26,"1,920",0.05,334.39,345.00,166.95,96,,,,,
J0034,3,0.09,"1,090",0.10,723.89,717.00,293.34,109,,,,,
J0036,3,0.16,"2,500",0.00,323.13,344.00,175.65,125,,,,,
J0041,3,0.10,"1,078",0.09,806.41,658.04,330.49,97,,,,,
J0043,3,0.05,"3,000",0.04,791.76,635.00,247.48,120,,,,,
J0048,3,0.21,"1,140",0.10,366.33,339.00,182.15,114,,,,,
J0049,3,0.10,368,0.28,389.53,329.00,125.75,103,,,,,
J0062,3,0.21,"1,350",0.08,488.36,491.00,269.59,108,,,,,
J0070,3,0.27,"2,950",0.04,296.89,318.00,173.21,118,,,,,
J0072,3,0.05,459,0.29,411.22,318.00,160.72,133,,,,,
J0077,3,0.11,"1,220",0.10,"1,290.94","1,158.00",485.07,122,,,,,
J0078,3,0.23,"1,600",0.06,977.95,999.00,536.87,96,,,,,
J0079,3,0.05,"1,814",0.07,"1,633.07","1,556.00",683.96,127,,,,,
J0080,3,0.28,"1,920",0.05,464.85,531.00,259.69,96,,,,,
J0081,3,0.22,"3,450",0.04,667.59,658.00,348.94,138,,,,,
J0082,3,0.01,143,0.87,408.02,360.00,194.85,124,,,,,
J0083,3,0.11,"13,000",0.01,421.09,422.14,196.56,130,,,,,
J0087,3,0.13,245,0.51,331.98,329.00,146.09,125,,,,,
J0088,3,0.14,"8,700",0.01,389.30,399.00,197.01,87,,,,,
J0089,3,0.03,595,0.19,392.93,360.00,194.11,113,,,,,
J0090,3,0.22,"1,056",0.09,519.35,555.46,276.14,95,,,,,
J0091,3,0.18,"3,900",0.03,334.22,298.00,147.43,117,,,,,
J0092,3,0.11,705,0.19,840.01,768.92,327.54,134,,,,,
J0093,3,0.18,279,0.47,582.81,637.00,281.31,131,,,,,
J0094,3,0.02,671,0.17,599.47,568.00,226.73,114,,,,,
J0095,3,0.15,"6,050",0.02,693.28,630.48,296.15,121,,,,,
J0096,3,0.18,136,0.81,548.95,565.42,299.49,110,,,,,
J0097,3,0.06,"1,940",0.00,684.14,544.10,233.28,97,,,,,
J0098,3,0.19,"11,800",0.01,430.66,415.11,174.62,118,,,,,
J0101,3,0.05,"2,625",0.04,"1,008.54",799.00,363.21,105,,,,,
J0102,3,0.13,"1,357",0.07,"1,181.62","1,186.00",630.81,95,,,,,
J0103,3,0.01,713,0.54,"1,711.84","1,338.00",560.54,385,,,,,
J0104,3,0.02,"2,067",0.06,412.14,368.13,171.57,124,,,,,
J0105,3,0.23,854,0.13,"1,060.52",999.00,460.67,111,,,,,
J0106,3,0.22,"6,200",0.02,991.74,999.00,476.84,124,,,,,
J0108,3,0.08,907,0.14,"1,059.77",989.99,540.21,127,,,,,
J0109,3,0.19,908,0.13,"1,124.34","1,213.00",644.90,118,,,,,
J0110,3,0.23,"1,860",0.05,743.00,864.00,464.16,93,,,,,
J0111,3,0.18,"1,783",0.06,443.19,417.97,227.65,107,,,,,
J0112,3,0.24,"1,160",0.10,307.37,359.00,158.61,116,,,,,
J0113,3,0.02,964,0.11,651.82,528.56,262.46,106,,,,,
J0114,3,0.26,194,0.51,286.64,339.00,144.48,99,,,,,
J0116,3,0.16,"2,540",0.00,405.89,377.00,175.59,127,,,,,
J0117,3,0.16,"1,170",0.10,567.15,505.67,234.40,117,,,,,
J0118,3,0.16,202,0.58,543.34,489.17,193.57,117,,,,,
J0119,3,0.13,842,0.12,610.85,533.41,270.77,101,,,,,
J0120,3,0.16,843,0.14,342.07,365.00,175.29,118,,,,,
J0122,3,0.21,"1,425",0.08,279.99,327.88,138.22,114,,,,,
J0123,3,0.20,"1,588",0.08,276.53,267.00,136.46,127,,,,,
J0124,3,0.05,"10,100",0.01,585.75,523.00,280.81,101,,,,,
J0126,3,0.02,940,0.10,963.03,818.00,409.61,94,,,,,
J0127,3,0.25,547,0.17,943.67,"1,186.00",619.79,93,,,,,
J0129,3,0.09,"2,625",0.04,760.98,733.00,287.30,105,,,,,
J0130,3,0.07,208,0.50,650.74,659.00,271.92,104,,,,,
J0131,3,0.12,"1,633",0.06,412.20,345.00,152.60,98,,,,,
J0132,3,0.13,"2,260",0.05,357.52,362.00,145.47,113,,,,,
J0134,3,0.13,151,0.73,757.16,699.00,362.28,110,,,,,
J0135,3,0.03,"1,780",0.00,607.34,588.66,234.44,89,,,,,
J0139,3,0.19,"1,940",0.05,411.82,396.15,196.47,97,,,,,
J0140,3,0.23,955,0.11,524.23,585.37,311.00,105,,,,,
J0142,3,0.02,263,0.35,552.18,413.00,197.16,92,,,,,
J0143,3,0.04,"1,314",0.07,842.63,645.00,265.05,92,,,,,
J0144,3,0.07,407,0.27,572.58,529.00,251.85,110,,,,,
J0147,3,0.18,519,0.21,652.71,583.00,319.96,109,,,,,
J0148,3,0.06,"4,400",0.03,821.95,625.18,289.57,132,,,,,
J0149,3,0.13,"2,060",0.05,370.42,318.00,152.33,103,,,,,
J0150,3,0.27,274,0.38,412.59,420.00,215.14,104,,,,,
J0151,3,0.24,817,0.12,431.25,499.00,264.28,98,,,,,
J0152,3,0.03,"1,090",0.10,"1,074.65",885.00,435.96,109,,,,,
J0153,3,0.15,500,0.24,395.99,433.96,169.12,120,,,,,
J0154,3,0.03,792,0.12,389.83,371.01,183.67,95,,,,,
J0157,3,0.08,938,0.13,771.43,599.10,257.90,122,,,,,
J0158,3,0.08,"2,640",0.05,772.32,721.00,351.98,132,,,,,
J0159,3,0.27,105,0.78,573.64,599.00,230.49,82,,,,,
J0160,3,0.03,"1,000",0.09,438.11,339.00,130.98,90,,,,,
J0161,3,0.13,769,0.13,555.67,473.00,239.90,100,,,,,
J0162,3,0.18,"3,933",0.03,"1,360.72","1,186.00",552.04,118,,,,,
J0163,3,0.16,"3,125",0.04,"1,130.26","1,186.00",591.64,125,,,,,
J0164,3,0.11,167,0.64,364.55,384.92,193.07,107,,,,,
J0165,3,0.06,287,0.38,398.41,355.00,193.02,109,,,,,
J0167,3,0.24,"1,100",0.10,265.60,319.00,148.19,110,,,,,
J0170,3,0.11,"1,717",0.06,309.75,329.00,135.14,103,,,,,
J0171,3,0.14,146,0.65,493.61,488.00,264.13,95,,,,,
J0172,3,0.29,"1,091",0.11,487.05,518.00,260.36,120,,,,,
J0175,3,0.24,908,0.12,473.35,499.00,215.52,109,,,,,
J0176,3,0.30,"2,420",0.00,314.10,387.00,197.09,121,,,,,
J0178,3,0.22,331,0.26,318.25,319.00,167.59,86,,,,,
J0179,3,0.10,800,0.12,704.37,691.86,322.95,96,,,,,
J0180,3,0.02,747,0.15,468.37,453.00,202.35,112,,,,,
J0181,3,0.28,330,0.30,378.50,399.00,152.59,99,,,,,
J0184,3,0.21,"1,314",0.07,382.75,382.00,166.45,92,,,,,
J0185,3,0.26,"1,900",0.05,778.57,799.00,402.48,95,,,,,
J0186,3,0.01,720,0.15,892.94,848.00,381.31,108,,,,,
J0187,3,0.16,738,0.13,662.20,587.00,246.85,96,,,,,
J0188,3,0.25,"1,138",0.08,379.10,399.00,184.67,91,,,,,
J0189,3,0.00,184,0.44,273.55,219.33,111.77,81,,,,,
J0190,3,0.15,"9,800",0.01,388.20,360.00,153.43,98,,,,,
J0195,3,0.14,432,0.22,773.52,665.00,355.40,95,,,,,
J0196,3,0.06,"1,840",0.05,553.47,469.00,207.54,92,,,,,
J0197,3,0.12,"1,514",0.07,689.33,625.00,276.44,106,,,,,
J0198,3,0.14,528,0.18,715.19,595.40,273.24,95,,,,,
J0201,3,0.21,"1,411",0.09,646.12,622.02,253.78,127,,,,,
J0202,3,0.18,420,0.25,512.74,519.00,257.15,105,,,,,
J0204,3,0.29,"1,614",0.07,691.89,751.00,407.84,113,,,,,
J0205,3,0.20,"1,729",0.07,367.26,387.00,173.98,121,,,,,
J0207,3,0.16,70,1.34,840.12,885.00,384.81,94,,,,,
J0209,3,0.10,"2,850",0.04,811.34,716.10,331.51,114,,,,,
J0210,3,0.16,"2,160",0.00,904.28,783.00,400.50,108,,,,,
J0211,3,0.28,"2,625",0.04,692.11,699.00,307.78,105,,,,,
J0212,3,0.03,481,0.21,890.33,784.72,408.34,101,,,,,
J0213,3,0.03,"10,467",0.03,717.39,599.00,259.09,314,,,,,
J0214,3,0.20,190,0.51,381.54,424.29,205.46,97,,,,,
J0215,3,0.09,"4,900",0.02,688.85,541.29,211.51,98,,,,,
J0216,3,0.26,573,0.15,644.44,625.00,329.14,86,,,,,
J0217,3,0.02,"1,975",0.04,832.43,665.00,327.19,79,,,,,
J0219,3,0.22,"1,225",0.08,644.71,620.75,329.44,98,,,,,
J0220,3,0.12,383,0.24,715.16,625.00,245.50,92,,,,,
J0224,3,0.19,"10,700",0.01,"1,622.73","1,593.00",627.73,107,,,,,
J0228,3,0.24,127,0.71,"1,355.55","1,669.00",844.76,90,,,,,
J0230,3,0.16,"1,414",0.07,"1,111.79","1,094.60",449.96,99,,,,,
J0231,3,0.12,662,0.16,"1,449.88","1,281.00",583.64,106,,,,,
J0232,3,0.09,"1,600",0.00,"1,420.78","1,213.00",557.93,80,,,,,
J0233,3,0.00,"9,600",0.01,"1,226.87","1,039.20",528.83,96,,,,,
J0234,3,0.23,"1,286",0.07,"1,178.81","1,109.70",592.77,90,,,,,
J0236,3,0.04,"4,300",0.02,987.75,928.14,368.40,86,,,,,
J0237,3,0.11,"1,000",0.09,"1,369.49","1,256.00",555.62,90,,,,,
J0238,3,0.24,780,0.10,"2,257.10","2,299.00","1,131.95",78,,,,,
J0239,3,0.09,"1,467",0.06,"1,503.40","1,276.73",626.41,88,,,,,
J0242,3,0.22,541,0.17,"1,144.49","1,149.00",458.68,92,,,,,
J0243,3,0.29,"1,567",0.06,807.14,991.68,413.95,94,,,,,
J0244,3,0.18,"3,067",0.03,"1,104.57","1,219.40",537.58,92,,,,,
J0247,3,0.04,"1,286",0.07,"1,001.77",820.00,428.47,90,,,,,
J0248,3,0.28,367,0.30,724.89,799.20,317.48,110,,,,,
J0249,3,0.02,"1,467",0.06,"1,024.00",939.00,419.65,88,,,,,
J0250,3,0.08,"2,120",0.05,910.30,763.00,389.73,106,,,,,
J0251,3,0.22,"1,417",0.06,719.71,763.00,401.90,85,,,,,
J0252,3,0.09,"4,050",0.02,"1,096.92",939.00,514.98,81,,,,,
J0254,3,0.18,525,0.16,868.94,789.00,420.34,84,,,,,
J0277,3,0.02,"4,250",0.02,"1,636.56","1,505.27",658.11,85,,,,,
J0278,3,0.02,933,0.12,788.07,761.00,417.90,112,,,,,
J0280,3,0.10,"9,300",0.01,"1,753.88","1,473.33",770.06,93,,,,,
J0281,3,0.10,"2,460",0.05,"1,465.50","1,288.86",588.64,123,,,,,
J0282,3,0.04,"1,300",0.08,"1,241.84",999.00,431.95,104,,,,,
J0283,3,0.25,"4,200",0.02,"1,041.79","1,034.02",454.10,84,,,,,
J0284,3,0.18,880,0.10,"1,343.34","1,230.83",630.03,88,,,,,
J0285,3,0.23,"1,767",0.06,"1,401.23","1,312.67",563.04,106,,,,,
J0290,3,0.15,693,0.15,561.74,534.00,272.16,104,,,,,
J0291,3,0.15,"1,122",0.09,891.49,859.00,333.69,101,,,,,
J0292,3,0.24,"1,620",0.05,341.15,377.00,186.50,81,,,,,
J0294,3,0.03,"1,560",0.05,423.99,396.00,174.07,78,,,,,
J0295,3,0.05,671,0.14,"1,020.40",859.00,348.44,94,,,,,
J0296,3,0.19,587,0.15,482.17,519.00,246.10,88,,,,,
J0297,3,0.16,"1,467",0.06,661.74,574.00,251.53,88,,,,,
J0298,3,0.15,"4,400",0.02,545.79,512.00,232.13,88,,,,,
J0299,3,0.00,"2,733",0.03,432.11,343.63,183.52,82,,,,,
J0300,3,0.00,"1,262",0.08,327.61,279.00,136.01,101,,,,,
J0301,3,0.10,"1,311",0.09,467.08,485.85,245.31,118,,,,,
J0305,3,0.16,"2,220",0.00,546.39,613.00,296.19,111,,,,,
J0306,3,0.23,"1,300",0.07,636.59,690.00,274.86,91,,,,,
J0307,3,0.17,700,0.13,464.16,518.00,269.35,91,,,,,
J0308,3,0.10,350,0.30,720.67,634.30,280.81,105,,,,,
J0310,3,0.29,827,0.11,326.94,339.00,140.65,91,,,,,
J0328,3,0.11,"3,367",0.03,"1,135.75",939.00,424.36,101,,,,,
J0329,3,0.03,"1,229",0.07,915.54,737.00,343.64,86,,,,,
J0331,3,0.17,623,0.13,729.50,782.00,334.06,81,,,,,
J0332,3,0.24,433,0.21,718.26,699.00,351.09,91,,,,,
J0333,3,0.17,69,1.21,931.35,825.00,450.34,84,,,,,
J0334,3,0.20,50,2.38,472.63,528.04,232.48,118,,,,,
J0335,3,0.06,680,0.15,"1,003.34",815.98,424.22,102,,,,,
J0336,3,0.18,"1,262",0.08,521.53,552.92,215.71,101,,,,,
J0337,3,0.24,420,0.20,495.21,489.58,189.88,84,,,,,
J0338,3,0.09,893,0.28,957.16,751.82,296.57,250,,,,,
J0339,3,0.15,"1,533",0.06,655.05,726.68,353.94,92,,,,,
J0340,3,0.07,654,0.13,696.78,549.25,300.65,85,,,,,
J0341,3,0.21,"5,600",0.02,743.61,742.38,291.15,112,,,,,
J0342,3,0.14,256,0.34,649.89,543.39,259.31,87,,,,,
J0343,3,0.04,671,0.14,898.11,771.41,297.51,94,,,,,
J0344,3,0.06,403,0.30,580.82,458.86,177.20,121,,,,,
J0345,3,0.20,"9,100",0.01,421.09,491.08,198.88,91,,,,,
J0346,3,0.15,"1,386",0.07,472.79,476.48,238.21,97,,,,,
J0347,3,0.13,"9,800",0.01,576.17,616.95,298.93,98,,,,,
J0348,3,0.06,521,0.19,522.11,399.20,161.80,99,,,,,
J0349,3,0.21,608,0.13,826.37,783.00,388.46,79,,,,,
J0351,3,0.13,"2,140",0.05,875.03,745.91,339.65,107,,,,,
J0352,3,0.23,523,0.22,532.71,501.95,196.19,115,,,,,
J0353,3,0.19,"9,800",0.01,530.46,606.50,261.81,98,,,,,
J0354,3,0.06,"1,212",0.08,632.67,568.00,257.35,97,,,,,
J0355,3,0.10,489,0.18,588.55,608.40,324.57,88,,,,,
J0369,3,0.22,"1,533",0.06,963.32,"1,099.00",489.55,92,,,,,
J0370,3,0.24,114,0.71,944.05,"1,099.00",419.48,81,,,,,
J0372,3,0.09,"8,200",0.01,"1,214.30","1,099.00",507.61,82,,,,,
J0373,3,0.23,"3,000",0.03,527.65,599.00,240.11,90,,,,,
J0375,3,0.18,"4,500",0.02,978.09,"1,099.00",466.05,90,,,,,
J0376,3,0.25,268,0.44,830.63,999.00,431.08,118,,,,,
J0377,3,0.28,753,0.15,726.36,915.83,394.34,113,,,,,
J0378,3,0.05,"1,386",0.07,"1,451.83","1,099.00",537.29,97,,,,,
J0379,3,0.28,"1,720",0.05,"1,245.12","1,314.33",657.28,86,,,,,
J0380,3,0.27,"1,350",0.08,"1,457.79","1,438.00",593.04,108,,,,,
J0381,3,0.15,"1,243",0.07,"1,172.73","1,146.00",472.47,87,,,,,
J0382,3,0.25,"9,400",0.01,"1,009.45","1,173.00",472.25,94,,,,,
J0395,3,0.29,"2,250",0.04,810.79,859.00,339.09,90,,,,,
J0396,3,0.08,557,0.14,920.04,859.00,397.78,78,,,,,
J0397,3,0.06,691,0.11,"1,084.41",999.00,464.28,76,,,,,
J0399,3,0.19,249,0.43,724.88,791.00,347.65,107,,,,,
J0400,3,0.01,"4,650",0.02,931.53,859.00,369.94,93,,,,,
J0401,3,0.24,"1,540",0.00,762.95,880.79,365.28,77,,,,,
J0402,3,0.03,"1,429",0.07,939.78,825.00,427.79,100,,,,,
J0413,3,0.23,"1,500",0.06,876.28,885.00,453.58,90,,,,,
J0414,3,0.22,"1,880",0.05,739.93,885.00,352.85,94,,,,,
J0415,3,0.25,"1,960",0.00,757.64,899.00,442.79,98,,,,,
JNE0722,3,0.17,"1,600",0.06,906.24,819.00,424.49,96,,,,,
JNE0850,3,0.07,"1,244",0.09,838.92,819.00,437.36,112,,,,,
JNE09186,3,0.10,242,0.31,862.35,819.00,341.91,75,,,,,
JNE09209,3,0.03,147,0.74,"1,074.57",819.00,375.00,109,,,,,
JNE09210,3,0.20,629,0.14,723.49,819.00,401.70,88,,,,,
JNE1233,3,0.21,820,0.10,335.03,393.05,213.78,82,,,,,
JNE1234,3,0.14,600,0.15,308.07,293.72,138.30,90,,,,,
JNE1408,3,0.30,736,0.11,304.22,376.00,172.11,81,,,,,
JNE1525,3,0.08,742,0.12,356.85,311.00,155.90,89,,,,,
JNE1906,3,0.29,850,0.10,337.45,357.00,160.49,85,,,,,
JNE1951,3,0.02,"1,520",0.05,527.98,490.67,267.32,76,,,,,
JNE1975,3,0.03,"2,725",0.04,278.38,229.00,123.70,109,,,,,
JNE1977,3,0.08,519,0.16,291.42,258.18,140.36,83,,,,,
JNE1998,3,0.19,"1,500",0.07,261.81,293.72,120.47,105,,,,,
JNE2009,3,0.01,"1,114",0.07,370.44,295.00,144.19,78,,,,,
JNE2014,3,0.14,"8,200",0.01,347.56,352.72,186.38,82,,,,,
JNE2032,3,0.01,773,0.11,380.38,314.75,145.17,85,,,,,
JNE2049,3,0.14,"5,500",0.02,360.90,389.00,163.03,110,,,,,
JNE2086,3,0.22,"1,850",0.04,633.74,671.00,344.43,74,,,,,
JNE2100,3,0.14,621,0.14,355.30,357.00,158.55,87,,,,,
JNE2101,3,0.10,215,0.40,337.13,280.00,149.94,86,,,,,
JNE2113,3,0.23,"10,600",0.01,411.10,499.00,270.07,106,,,,,
JNE2132,3,0.17,"1,533",0.06,520.39,524.00,240.87,92,,,,,
JNE2153,3,0.07,586,0.14,318.20,282.67,129.49,82,,,,,
JNE2170,3,0.04,459,0.17,648.33,518.00,228.77,78,,,,,
JNE2171,3,0.28,911,0.09,443.10,491.94,209.85,82,,,,,
JNE2199,3,0.14,"1,267",0.06,388.81,352.24,135.30,76,,,,,
JNE2205,3,0.03,"8,500",0.01,421.88,329.00,152.07,85,,,,,
JNE2251,3,0.11,533,0.15,516.12,429.00,212.40,80,,,,,
JNE2265,3,0.11,279,0.39,466.97,452.38,227.98,109,,,,,
JNE2266,3,0.15,"3,733",0.03,384.71,365.50,173.75,112,,,,,
JNE2270,3,0.05,"1,000",0.08,677.94,530.95,284.94,80,,,,,
JNE2291,3,0.22,"3,650",0.02,409.51,376.00,205.18,73,,,,,
JNE2305,3,0.17,382,0.28,390.77,345.84,133.62,107,,,,,
JNE2307,3,0.15,"8,200",0.01,297.04,296.15,126.02,82,,,,,
JNE2321,3,0.16,"1,860",0.00,604.02,643.00,247.72,93,,,,,
JNE3030,3,0.23,518,0.17,681.14,724.32,295.44,88,,,,,
JNE3042,3,0.18,"2,120",0.05,316.79,295.00,127.35,106,,,,,
JNE3065,3,0.12,386,0.29,422.75,393.00,188.83,112,,,,,
JNE3068,3,0.10,29,2.45,763.65,696.00,362.30,70,,,,,
JNE3144,3,0.03,"5,300",0.02,508.20,390.00,155.90,106,,,,,
JNE3160,3,0.15,89,0.80,682.45,682.44,357.19,71,,,,,
JNE3225,3,0.18,"1,150",0.08,386.61,349.00,144.10,92,,,,,
JNE3253,3,0.08,512,0.17,360.91,329.00,144.10,87,,,,,
JNE3255,3,0.17,911,0.09,470.86,487.00,222.38,82,,,,,
JNE3256,3,0.08,580,0.15,541.63,487.00,208.69,87,,,,,
JNE3265,3,0.10,215,0.48,389.92,329.00,165.29,103,,,,,
JNE3270,3,0.01,"1,000",0.11,407.27,376.00,145.77,110,,,,,
JNE3273,3,0.12,300,0.25,491.26,499.00,211.85,75,,,,,
JNE3288,3,0.13,229,0.35,531.82,442.00,211.57,80,,,,,
JNE3291,3,0.30,"1,471",0.07,349.46,449.18,228.13,103,,,,,
JNE3294,3,0.12,"5,300",0.02,449.78,409.32,200.36,106,,,,,
JNE3311,3,0.14,"4,100",0.02,624.86,579.99,244.27,82,,,,,
JNE3313,3,0.29,"3,543",0.07,504.69,582.00,318.68,248,,,,,
JNE3323,3,0.01,"3,667",0.03,337.20,267.00,141.58,110,,,,,
JNE3334,3,0.03,226,0.35,348.70,318.00,172.41,79,,,,,
JNE3336,3,0.18,105,0.75,351.77,345.00,139.94,79,,,,,
JNE3339,3,0.19,667,0.12,353.72,370.00,145.14,80,,,,,
JNE3348,3,0.10,222,0.41,475.61,412.35,223.94,91,,,,,
JNE3351,3,0.10,700,0.12,281.01,284.00,108.17,84,,,,,
JNE3363,3,0.28,673,0.11,322.24,358.10,181.75,74,,,,,
JNE3364,3,0.09,"1,014",0.07,380.85,375.40,151.88,71,,,,,
JNE3365,3,0.13,"2,600",0.03,373.95,374.57,161.21,78,,,,,
JNE3366,3,0.25,"6,800",0.01,317.69,376.00,176.49,68,,,,,
JNE3368,3,0.21,"2,333",0.03,416.13,472.85,252.20,70,,,,,
JNE3369,3,0.00,664,0.11,652.09,487.00,227.15,73,,,,,
JNE3371,3,0.15,"1,200",0.06,315.03,322.28,151.32,72,,,,,
JNE3373,3,0.28,"10,000",0.01,372.10,376.00,195.73,100,,,,,
JNE3376,3,0.24,840,0.10,456.19,432.00,205.74,84,,,,,
JNE3383,3,0.04,"1,960",0.05,530.38,442.00,213.16,98,,,,,
JNE3384,3,0.27,"2,120",0.00,236.90,295.00,131.37,106,,,,,
JNE3386,3,0.13,482,0.22,330.87,322.00,167.58,106,,,,,
JNE3391,3,0.25,967,0.09,430.66,432.00,234.27,87,,,,,
JNE3394,3,0.21,"1,156",0.09,381.80,410.06,210.11,104,,,,,
JNE3395,3,0.11,592,0.13,335.60,349.00,168.44,77,,,,,
JNE3396,3,0.29,"1,450",0.06,430.44,487.00,236.84,87,,,,,
JNE3398,3,0.22,925,0.08,309.67,295.00,130.86,74,,,,,
JNE3399,3,0.26,"1,300",0.06,427.48,434.81,201.96,78,,,,,
JNE3400,3,0.16,"1,300",0.08,425.92,456.27,184.51,104,,,,,
JNE3401,3,0.09,"1,450",0.06,302.97,259.00,113.45,87,,,,,
JNE3402,3,0.18,580,0.15,530.54,574.00,241.71,87,,,,,
JNE3403,3,0.04,"1,000",0.08,463.89,429.00,224.07,80,,,,,
JNE3404,3,0.04,800,0.09,628.89,483.14,259.93,72,,,,,
JNE3405,3,0.21,467,0.21,351.34,391.01,172.35,98,,,,,
JNE3407,3,0.13,"1,400",0.06,246.11,247.68,135.11,84,,,,,
JNE3408,3,0.11,"1,740",0.05,401.87,429.94,193.65,87,,,,,
JNE3409,3,0.13,638,0.13,325.30,276.00,119.14,83,,,,,
JNE3412,3,0.29,"1,725",0.04,394.89,419.00,163.48,69,,,,,
JNE3413,3,0.18,"1,420",0.05,547.59,526.00,275.54,71,,,,,
JNE3416,3,0.17,"1,380",0.05,358.43,329.00,135.32,69,,,,,
JNE3420,3,0.23,564,0.14,253.99,299.00,144.72,79,,,,,
JNE3421,3,0.05,607,0.15,458.81,399.00,175.82,91,,,,,
JNE3422,3,0.22,316,0.25,265.30,289.98,136.90,79,,,,,
JNE3423,3,0.01,"1,000",0.10,423.88,395.42,180.80,100,,,,,
JNE3425,3,0.16,755,0.11,337.20,329.00,128.29,83,,,,,
JNE3427,3,0.15,146,0.67,302.10,259.00,125.45,98,,,,,
JNE3428,3,0.16,189,0.46,222.55,249.00,96.26,87,,,,,
JNE3429,3,0.30,"1,517",0.06,238.25,295.44,117.02,91,,,,,
JNE3430,3,0.05,"1,975",0.04,372.21,349.00,178.63,79,,,,,
JNE3431,3,0.25,"2,225",0.04,296.65,349.00,180.33,89,,,,,
JNE3434,3,0.24,"1,783",0.06,331.65,319.00,171.69,107,,,,,
JNE3435,3,0.18,456,0.16,484.73,487.00,264.59,73,,,,,
JNE3436,3,0.12,"1,925",0.04,319.22,299.00,159.33,77,,,,,
JNE3437,3,0.04,546,0.13,653.26,517.00,282.75,71,,,,,
JNE3438,3,0.24,220,0.41,385.14,459.00,245.08,90,,,,,
JNE3439,3,0.17,710,0.10,383.13,378.19,164.09,71,,,,,
JNE3440,3,0.09,"2,367",0.03,431.31,394.81,212.37,71,,,,,
JNE3441,3,0.11,"2,000",0.05,545.65,487.00,209.44,100,,,,,
JNE3442,3,0.23,"1,078",0.09,393.43,365.00,186.86,97,,,,,
JNE3443,3,0.12,"1,186",0.07,551.94,475.41,235.69,83,,,,,
JNE3445,3,0.20,511,0.18,436.69,459.00,186.52,92,,,,,
JNE3446,3,0.14,"7,200",0.01,344.48,299.00,163.27,72,,,,,
JNE3447,3,0.04,600,0.14,314.28,295.00,121.40,84,,,,,
JNE3449,3,0.28,"1,314",0.07,241.96,316.83,159.08,92,,,,,
JNE3451,3,0.05,650,0.14,402.47,377.74,200.17,91,,,,,
JNE3452,3,0.00,"1,243",0.07,340.22,291.00,125.58,87,,,,,
JNE3454,3,0.04,333,0.21,494.23,419.00,185.65,70,,,,,
JNE3457,3,0.06,170,0.61,392.29,329.83,132.20,104,,,,,
JNE3458,3,0.05,"1,560",0.05,518.81,399.00,169.59,78,,,,,
JNE3459,3,0.10,267,0.39,488.68,442.00,173.58,104,,,,,
JNE3461,3,0.20,250,0.34,353.04,360.12,148.88,85,,,,,
JNE3463,3,0.11,"1,700",0.04,542.67,571.14,286.74,68,,,,,
JNE3465,3,0.01,"2,567",0.03,525.03,499.27,259.54,77,,,,,
JNE3466,3,0.08,488,0.16,734.68,642.50,271.39,78,,,,,
JNE3467,3,0.15,"1,414",0.07,370.27,362.00,166.05,99,,,,,
JNE3468,3,0.02,400,0.21,468.58,355.84,146.90,84,,,,,
JNE3470,3,0.27,149,0.55,265.69,329.00,125.55,82,,,,,
JNE3471,3,0.05,493,0.14,296.71,295.00,141.56,69,,,,,
JNE3473,3,0.25,777,0.13,436.72,482.36,201.63,101,,,,,
JNE3474,3,0.27,970,0.10,402.83,487.00,239.63,97,,,,,
JNE3476,3,0.12,"2,433",0.03,339.15,361.08,145.90,73,,,,,
JNE3477,3,0.24,"1,300",0.07,479.52,484.00,217.41,91,,,,,
JNE3479,3,0.13,"3,300",0.03,218.13,230.22,109.83,99,,,,,
JNE3480,3,0.01,"1,760",0.00,311.32,249.00,129.31,88,,,,,
JNE3481,3,0.08,507,0.15,286.31,271.00,114.46,76,,,,,
JNE3482,3,0.08,515,0.13,319.80,312.95,131.98,67,,,,,
JNE3484,3,0.11,158,0.45,310.57,295.00,157.08,71,,,,,
JNE3486,3,0.18,833,0.09,544.42,499.00,225.24,75,,,,,
JNE3487,3,0.29,"7,900",0.01,305.14,362.00,143.56,79,,,,,
JNE3488,3,0.17,"1,320",0.05,323.57,296.97,137.82,66,,,,,
JNE3489,3,0.03,"2,300",0.03,516.76,487.00,192.06,69,,,,,
JNE3491,3,0.06,425,0.20,433.19,349.00,142.92,85,,,,,
JNE3500,3,0.23,"1,217",0.06,259.82,297.83,147.60,73,,,,,
JNE3501,3,0.18,"1,171",0.07,442.22,419.00,166.66,82,,,,,
JNE3504,3,0.04,"1,214",0.07,580.95,484.89,265.80,85,,,,,
JNE3506,3,0.12,544,0.18,763.23,630.68,249.80,98,,,,,
JNE3507,3,0.19,543,0.14,260.24,271.00,144.84,76,,,,,
JNE3510,3,0.13,255,0.31,396.43,424.61,226.94,79,,,,,
JNE3515,3,0.02,"2,525",0.04,475.33,459.00,227.53,101,,,,,
JNE3516,3,0.02,150,0.48,475.17,362.00,140.63,72,,,,,
JNE3518,3,0.12,"9,000",0.01,528.70,487.00,189.15,90,,,,,
JNE3522,3,0.14,"5,100",0.02,386.87,340.45,154.06,102,,,,,
JNE3523,3,0.12,"1,280",0.00,374.57,376.00,150.71,64,,,,,
JNE3524,3,0.13,414,0.21,526.60,517.00,228.82,87,,,,,
JNE3528,3,0.15,943,0.07,287.56,319.00,151.13,66,,,,,
JNE3530,3,0.10,612,0.16,395.88,317.25,158.67,98,,,,,
JNE3531,3,0.14,"1,250",0.06,363.23,329.00,162.57,75,,,,,
JNE3534,3,0.24,575,0.12,344.21,329.00,138.87,69,,,,,
JNE3535,3,0.29,58,1.23,340.01,419.00,228.03,71,,,,,
JNE3537,3,0.13,"2,600",0.03,416.78,379.00,157.45,78,,,,,
JNE3539,3,0.22,91,0.80,330.39,329.00,175.85,73,,,,,
JNE3542,3,0.08,670,0.10,351.45,329.00,177.73,67,,,,,
JNE3543,3,0.15,692,0.12,416.66,363.96,166.18,83,,,,,
JNE3544,3,0.02,"1,022",0.09,431.89,319.00,151.51,92,,,,,
JNE3545,3,0.00,573,0.11,432.38,318.00,126.91,63,,,,,
JNE3546,3,0.14,227,0.30,433.97,385.59,189.07,68,,,,,
JNE3547,3,0.09,268,0.31,539.68,517.00,274.06,83,,,,,
JNE3549,3,0.07,500,0.14,351.43,329.00,138.36,70,,,,,
JNE3550,3,0.16,"7,500",0.01,329.76,283.00,125.91,75,,,,,
JNE3553,3,0.09,"1,620",0.05,495.69,517.00,275.46,81,,,,,
JNE3554,3,0.22,657,0.14,524.49,517.00,276.96,92,,,,,
JNE3555,3,0.20,162,0.48,505.38,487.00,210.11,78,,,,,
JNE3557,3,0.02,"2,333",0.03,642.42,517.00,261.01,70,,,,,
JNE3559,3,0.26,"3,350",0.02,503.28,487.00,191.32,67,,,,,
JNE3560,3,0.12,"3,450",0.02,492.47,482.78,259.56,69,,,,,
JNE3562,3,0.11,"1,267",0.06,495.23,476.00,195.30,76,,,,,
JNE3563,3,0.26,29,2.31,379.58,476.00,204.65,67,,,,,
JNE3564,3,0.28,263,0.27,422.51,487.00,261.12,71,,,,,
JNE3565,3,0.20,"2,075",0.04,300.41,329.00,176.21,83,,,,,
JNE3566,3,0.03,825,0.12,475.60,419.00,161.28,99,,,,,
JNE3567,3,0.13,"1,800",0.05,459.97,393.93,150.59,90,,,,,
JNE3568,3,0.17,"1,186",0.07,447.90,391.77,190.55,83,,,,,
JNE3571,3,0.15,636,0.11,461.56,487.00,200.56,70,,,,,
JNE3573,3,0.30,811,0.09,313.44,379.35,147.56,73,,,,,
JNE3574,3,0.11,"1,980",0.00,390.38,319.00,121.98,99,,,,,
JNE3575,3,0.00,118,0.56,473.66,442.00,186.49,66,,,,,
JNE3576,3,0.15,350,0.22,448.03,487.00,236.70,77,,,,,
JNE3578,3,0.03,731,0.13,657.15,612.00,255.75,95,,,,,
JNE3579,3,0.11,444,0.18,295.76,264.10,120.18,80,,,,,
JNE3581,3,0.08,142,0.48,644.18,635.00,303.46,68,,,,,
JNE3601,3,0.12,"3,050",0.02,560.97,459.00,178.77,61,,,,,
JNE3602,3,0.08,"1,220",0.05,417.30,376.00,148.87,61,,,,,
JNE3603,3,0.11,171,0.38,311.95,286.00,134.24,65,,,,,
JNE3605,3,0.00,303,0.30,553.39,487.00,258.64,91,,,,,
JNE3606,3,0.05,367,0.18,562.04,487.00,227.07,66,,,,,
JNE3607,3,0.06,660,0.10,567.45,471.00,258.14,66,,,,,
JNE3608,3,0.26,564,0.11,351.70,362.00,170.26,62,,,,,
JNE3609,3,0.27,508,0.13,541.39,564.47,305.06,66,,,,,
JNE3610,3,0.21,320,0.30,287.88,291.00,154.17,96,,,,,
JNE3611,3,0.19,"1,460",0.05,506.64,457.71,242.60,73,,,,,
JNE3612,3,0.13,562,0.13,426.42,366.85,161.28,73,,,,,
JNE3613,3,0.13,609,0.11,456.46,399.00,168.85,67,,,,,
JNE3614,3,0.11,"1,183",0.06,436.89,459.00,206.93,71,,,,,
JNE3615,3,0.21,"6,000",0.01,248.59,299.00,115.54,60,,,,,
JNE3616,3,0.24,943,0.07,272.59,319.00,155.12,66,,,,,
JNE3617,3,0.04,480,0.15,276.04,224.25,112.45,72,,,,,
JNE3618,3,0.24,"1,575",0.04,337.76,372.23,149.76,63,,,,,
JNE3619,3,0.08,"1,183",0.06,348.39,318.00,162.81,71,,,,,
JNE3620,3,0.13,"4,250",0.02,388.13,328.13,126.74,85,,,,,
JNE3621,3,0.24,200,0.46,471.48,455.00,249.31,92,,,,,
JNE3622,3,0.07,99,0.80,468.26,368.00,141.72,79,,,,,
JNE3623,3,0.22,980,0.25,327.50,362.00,196.44,245,,,,,
JNE3624,3,0.07,"4,000",0.02,585.10,487.00,194.07,80,,,,,
JNE3627,3,0.23,"1,300",0.06,278.16,315.48,120.26,78,,,,,
JNE3628,3,0.04,613,0.15,522.09,487.00,261.74,92,,,,,
JNE3629,3,0.01,"1,600",0.05,580.43,526.00,239.77,80,,,,,
JNE3630,3,0.15,"1,580",0.05,461.16,463.81,178.67,79,,,,,
JNE3633,3,0.01,"1,480",0.00,540.32,454.63,209.62,74,,,,,
JNE3634,3,0.13,700,0.11,602.51,516.50,228.81,77,,,,,
JNE3635,3,0.09,69,1.29,342.82,345.00,148.94,89,,,,,
JNE3636,3,0.20,"1,850",0.04,480.01,459.00,216.98,74,,,,,
JNE3637,3,0.27,856,0.09,395.50,438.33,194.32,77,,,,,
JNE3638,3,0.17,756,0.09,493.81,517.00,232.99,68,,,,,
JNE3639,3,0.30,133,0.55,420.06,490.88,194.78,73,,,,,
JNE3640,3,0.24,"1,280",0.05,440.57,501.91,272.17,64,,,,,
JNE3641,3,0.13,517,0.12,393.11,359.00,180.30,62,,,,,
JNE3643,3,0.09,800,0.09,283.26,259.00,103.25,72,,,,,
JNE3645,3,0.11,"3,350",0.02,426.30,432.47,192.27,67,,,,,
JNE3647,3,0.23,"1,243",0.07,276.33,329.00,165.44,87,,,,,
JNE3648,3,0.22,"1,067",0.06,501.55,518.00,268.33,64,,,,,
JNE3649,3,0.23,"1,800",0.04,396.49,377.00,199.05,72,,,,,
JNE3651,3,0.22,700,0.10,698.06,764.67,360.29,70,,,,,
JNE3652,3,0.04,440,0.15,382.87,305.25,149.55,66,,,,,
JNE3653,3,0.03,316,0.25,445.92,359.00,161.83,79,,,,,
JNE3654,3,0.29,"6,700",0.01,375.09,383.93,206.09,67,,,,,
JNE3655,3,0.17,986,0.07,322.68,290.70,111.73,69,,,,,
JNE3656,3,0.18,467,0.18,530.23,518.00,198.05,84,,,,,
JNE3657,3,0.16,"7,600",0.01,353.73,329.00,141.90,76,,,,,
JNE3658,3,0.17,733,0.09,406.56,359.00,164.73,66,,,,,
JNE3659,3,0.02,130,0.66,574.86,493.00,245.21,86,,,,,
JNE3660,3,0.12,"1,580",0.00,267.09,260.67,107.30,79,,,,,
JNE3662,3,0.01,755,0.11,416.26,399.00,208.42,83,,,,,
JNE3665,3,0.22,615,0.13,515.01,493.00,202.21,80,,,,,
JNE3666,3,0.04,"3,350",0.02,381.86,299.00,116.17,67,,,,,
JNE3667,3,0.13,730,0.10,311.01,329.00,140.36,73,,,,,
JNE3668,3,0.04,"1,162",0.08,622.54,518.00,230.88,93,,,,,
JNE3669,3,0.20,217,0.36,606.20,625.00,299.31,78,,,,,
JNE3670,3,0.08,"9,100",0.01,396.45,394.78,154.53,91,,,,,
JNE3671,3,0.12,573,0.11,703.73,574.00,231.19,63,,,,,
JNE3672,3,0.09,"1,900",0.05,580.71,567.17,307.58,95,,,,,
JNE3673,3,0.19,304,0.27,520.87,599.00,326.77,82,,,,,
JNE3674,3,0.29,527,0.15,683.69,765.33,371.95,79,,,,,
JNE3675,3,0.04,930,0.10,680.59,541.76,223.32,93,,,,,
JNE3676,3,0.19,573,0.15,330.98,385.00,147.13,86,,,,,
JNE3680,3,0.11,580,0.10,654.18,574.00,278.53,58,,,,,
JNE3684,3,0.12,700,0.11,347.05,319.00,122.85,77,,,,,
JNE3686,3,0.08,"1,183",0.06,432.68,433.00,176.16,71,,,,,
JNE3687,3,0.28,329,0.28,425.34,532.03,216.79,92,,,,,
JNE3688,3,0.02,264,0.28,733.07,599.00,281.72,74,,,,,
JNE3689,3,0.25,"6,200",0.01,373.29,431.40,206.85,62,,,,,
JNE3690,3,0.17,"1,257",0.07,568.12,496.58,250.04,88,,,,,
JNE3691,3,0.01,"6,600",0.01,844.64,638.33,344.97,66,,,,,
JNE3693,3,0.19,"1,100",0.06,360.26,319.00,128.56,66,,,,,
JNE3694,3,0.11,850,0.08,299.54,295.00,119.90,68,,,,,
JNE3697,3,0.05,"6,000",0.01,599.90,454.49,172.73,60,,,,,
JNE3698,3,0.26,480,0.15,432.79,487.00,185.34,72,,,,,
JNE3700,3,0.23,900,0.10,269.74,299.00,136.22,90,,,,,
JNE3701,3,0.21,381,0.21,336.53,399.00,167.29,80,,,,,
JNE3702,3,0.24,469,0.16,276.77,340.84,132.72,75,,,,,
JNE3703,3,0.21,191,0.33,319.71,313.18,127.01,63,,,,,
JNE3704,3,0.23,93,0.82,450.24,483.14,245.41,76,,,,,
JNE3706,3,0.09,73,0.94,424.42,413.00,195.52,69,,,,,
JNE3707,3,0.04,889,0.09,602.29,496.00,261.91,80,,,,,
JNE3708,3,0.21,153,0.38,617.91,687.01,266.43,58,,,,,
JNE3709,3,0.02,"2,267",0.03,"1,022.20",833.00,372.31,68,,,,,
JNE3710,3,0.29,114,0.59,575.99,690.00,352.68,67,,,,,
JNE3712,3,0.25,"2,167",0.03,519.91,518.00,225.75,65,,,,,
JNE3713,3,0.22,"1,260",0.05,374.45,359.00,159.73,63,,,,,
JNE3714,3,0.18,412,0.16,458.08,459.00,224.50,66,,,,,
JNE3715,3,0.22,800,0.07,257.51,281.50,149.39,56,,,,,
JNE3716,3,0.11,"1,240",0.05,376.13,359.10,156.51,62,,,,,
JNE3717,3,0.21,978,0.09,285.17,271.00,125.08,88,,,,,
JNE3718,3,0.14,194,0.35,409.88,409.15,171.31,68,,,,,
JNE3719,3,0.22,"1,120",0.05,349.55,399.00,184.17,56,,,,,
JNE3720,3,0.22,"3,050",0.02,428.46,508.79,206.13,61,,,,,
JNE3721,3,0.28,296,0.26,284.93,326.15,148.78,77,,,,,
JNE3722,3,0.10,213,0.30,304.20,277.33,126.09,64,,,,,
JNE3724,3,0.24,"1,167",0.06,506.78,496.03,198.89,70,,,,,
JNE3725,3,0.08,670,0.10,458.46,442.00,212.78,67,,,,,
JNE3726,3,0.26,725,0.12,241.69,276.00,145.51,87,,,,,
JNE3727,3,0.17,625,0.12,607.38,549.00,299.26,75,,,,,
JNE3728,3,0.28,833,0.09,317.01,329.00,138.72,75,,,,,
JNE3729,3,0.16,179,0.43,346.29,348.00,154.70,77,,,,,
JNE3730,3,0.10,683,0.12,323.58,296.97,147.22,82,,,,,
JNE3733,3,0.23,573,0.11,488.74,549.00,224.59,63,,,,,
JNE3735,3,0.17,"3,800",0.02,451.48,395.20,203.05,76,,,,,
JNE3738,3,0.01,967,0.06,490.09,453.54,238.93,58,,,,,
JNE3739,3,0.30,237,0.27,442.37,459.00,251.32,64,,,,,
JNE3740,3,0.03,"3,800",0.02,398.96,319.00,156.44,76,,,,,
JNE3741,3,0.10,"1,900",0.04,480.58,432.00,194.28,76,,,,,
JNE3742,3,0.26,16,3.55,336.63,428.57,207.14,58,,,,,
JNE3743,3,0.13,"3,100",0.02,348.19,329.00,156.48,62,,,,,
JNE3744,3,0.14,197,0.33,664.53,647.86,256.74,65,,,,,
JNE3745,3,0.13,"1,700",0.00,304.18,316.00,155.09,85,,,,,
JNE3749,3,0.28,44,1.30,403.64,438.06,182.58,57,,,,,
JNE3751,3,0.16,458,0.12,429.65,368.00,177.59,55,,,,,
JNE3752,3,0.01,925,0.08,446.82,362.00,160.82,74,,,,,
JNE3753,3,0.15,169,0.39,551.46,499.00,201.30,66,,,,,
JNE3756,3,0.26,"1,560",0.00,387.03,487.00,189.24,78,,,,,
JNE3757,3,0.09,957,0.07,530.11,487.00,255.67,67,,,,,
JNE3758,3,0.28,"7,300",0.01,280.36,357.00,140.12,73,,,,,
JNE3759,3,0.29,"1,200",0.05,586.07,652.80,304.43,60,,,,,
JNE3760,3,0.02,800,0.10,578.03,427.89,216.55,80,,,,,
JNE3761,3,0.24,978,0.09,283.44,291.00,137.34,88,,,,,
JNE3762,3,0.21,"2,900",0.03,279.89,329.00,126.14,87,,,,,
JNE3763,3,0.27,102,0.84,370.27,432.00,201.42,86,,,,,
JNE3764,3,0.19,508,0.13,487.89,484.68,239.49,66,,,,,
JNE3766,3,0.08,407,0.14,553.06,504.69,256.98,57,,,,,
JNE3767,3,0.04,"1,640",0.00,627.31,487.00,261.57,82,,,,,
JNE3769,3,0.04,"4,300",0.02,624.20,487.00,257.25,86,,,,,
JNE3770,3,0.25,922,0.09,409.58,432.00,220.71,83,,,,,
JNE3771,3,0.17,"2,233",0.03,423.36,432.00,226.44,67,,,,,
JNE3773,3,0.29,332,0.19,226.51,280.00,147.39,63,,,,,
JNE3774,3,0.28,119,0.67,370.99,474.00,209.06,80,,,,,
JNE3775,3,0.28,515,0.13,244.96,289.74,150.40,67,,,,,
JNE3776,3,0.23,"1,700",0.00,255.51,277.78,136.45,85,,,,,
JNE3777,3,0.27,82,1.00,374.73,399.00,211.27,82,,,,,
JNE3778,3,0.19,375,0.20,476.02,459.00,182.47,75,,,,,
JNE3781,3,0.11,297,0.29,370.62,387.55,169.17,86,,,,,
JNE3782,3,0.22,675,0.12,451.40,487.00,253.58,81,,,,,
JNE3783,3,0.14,633,0.09,466.41,487.00,251.93,57,,,,,
JNE3784,3,0.01,336,0.22,473.88,433.23,235.26,74,,,,,
JNE3785,3,0.05,156,0.36,458.24,360.08,187.71,56,,,,,
JNE3786,3,0.22,517,0.12,305.60,368.00,184.97,62,,,,,
JNE3787,3,0.29,"1,550",0.04,403.94,475.40,247.17,62,,,,,
JNE3788,3,0.04,304,0.25,518.42,487.00,261.48,76,,,,,
JNE3789,3,0.24,570,0.10,395.22,383.00,204.87,57,,,,,
JNE3790,3,0.05,171,0.41,336.36,284.40,150.59,70,,,,,
JNE3791,3,0.21,"2,000",0.03,461.93,517.00,243.85,60,,,,,
JNE3793,3,0.28,"1,143",0.07,324.80,368.00,179.61,80,,,,,
JNE3794,3,0.25,166,0.44,497.88,508.29,236.06,73,,,,,
JNE3795,3,0.08,"1,160",0.00,658.92,517.00,223.67,58,,,,,
JNE3796,3,0.14,400,0.21,330.45,340.89,185.21,84,,,,,
JNE3797,3,0.09,750,0.08,897.37,725.00,300.22,60,,,,,
JNE3798,3,0.16,189,0.37,870.52,752.60,333.60,70,,,,,
JNE3799,3,0.03,190,0.31,746.98,561.80,301.18,59,,,,,
JNE3800,3,0.22,800,0.10,765.19,771.00,309.55,80,,,,,
JNE3801,3,0.22,"1,062",0.08,717.67,724.23,284.95,85,,,,,
JNE3802,3,0.10,115,0.67,470.50,438.89,236.83,77,,,,,
JNE3803,3,0.20,525,0.16,480.34,457.18,229.93,84,,,,,
JNE3804,3,0.00,"1,200",0.07,592.63,479.49,198.00,84,,,,,
JNE3805,3,0.09,"1,000",0.08,533.71,455.67,192.66,80,,,,,
JNE3806,3,0.04,311,0.27,600.17,521.00,270.21,84,,,,,
JNE3807,3,0.24,"1,550",0.04,661.06,666.00,342.60,62,,,,,
JNE3810,3,0.20,"6,700",0.01,745.31,696.00,338.97,67,,,,,
JNE3813,3,0.26,"8,500",0.01,517.48,635.00,296.95,85,,,,,
JNE3816,3,0.02,850,0.08,684.96,521.00,231.79,68,,,,,
JNE3817,3,0.17,"1,333",0.06,487.49,474.00,230.97,80,,,,,
JNE3818,3,0.30,41,1.95,468.63,497.52,234.51,80,,,,,
JNE3819,3,0.18,104,0.73,491.41,499.00,245.62,76,,,,,
JNE3820,3,0.00,"6,400",0.01,590.15,499.00,211.04,64,,,,,
JNE3822,3,0.20,304,0.23,515.48,470.24,238.45,70,,,,,
JNE3825,3,0.12,"1,383",0.06,474.64,474.00,188.56,83,,,,,
JNE3833,3,0.26,365,0.17,506.38,508.60,235.49,62,,,,,
JNE3834,3,0.14,371,0.17,546.37,521.00,239.42,63,,,,,
JNE3835,3,0.11,"1,400",0.05,556.73,508.60,270.46,70,,,,,
JNE3836,3,0.16,128,0.53,617.66,635.00,300.95,68,,,,,
JNE3837,3,0.22,240,0.30,619.40,635.00,291.75,72,,,,,
JNE3838,3,0.24,870,0.10,423.92,479.27,243.84,87,,,,,
JNE3856,3,0.21,270,0.23,559.68,666.00,335.82,62,,,,,
JNE3860,3,0.08,"6,600",0.01,775.44,736.00,357.59,66,,,,,
JNE3861,3,0.12,462,0.13,732.44,791.00,432.35,60,,,,,
JNE3863,3,0.20,"3,150",0.02,639.40,574.00,284.27,63,,,,,
JNE3864,3,0.21,326,0.23,656.82,599.00,307.92,75,,,,,
JNE3865,3,0.08,571,0.14,654.85,599.00,296.10,80,,,,,
JNE3866,3,0.20,"1,500",0.05,927.02,888.00,470.32,75,,,,,
JNE3869,3,0.14,"1,220",0.05,726.11,721.00,287.40,61,,,,,
JNE3870,3,0.22,"1,129",0.07,719.15,717.57,322.25,79,,,,,
JNE3878,3,0.01,829,0.07,642.15,487.00,211.63,58,,,,,
JNE3879,3,0.19,745,0.11,885.05,791.00,328.93,82,,,,,
JNE3880,3,0.20,957,0.07,656.92,690.00,321.03,67,,,,,
JNE3881,3,0.01,"1,014",0.07,"1,081.50",825.00,441.56,71,,,,,
JNE3887,3,0.29,"1,280",0.05,478.83,590.00,265.64,64,,,,,
JNE3894,3,0.23,192,0.38,807.62,751.00,372.80,73,,,,,
JNE3896,3,0.24,"3,550",0.02,659.18,819.00,326.71,71,,,,,
MEN5001,3,0.29,"1,600",0.04,446.84,499.00,237.83,64,,,,,
MEN5002,3,0.09,"3,400",0.02,577.65,495.61,261.83,68,,,,,
MEN5003,3,0.29,150,0.38,409.32,446.62,224.10,57,,,,,
MEN5004,3,0.18,562,0.13,397.35,443.69,216.64,73,,,,,
MEN5005,3,0.07,120,0.60,566.00,441.50,194.35,72,,,,,
MEN5006,3,0.20,"8,200",0.01,423.10,475.00,215.16,82,,,,,
MEN5007,3,0.00,"2,000",0.04,602.28,475.00,232.50,80,,,,,
MEN5008,3,0.01,378,0.18,516.53,462.57,176.84,68,,,,,
MEN5009,3,0.18,112,0.52,407.85,429.69,192.08,58,,,,,
MEN5010,3,0.07,600,0.10,549.48,476.00,242.60,60,,,,,
MEN5011,3,0.26,140,0.52,395.37,446.72,237.97,73,,,,,
MEN5012,3,0.30,388,0.17,377.16,487.12,255.26,66,,,,,
MEN5013,3,0.30,108,0.71,383.97,494.25,251.17,77,,,,,
MEN5014,3,0.21,620,0.10,224.58,237.62,124.20,62,,,,,
MEN5015,3,0.15,"2,433",0.03,528.42,472.74,245.01,73,,,,,
MEN5016,3,0.18,"5,500",0.01,525.06,469.35,235.39,55,,,,,
MEN5017,3,0.29,149,0.37,420.76,549.00,285.77,55,,,,,
MEN5018,3,0.05,246,0.26,281.49,249.50,99.19,64,,,,,
MEN5019,3,0.30,"1,157",0.07,323.67,426.13,228.56,81,,,,,
MEN5020,3,0.13,"1,975",0.04,415.19,452.00,208.30,79,,,,,
MEN5021,3,0.22,507,0.14,530.86,531.05,255.03,71,,,,,
MEN5022,3,0.28,700,0.11,461.11,507.93,194.54,77,,,,,
MEN5023,3,0.19,660,0.10,491.43,548.03,290.98,66,,,,,
MEN5024,3,0.23,"5,400",0.01,409.04,469.35,226.40,54,,,,,
MEN5025,3,0.05,862,0.08,528.25,525.42,202.39,69,,,,,
MEN5026,3,0.12,"2,300",0.03,465.91,394.45,158.91,69,,,,,
MEN5027,3,0.13,182,0.39,574.89,475.00,195.27,71,,,,,
MEN5028,3,0.21,49,1.48,360.51,415.83,210.48,72,,,,,
MEN5029,3,0.17,"3,450",0.02,178.36,190.00,98.98,69,,,,,
MEN5030,3,0.10,670,0.10,550.78,452.00,197.22,67,,,,,
MEN5031,3,0.05,789,0.09,706.51,541.16,212.14,71,,,,,
MEN5032,3,0.12,411,0.18,594.60,564.54,257.06,74,,,,,
NW001,3,0.15,450,0.12,510.96,563.00,254.94,54,,,,,
NW002,3,0.18,"2,567",0.03,413.47,474.00,238.14,77,,,,,
NW003,3,0.17,"1,083",0.06,538.84,519.00,217.56,65,,,,,
NW004,3,0.16,471,0.14,490.05,491.28,254.58,66,,,,,
NW005,3,0.27,"2,700",0.02,463.52,599.00,296.49,54,,,,,
NW006,3,0.02,"2,067",0.03,634.19,516.00,199.97,62,,,,,
NW007,3,0.06,369,0.16,554.80,560.00,267.50,59,,,,,
NW008,3,0.25,767,0.09,578.62,582.00,269.88,69,,,,,
NW009,3,0.18,139,0.38,556.08,586.00,298.15,53,,,,,
NW012,3,0.27,883,0.06,433.52,558.10,296.06,53,,,,,
NW013,3,0.04,339,0.18,598.02,496.00,221.31,61,,,,,
NW014,3,0.01,235,0.31,659.29,560.00,280.52,73,,,,,
NW015,3,0.27,570,0.10,539.87,531.73,239.91,57,,,,,
NW016,3,0.08,"1,100",0.06,632.33,554.07,290.20,66,,,,,
NW020,3,0.27,"3,250",0.02,439.33,525.00,245.81,65,,,,,
NW022,3,0.20,"1,540",0.00,536.20,516.25,237.20,77,,,,,
NW024,3,0.07,788,0.08,616.59,579.03,285.33,63,,,,,
NW027,3,0.29,"3,450",0.02,594.74,613.00,323.14,69,,,,,
NW028,3,0.22,"2,400",0.03,518.69,563.00,303.58,72,,,,,
NW029,3,0.27,900,0.07,368.50,406.29,155.08,63,,,,,
NW030,3,0.04,214,0.29,595.05,580.54,287.48,62,,,,,
NW031,3,0.16,411,0.18,596.18,591.87,244.04,74,,,,,
NW032,3,0.27,811,0.09,506.23,517.00,261.97,73,,,,,
NW033,3,0.15,26,2.85,329.46,291.00,126.34,75,,,,,
NW034,3,0.26,"2,333",0.03,510.17,610.92,257.05,70,,,,,
NW035,3,0.02,"1,525",0.04,552.35,499.17,224.00,61,,,,,
NW036,3,0.12,400,0.16,661.94,563.00,227.14,64,,,,,
NW037,3,0.21,700,0.09,418.25,384.86,180.82,63,,,,,
NW038,3,0.07,"3,250",0.02,532.18,528.20,242.07,65,,,,,
NW039,3,0.04,"1,080",0.00,573.81,495.00,237.59,54,,,,,
PJNE2171,3,0.14,"1,000",0.06,"1,104.03","1,099.00",581.23,60,,,,,
PJNE3405,3,0.04,622,0.09,993.62,764.00,398.87,56,,,,,
SAR 41.00,3,0.03,775,0.08,"1,035.34",989.00,407.85,62,,,,,
SAR 48.00,3,0.14,"1,440",0.00,578.00,598.00,262.29,72,,,,,
SAR 62.00,3,0.09,"1,220",0.05,"1,023.29",856.19,397.73,61,,,,,
SAR 71.00,3,0.30,829,0.07,672.06,899.00,410.26,58,,,,,
SAR 91.00,3,0.23,"1,500",0.05,529.92,563.00,301.32,75,,,,,
SAR 92.00,3,0.14,163,0.35,583.31,563.00,270.56,57,,,,,
SAR 98.00,3,0.18,790,0.10,620.12,648.00,315.34,79,,,,,
SAR 100.00,3,0.16,"1,480",0.00,561.88,563.00,284.79,74,,,,,
SAR 108.00,3,0.00,"1,050",0.08,695.57,563.00,240.41,84,,,,,
SAR 110.00,3,0.18,381,0.16,510.82,563.00,262.19,61,,,,,
SAR 112.00,3,0.27,353,0.15,720.99,790.00,423.62,53,,,,,
SAR 114.00,3,0.20,"8,100",0.01,660.62,620.00,317.79,81,,,,,
SAR 136.00,3,0.25,507,0.15,709.68,719.00,311.94,76,,,,,
SAR 152.00,3,0.11,393,0.15,636.62,648.00,348.01,59,,,,,
SAR 163.00,3,0.14,160,0.43,766.87,809.00,327.88,69,,,,,
SAR 165.00,3,0.05,640,0.10,879.11,809.00,376.85,64,,,,,
SAR 166.00,3,0.22,"1,725",0.04,706.97,770.48,360.82,69,,,,,
SAR 173.00,3,0.28,322,0.18,643.34,749.00,336.52,58,,,,,
SAR 181.00,3,0.16,640,0.10,810.29,749.00,306.94,64,,,,,
SET004,3,0.07,"1,600",0.04,678.56,682.00,270.00,64,,,,,
SET014,3,0.12,86,0.78,695.06,743.64,330.08,67,,,,,
SET034,3,0.13,986,0.07,562.90,545.00,288.92,69,,,,,
SET037,3,0.28,900,0.08,570.19,612.00,238.82,72,,,,,
SET038,3,0.21,113,0.45,507.19,574.41,254.63,51,,,,,
SET043,3,0.13,"5,400",0.01,"1,015.70",916.00,451.65,54,,,,,
SET044,3,0.04,90,0.58,669.00,610.79,321.47,52,,,,,
SET048,3,0.06,764,0.11,824.90,645.19,267.77,84,,,,,
SET051,3,0.26,592,0.12,472.20,468.00,229.73,71,,,,,
SET053,3,0.11,453,0.17,610.35,594.25,264.19,77,,,,,
SET055,3,0.17,"6,200",0.01,586.45,625.00,287.07,62,,,,,
SET058,3,0.29,510,0.10,691.15,815.31,324.52,51,,,,,
SET062,3,0.09,933,0.06,705.96,684.00,284.50,56,,,,,
SET069,3,0.12,"1,200",0.07,692.23,612.00,266.06,84,,,,,
SET072,3,0.25,886,0.07,371.61,370.00,167.92,62,,,,,
SET073,3,0.12,"4,200",0.02,932.20,824.00,431.95,84,,,,,
SET075,3,0.27,144,0.41,625.64,640.29,318.23,59,,,,,
SET085,3,0.16,157,0.37,398.49,399.00,202.59,58,,,,,
SET087,3,0.08,274,0.23,940.11,925.00,391.76,63,,,,,
SET094,3,0.15,883,0.06,829.55,745.97,407.19,53,,,,,
SET098,3,0.01,185,0.39,809.05,694.82,292.09,72,,,,,
SET100,3,0.20,611,0.09,838.81,816.00,327.18,55,,,,,
SET110,3,0.10,"3,200",0.02,810.06,786.27,386.73,64,,,,,
SET111,3,0.11,"1,040",0.00,617.15,643.00,324.46,52,,,,,
SET114,3,0.20,"3,800",0.02,667.40,597.00,239.18,76,,,,,
SET116,3,0.07,"3,100",0.02,599.93,583.97,310.20,62,,,,,
SET128,3,0.05,200,0.29,"1,502.53","1,133.00",460.11,58,,,,,
SET130,3,0.05,"1,975",0.04,723.38,547.00,288.99,79,,,,,
SET131,3,0.16,111,0.54,742.84,666.00,321.32,60,,,,,
SET132,3,0.26,589,0.09,518.44,547.00,226.71,53,,,,,
SET135,3,0.18,350,0.20,663.33,646.00,267.73,70,,,,,
SET138,3,0.06,"1,400",0.06,922.54,725.30,370.65,84,,,,,
SET143,3,0.15,53,1.18,522.58,534.00,233.93,62,,,,,
SET144,3,0.21,"3,550",0.02,755.55,788.00,336.94,71,,,,,
SET145,3,0.16,230,0.27,765.51,719.40,317.26,62,,,,,
SET147,3,0.14,"1,150",0.06,702.31,684.00,295.51,69,,,,,
SET153,3,0.28,197,0.35,386.95,448.00,205.07,69,,,,,
SET154,3,0.05,"8,100",0.01,921.29,832.00,454.59,81,,,,,
SET156,3,0.11,500,0.14,794.94,716.00,287.33,70,,,,,
SET158,3,0.24,"1,133",0.06,810.18,791.00,388.56,68,,,,,
SET165,3,0.12,775,0.08,559.10,567.00,294.35,62,,,,,
SET171,3,0.09,194,0.32,850.69,678.86,268.53,62,,,,,
SET172,3,0.09,"2,400",0.03,"1,123.83",956.48,431.20,72,,,,,
SET179,3,0.00,775,0.08,667.73,499.00,240.45,62,,,,,
SET182,3,0.27,380,0.15,591.27,650.74,306.80,57,,,,,
SET183,3,0.10,187,0.31,887.33,745.31,289.90,58,,,,,
SET184,3,0.07,"1,140",0.00,551.83,562.08,294.49,57,,,,,
SET185,3,0.13,46,1.50,"1,059.22",911.00,410.26,69,,,,,
SET186,3,0.15,"3,950",0.02,552.58,610.97,283.49,79,,,,,
SET187,3,0.29,"7,900",0.01,565.81,585.33,261.09,79,,,,,
SET188,3,0.18,"6,800",0.01,772.89,674.60,368.95,68,,,,,
SET192,3,0.18,"3,700",0.02,642.87,680.00,273.18,74,,,,,
SET193,3,0.08,333,0.21,797.00,771.00,301.88,70,,,,,
SET194,3,0.11,"3,050",0.02,751.84,641.00,290.97,61,,,,,
SET195,3,0.27,"1,340",0.00,612.56,737.00,318.07,67,,,,,
SET196,3,0.16,"1,050",0.08,908.04,799.00,314.15,84,,,,,
SET197,3,0.16,929,0.07,656.57,719.74,309.32,65,,,,,
SET198,3,0.25,767,0.09,449.67,548.00,287.19,69,,,,,
SET200,3,0.17,"5,400",0.01,656.58,568.00,256.75,54,,,,,
SET201,3,0.29,962,0.08,543.20,595.00,265.88,77,,,,,
SET203,3,0.27,318,0.17,441.31,449.00,214.58,54,,,,,
SET204,3,0.11,129,0.52,564.36,545.00,231.52,67,,,,,
SET205,3,0.23,509,0.11,395.33,399.00,156.07,56,,,,,
SET209,3,0.06,"1,117",0.06,648.01,548.00,259.40,67,,,,,
SET210,3,0.17,"1,233",0.06,601.86,575.00,305.18,74,,,,,
SET217,3,0.16,"1,525",0.04,887.88,820.09,313.75,61,,,,,
SET218,3,0.20,180,0.30,699.77,699.00,284.76,54,,,,,
SET219,3,0.13,166,0.32,691.23,662.00,350.07,53,,,,,
SET220,3,0.00,"1,043",0.07,"1,260.08","1,099.00",432.41,73,,,,,
SET221,3,0.20,400,0.15,753.41,714.00,287.11,60,,,,,
SET224,3,0.04,536,0.11,"1,377.83","1,271.03",571.31,59,,,,,
SET225,3,0.16,365,0.17,791.37,729.00,284.57,62,,,,,
SET226,3,0.29,986,0.07,641.98,799.00,323.92,69,,,,,
SET227,3,0.29,600,0.10,512.37,568.73,274.23,60,,,,,
SET228,3,0.01,"2,567",0.03,847.83,653.00,353.07,77,,,,,
SET229,3,0.04,"1,600",0.00,960.36,888.00,437.80,80,,,,,
SET230,3,0.28,700,0.12,616.11,799.00,330.40,84,,,,,
SET232,3,0.19,"6,100",0.01,442.93,499.00,274.06,61,,,,,
SET233,3,0.18,"1,525",0.04,564.03,545.00,268.85,61,,,,,
SET236,3,0.08,258,0.24,903.61,729.00,351.60,62,,,,,
SET238,3,0.04,"1,767",0.03,488.03,477.00,192.02,53,,,,,
SET239,3,0.11,971,0.07,760.73,654.00,299.95,68,,,,,
SET240,3,0.19,"1,360",0.05,595.83,629.00,247.59,68,,,,,
SET241,3,0.30,900,0.09,304.25,357.00,147.87,81,,,,,
SET242,3,0.13,533,0.12,695.07,581.00,285.34,64,,,,,
SET243,3,0.24,77,0.79,473.29,534.00,203.11,61,,,,,
SET244,3,0.15,"1,183",0.06,823.72,799.00,392.32,71,,,,,
SET245,3,0.01,271,0.21,"1,043.20",999.00,424.20,57,,,,,
SET246,3,0.25,800,0.09,368.06,455.00,215.27,72,,,,,
SET247,3,0.07,98,0.54,747.38,704.63,360.64,53,,,,,
SET248,3,0.03,843,0.07,629.11,612.00,289.53,59,,,,,
SET249,3,0.05,"2,167",0.03,738.95,612.00,321.95,65,,,,,
SET250,3,0.14,"1,733",0.03,695.75,674.60,350.80,52,,,,,
SET251,3,0.06,"2,950",0.02,886.01,759.00,353.15,59,,,,,
SET252,3,0.27,"1,360",0.05,613.55,756.42,362.16,68,,,,,
SET253,3,0.26,688,0.08,629.14,737.00,290.73,55,,,,,
SET254,3,0.14,"1,000",0.07,977.09,886.00,432.72,70,,,,,
SET257,3,0.12,"1,160",0.05,678.41,555.47,250.69,58,,,,,
SET258,3,0.25,515,0.13,702.09,876.80,388.00,67,,,,,
SET260,3,0.25,187,0.45,583.12,571.00,312.78,84,,,,,
SET261,3,0.07,778,0.09,659.27,566.25,247.56,70,,,,,
SET262,3,0.18,248,0.25,608.59,595.00,291.78,62,,,,,
SET263,3,0.23,"5,900",0.01,694.29,736.00,316.17,59,,,,,
SET264,3,0.06,387,0.15,831.44,823.35,427.92,58,,,,,
SET265,3,0.20,331,0.16,766.68,886.16,342.61,53,,,,,
SET266,3,0.03,87,0.94,886.69,725.30,380.58,82,,,,,
SET267,3,0.05,"1,040",0.00,946.46,852.00,408.55,52,,,,,
SET268,3,0.03,536,0.11,"1,015.10",763.29,408.73,59,,,,,
SET269,3,0.07,"1,050",0.08,889.28,801.99,305.18,84,,,,,
SET270,3,0.16,962,0.08,524.90,568.00,263.91,77,,,,,
SET271,3,0.29,"5,400",0.01,826.18,895.00,401.66,54,,,,,
SET272,3,0.12,53,1.41,864.23,852.00,458.88,75,,,,,
SET273,3,0.29,491,0.11,526.41,600.87,253.87,54,,,,,
SET274,3,0.25,319,0.21,662.00,682.00,350.76,67,,,,,
SET275,3,0.16,215,0.26,755.66,659.00,261.84,56,,,,,
SET276,3,0.23,538,0.13,"1,265.23","1,238.00",637.73,70,,,,,
SET277,3,0.23,700,0.10,"1,325.66","1,338.00",692.53,70,,,,,
SET278,3,0.11,971,0.07,"1,612.13","1,406.49",764.83,68,,,,,
SET279,3,0.05,471,0.17,"1,035.62",789.33,370.79,80,,,,,
SET280,3,0.01,812,0.08,904.29,791.85,359.48,65,,,,,
SET281,3,0.07,"2,167",0.03,482.10,493.52,265.92,65,,,,,
SET282,3,0.22,857,0.07,947.99,"1,061.29",443.79,60,,,,,
SET285,3,0.07,"1,120",0.05,518.14,494.68,233.95,56,,,,,
SET286,3,0.02,427,0.15,780.50,621.41,286.38,64,,,,,
SET287,3,0.12,590,0.10,739.46,660.72,313.89,59,,,,,
SET288,3,0.17,856,0.09,674.36,646.00,311.29,77,,,,,
SET289,3,0.07,530,0.10,653.87,666.00,302.94,53,,,,,
SET290,3,0.00,43,1.55,959.23,735.00,384.85,67,,,,,
SET291,3,0.18,325,0.16,515.47,540.41,280.51,52,,,,,
SET293,3,0.11,582,0.11,781.72,684.72,276.28,64,,,,,
SET295,3,0.21,"1,167",0.06,738.53,751.00,292.26,70,,,,,
SET297,3,0.22,283,0.24,703.59,771.00,375.12,68,,,,,
SET299,3,0.03,509,0.11,946.06,889.00,362.45,56,,,,,
SET300,3,0.20,"1,320",0.05,755.66,872.14,439.54,66,,,,,
SET302,3,0.18,270,0.23,"1,032.57",939.00,393.98,62,,,,,
SET303,3,0.10,967,0.06,"1,096.05",888.00,391.18,58,,,,,
SET304,3,0.28,456,0.16,"1,037.49","1,128.02",542.03,73,,,,,
SET305,3,0.20,"2,267",0.03,815.95,939.00,512.40,68,,,,,
SET306,3,0.08,155,0.38,992.38,905.91,474.20,59,,,,,
SET307,3,0.25,988,0.08,720.43,736.00,315.22,79,,,,,
SET308,3,0.10,"1,317",0.06,828.69,696.00,304.84,79,,,,,
SET310,3,0.16,575,0.12,"1,112.03","1,213.00",661.56,69,,,,,
SET313,3,0.01,"1,083",0.06,"1,142.42","1,099.00",562.98,65,,,,,
SET316,3,0.30,711,0.09,"1,044.99","1,149.00",500.71,64,,,,,
SET317,3,0.00,711,0.09,"1,393.32","1,186.00",648.33,64,,,,,
SET318,3,0.03,"1,050",0.08,"1,103.79",999.00,531.77,84,,,,,
SET319,3,0.16,151,0.37,753.05,850.14,351.97,56,,,,,
SET320,3,0.10,"3,200",0.02,954.61,856.00,444.82,64,,,,,
SET321,3,0.11,"1,220",0.05,"1,126.46",939.00,412.25,61,,,,,
SET322,3,0.14,453,0.15,"1,281.66","1,075.90",548.18,68,,,,,
SET323,3,0.16,"3,400",0.02,979.17,934.03,497.93,68,,,,,
SET324,3,0.09,162,0.39,668.47,597.19,303.77,63,,,,,
SET325,3,0.09,770,0.10,654.41,666.00,284.52,77,,,,,
SET326,3,0.08,"1,700",0.03,752.00,658.07,266.21,51,,,,,
SET327,3,0.05,453,0.17,962.01,856.00,349.99,77,,,,,
SET328,3,0.27,153,0.43,554.43,601.58,290.25,66,,,,,
SET329,3,0.05,191,0.33,745.65,661.77,288.81,63,,,,,
SET330,3,0.09,150,0.36,842.81,816.65,420.70,54,,,,,
SET331,3,0.18,"1,067",0.06,522.12,587.80,294.00,64,,,,,
SET332,3,0.10,"1,000",0.08,573.27,549.00,218.29,80,,,,,
SET333,3,0.20,129,0.45,731.66,843.84,462.25,58,,,,,
SET334,3,0.05,276,0.21,703.51,666.00,356.62,58,,,,,
SET335,3,0.12,"1,725",0.04,"1,411.09","1,149.00",495.71,69,,,,,
SET337,3,0.12,353,0.15,927.13,874.00,476.76,53,,,,,
SET338,3,0.17,933,0.06,"1,216.85","1,186.00",555.55,56,,,,,
SET339,3,0.28,"6,400",0.01,650.27,666.16,345.84,64,,,,,
SET340,3,0.01,833,0.09,953.74,688.89,310.61,75,,,,,
SET341,3,0.29,656,0.09,800.38,899.00,430.04,59,,,,,
SET342,3,0.22,244,0.25,953.38,916.00,364.79,61,,,,,
SET343,3,0.10,610,0.10,685.68,654.29,268.93,61,,,,,
SET344,3,0.13,330,0.20,974.39,968.00,476.15,66,,,,,
SET345,3,0.13,"3,450",0.02,657.13,634.22,320.85,69,,,,,
SET346,3,0.05,733,0.09,"1,112.43",911.00,442.25,66,,,,,
SET347,3,0.25,382,0.17,778.55,805.47,362.18,65,,,,,
SET348,3,0.05,122,0.60,"1,067.04",968.00,488.29,73,,,,,
SET349,3,0.03,"1,279",0.14,"1,023.71",962.39,427.20,179,,,,,
SET350,3,0.03,569,0.13,"1,601.92","1,299.00",624.04,74,,,,,
SET351,3,0.29,700,0.10,465.66,599.00,273.24,70,,,,,
SET353,3,0.16,248,0.25,934.24,888.00,422.56,62,,,,,
SET355,3,0.15,650,0.10,"1,537.21","1,399.00",699.42,65,,,,,
SET356,3,0.22,"3,000",0.02,"1,110.28","1,099.00",427.25,60,,,,,
SET357,3,0.15,"1,580",0.05,"1,283.04","1,149.00",499.10,79,,,,,
SET358,3,0.22,756,0.09,"1,154.56","1,092.00",458.84,68,,,,,
SET359,3,0.04,"1,180",0.05,"1,292.41","1,099.00",578.27,59,,,,,
SET360,3,0.24,"1,480",0.00,"1,117.27","1,126.00",453.06,74,,,,,
SET361,3,0.28,662,0.08,"1,026.95","1,126.00",526.00,53,,,,,
SET363,3,0.01,"1,360",0.00,"1,387.68","1,256.76",500.10,68,,,,,
SET364,3,0.07,700,0.08,"1,059.45","1,075.73",445.38,56,,,,,
SET365,3,0.12,"6,300",0.01,"1,111.79","1,099.00",525.01,63,,,,,
SET366,3,0.26,23,2.47,"1,031.89","1,157.16",632.02,58,,,,,
SET369,3,0.00,170,0.37,"1,485.00","1,173.00",591.57,63,,,,,
SET374,3,0.08,394,0.18,752.89,607.32,268.62,71,,,,,
SET375,3,0.14,"2,400",0.03,658.56,684.53,346.48,72,,,,,
SET377,3,0.26,341,0.17,984.29,"1,215.89",496.16,58,,,,,
SET378,3,0.12,"1,750",0.04,"1,510.38","1,237.25",473.44,70,,,,,
SET380,3,0.20,86,0.70,865.90,995.00,458.33,60,,,,,
SET383,3,0.15,"1,220",0.05,647.58,625.77,325.91,61,,,,,
SET384,3,0.21,"1,220",0.00,620.61,625.99,315.32,61,,,,,
SET385,3,0.13,250,0.24,675.04,625.99,342.34,60,,,,,
SET386,3,0.12,208,0.36,569.96,599.65,236.60,75,,,,,
SET388,3,0.09,608,0.12,"1,264.79","1,299.00",688.45,73,,,,,
SET389,3,0.21,482,0.11,582.57,678.46,306.66,53,,,,,
SET390,3,0.09,"1,080",0.05,950.72,832.50,419.09,54,,,,,
SET392,3,0.14,238,0.32,801.20,751.00,342.30,76,,,,,
SET393,3,0.16,"6,800",0.01,871.77,916.96,402.78,68,,,,,
SET394,3,0.30,179,0.34,"1,141.70","1,281.00",523.86,61,,,,,
SET395,3,0.18,"7,200",0.01,"1,215.56","1,108.72",570.89,72,,,,,
SET396,3,0.17,172,0.39,"1,015.23","1,149.00",629.80,67,,,,,
SET397,3,0.16,"1,317",0.06,"1,182.50","1,149.78",605.63,79,,,,,
SET398,3,0.13,311,0.19,"1,209.82","1,076.93",427.54,59,,,,,
SET400,3,0.09,712,0.08,"1,298.97","1,254.00",503.40,57,,,,,
SET401,3,0.21,829,0.07,"1,084.71","1,186.00",525.78,58,,,,,
SET402,3,0.02,"1,725",0.04,"1,424.16","1,149.00",515.26,69,,,,,
SET403,3,0.05,"1,340",0.05,"1,591.57","1,228.00",550.04,67,,,,,
SET404,3,0.06,103,0.67,"2,167.24","1,729.00",769.12,69,,,,,
SET405,3,0.22,267,0.24,677.47,692.57,302.61,64,,,,,
SET408,3,0.21,"1,250",0.06,617.81,599.00,311.59,75,,,,,
SET409,3,0.03,770,0.10,880.76,771.00,309.54,77,,,,,
SET413,3,0.01,436,0.14,"1,074.88",852.00,336.16,61,,,,,
SET433,3,0.20,76,0.88,646.37,666.00,254.88,67,,,,,
SET435,3,0.00,592,0.13,"2,231.84","1,999.00",843.65,77,,,,,
AN208,4,0.24,222,0.27,225.49,229.00,119.88,60,,,,,
BL004,4,0.02,"4,000",0.02,511.12,419.00,219.15,80,,,,,
BL006,4,0.23,208,0.39,346.67,383.00,171.51,81,,,,,
BL009,4,0.01,"3,450",0.02,459.44,339.00,185.26,69,,,,,
BL013,4,0.05,280,0.30,373.66,372.00,178.12,84,,,,,
BL019,4,0.29,762,0.08,345.24,419.00,167.71,61,,,,,
BL021,4,0.03,58,1.11,434.84,419.00,193.49,64,,,,,
BL022,4,0.17,744,0.09,916.92,838.00,400.87,67,,,,,
BL024,4,0.00,810,0.10,496.27,383.00,153.88,81,,,,,
BL026,4,0.25,306,0.18,334.93,383.00,208.75,55,,,,,
BL035,4,0.04,"1,080",0.05,459.43,372.00,191.17,54,,,,,
BL053,4,0.21,"1,283",0.06,355.87,379.00,155.24,77,,,,,
BL057,4,0.09,28,2.33,458.21,383.00,198.71,66,,,,,
BL089,4,0.01,"2,733",0.03,326.75,273.00,144.17,82,,,,,
BL090,4,0.11,857,0.07,0.00,0.00,0.00,60,,,,,
BL093,4,0.23,600,0.11,289.49,273.00,134.60,66,,,,,
BL099,4,0.01,274,0.23,291.75,259.00,119.34,63,,,,,
BL100,4,0.01,"1,100",0.00,280.04,259.00,115.89,55,,,,,
BL101,4,0.15,789,0.09,265.53,249.00,126.56,71,,,,,
BL102,4,0.09,300,0.20,327.44,259.00,123.43,60,,,,,
BL103,4,0.11,736,0.11,481.13,457.26,228.86,81,,,,,
BL104,4,0.14,136,0.39,454.38,493.00,219.87,53,,,,,
BL109,4,0.02,569,0.13,593.31,518.00,259.17,74,,,,,
BL110,4,0.28,564,0.11,287.21,325.08,158.55,62,,,,,
BL111,4,0.30,164,0.36,216.91,280.00,132.29,59,,,,,
BL113,4,0.27,63,1.10,307.19,328.67,136.90,69,,,,,
BTM002,4,0.17,"1,620",0.00,601.58,518.00,247.23,81,,,,,
BTM003,4,0.20,"5,900",0.01,500.64,518.00,251.06,59,,,,,
BTM008,4,0.16,689,0.09,510.90,518.00,219.43,62,,,,,
BTM021,4,0.18,667,0.09,252.78,259.00,132.84,60,,,,,
BTM026,4,0.22,"1,180",0.05,352.42,414.40,200.49,59,,,,,
BTM027,4,0.10,"6,500",0.01,626.09,511.84,267.52,65,,,,,
BTM029,4,0.28,309,0.23,445.76,518.00,267.32,71,,,,,
BTM030,4,0.08,750,0.08,306.07,280.62,129.81,60,,,,,
BTM031,4,0.23,424,0.17,510.90,518.00,201.25,72,,,,,
BTM032,4,0.19,264,0.25,289.82,297.00,133.44,66,,,,,
BTM033,4,0.30,170,0.37,265.46,297.00,161.00,63,,,,,
BTM035,4,0.26,296,0.23,225.19,284.00,118.24,68,,,,,
BTM036,4,0.28,"1,725",0.04,345.98,360.00,160.82,69,,,,,
BTM037,4,0.09,"7,100",0.01,444.65,354.29,184.59,71,,,,,
BTM038,4,0.06,371,0.21,452.57,377.00,203.18,78,,,,,
BTM039,4,0.20,540,0.10,393.88,355.72,138.26,54,,,,,
BTM040,4,0.05,525,0.12,361.51,345.00,133.12,63,,,,,
BTM041,4,0.22,"6,300",0.01,327.52,345.00,142.34,63,,,,,
BTM042,4,0.27,912,0.08,302.77,329.00,163.91,73,,,,,
BTM044,4,0.00,"1,143",0.07,451.30,360.00,156.12,80,,,,,
BTM045,4,0.21,"1,440",0.00,324.47,345.00,172.82,72,,,,,
BTM047,4,0.02,"2,133",0.03,395.01,345.00,163.94,64,,,,,
BTM048,4,0.26,"1,450",0.04,279.40,345.00,147.58,58,,,,,
CH203,4,0.23,"1,033",0.06,249.54,273.00,130.77,62,,,,,
CH204,4,0.10,295,0.19,282.93,284.00,150.31,56,,,,,
CH205,4,0.03,"1,740",0.05,346.11,273.00,109.35,87,,,,,
CH206,4,0.13,492,0.13,266.75,273.00,112.19,64,,,,,
CH213,4,0.23,"1,117",0.06,225.03,273.00,128.46,67,,,,,
J0002,4,0.03,400,0.15,"1,356.39","1,124.68",612.00,60,,,,,
J0003,4,0.21,"3,300",0.02,625.16,628.88,248.67,66,,,,,
J0004,4,0.06,"1,550",0.04,"1,442.96","1,132.75",573.18,62,,,,,
J0005,4,0.12,"3,300",0.02,930.17,844.30,369.27,66,,,,,
J0006,4,0.03,"1,000",0.07,933.22,821.65,408.37,70,,,,,
J0007,4,0.01,571,0.14,"1,191.93",904.52,417.52,80,,,,,
J0008,4,0.12,"2,900",0.02,"1,196.36","1,097.17",501.47,58,,,,,
J0009,4,0.27,"1,333",0.06,785.97,999.00,518.06,80,,,,,
J0010,4,0.22,217,0.35,972.50,999.00,384.79,76,,,,,
J0011,4,0.02,678,0.09,"2,272.06","1,695.00",708.90,61,,,,,
J0012,4,0.27,270,0.23,974.88,"1,123.45",438.46,62,,,,,
J0013,4,0.07,633,0.09,"1,518.56","1,415.31",563.12,57,,,,,
J0014,4,0.17,738,0.08,"1,504.92","1,648.00",738.89,59,,,,,
J0015,4,0.06,"2,950",0.02,586.84,566.00,252.28,59,,,,,
J0020,4,0.14,762,0.08,589.99,571.00,224.56,61,,,,,
J0021,4,0.04,194,0.32,397.48,329.00,134.41,62,,,,,
J0023,4,0.15,"1,143",0.07,365.68,399.00,213.45,80,,,,,
J0024,4,0.23,689,0.09,349.30,329.00,125.51,62,,,,,
J0025,4,0.28,200,0.42,531.96,562.15,290.45,84,,,,,
J0026,4,0.04,850,0.08,383.22,318.00,139.02,68,,,,,
J0028,4,0.12,140,0.42,374.97,318.00,157.31,59,,,,,
J0029,4,0.26,487,0.15,275.23,345.00,166.95,73,,,,,
J0033,4,0.06,"1,186",0.07,456.41,399.00,201.04,83,,,,,
J0034,4,0.28,564,0.11,648.09,708.47,289.84,62,,,,,
J0037,4,0.05,159,0.51,664.52,522.00,242.07,81,,,,,
J0039,4,0.14,103,0.62,737.96,648.00,253.20,64,,,,,
J0041,4,0.19,295,0.20,581.32,625.71,314.26,59,,,,,
J0043,4,0.19,"2,000",0.03,709.45,635.00,247.48,60,,,,,
J0047,4,0.27,393,0.15,262.63,329.00,136.08,59,,,,,
J0048,4,0.14,415,0.13,263.61,226.00,121.44,54,,,,,
J0049,4,0.08,"1,625",0.04,420.67,329.00,125.75,65,,,,,
J0051,4,0.11,"1,100",0.08,605.69,612.00,335.94,88,,,,,
J0055,4,0.16,365,0.17,"1,023.16",935.00,391.50,62,,,,,
J0062,4,0.06,967,0.06,491.12,491.00,269.59,58,,,,,
J0070,4,0.02,"1,267",0.06,371.44,318.00,173.21,76,,,,,
J0072,4,0.02,670,0.10,383.54,318.00,160.72,67,,,,,
J0073,4,0.05,"2,167",0.03,410.74,345.00,141.92,65,,,,,
J0074,4,0.06,197,0.38,380.71,294.00,126.37,75,,,,,
J0075,4,0.13,336,0.25,401.43,359.00,152.96,84,,,,,
J0077,4,0.06,371,0.17,"1,326.30","1,158.00",485.07,63,,,,,
J0078,4,0.15,267,0.27,"1,132.24",999.00,536.87,72,,,,,
J0079,4,0.10,"1,625",0.04,"1,936.31","1,556.00",683.96,65,,,,,
J0080,4,0.23,"1,600",0.04,420.89,516.78,252.74,64,,,,,
J0081,4,0.11,"2,267",0.03,816.29,658.00,348.94,68,,,,,
J0082,4,0.21,"1,033",0.06,307.19,360.00,194.85,62,,,,,
J0083,4,0.16,237,0.30,497.07,443.25,206.39,71,,,,,
J0084,4,0.27,"2,567",0.03,469.35,560.00,251.18,77,,,,,
J0085,4,0.03,211,0.35,382.81,360.00,145.18,74,,,,,
J0086,4,0.29,98,0.65,486.38,569.00,280.62,64,,,,,
J0087,4,0.17,"2,667",0.03,348.27,329.00,146.09,80,,,,,
J0088,4,0.04,"1,650",0.04,449.67,395.83,195.44,66,,,,,
J0089,4,0.15,"2,200",0.04,327.14,360.00,194.11,88,,,,,
J0090,4,0.03,811,0.09,688.00,563.00,279.89,73,,,,,
J0091,4,0.13,"1,500",0.05,354.11,298.00,147.43,75,,,,,
J0092,4,0.11,"1,200",0.06,873.69,829.03,353.14,72,,,,,
J0093,4,0.04,326,0.19,688.40,637.00,281.31,62,,,,,
J0094,4,0.15,733,0.09,579.60,565.92,225.90,66,,,,,
J0095,4,0.29,582,0.11,481.76,635.97,298.73,64,,,,,
J0096,4,0.22,"1,140",0.05,525.61,503.94,266.92,57,,,,,
J0097,4,0.12,"1,167",0.06,650.50,551.97,236.66,70,,,,,
J0098,4,0.15,957,0.07,440.85,413.00,173.74,67,,,,,
J0100,4,0.28,410,0.21,"1,266.63","1,499.00",628.00,86,,,,,
J0101,4,0.25,97,0.66,796.96,799.00,363.21,64,,,,,
J0102,4,0.18,"2,100",0.03,"1,145.13","1,122.47",597.01,63,,,,,
J0104,4,0.11,587,0.15,528.37,443.35,206.62,88,,,,,
J0105,4,0.26,"2,733",0.03,939.61,999.00,460.67,82,,,,,
J0106,4,0.03,71,0.94,"1,283.52",999.00,476.84,67,,,,,
J0108,4,0.17,419,0.16,"1,201.14","1,149.00",626.98,67,,,,,
J0109,4,0.15,318,0.22,"1,205.65","1,187.01",631.08,70,,,,,
J0110,4,0.27,471,0.14,873.72,864.00,464.16,66,,,,,
J0111,4,0.14,675,0.12,450.87,423.00,230.39,81,,,,,
J0113,4,0.17,"2,533",0.03,556.37,531.26,263.80,76,,,,,
J0117,4,0.08,750,0.08,537.16,518.00,240.12,60,,,,,
J0118,4,0.23,"1,240",0.00,482.46,493.76,195.39,62,,,,,
J0119,4,0.02,250,0.24,656.97,536.28,272.23,60,,,,,
J0122,4,0.17,591,0.11,303.35,327.88,138.22,65,,,,,
J0123,4,0.18,317,0.18,234.45,267.00,136.46,57,,,,,
J0124,4,0.01,"1,550",0.04,653.18,523.00,280.81,62,,,,,
J0126,4,0.28,"3,350",0.02,775.83,818.00,409.61,67,,,,,
J0127,4,0.25,372,0.18,"1,049.91","1,135.17",593.23,67,,,,,
J0130,4,0.06,58,1.13,695.90,655.51,270.48,65,,,,,
J0131,4,0.21,379,0.19,341.43,336.79,148.97,72,,,,,
J0132,4,0.05,309,0.22,370.74,362.00,145.47,68,,,,,
J0133,4,0.20,517,0.12,367.17,381.00,157.50,62,,,,,
J0134,4,0.20,800,0.09,619.13,699.00,362.28,72,,,,,
J0135,4,0.17,550,0.16,543.83,587.87,234.13,88,,,,,
J0136,4,0.18,"1,360",0.05,522.03,568.00,260.32,68,,,,,
J0137,4,0.21,678,0.09,797.83,852.00,351.65,61,,,,,
J0139,4,0.09,655,0.11,344.99,355.00,176.06,72,,,,,
J0142,4,0.04,518,0.11,449.05,393.33,187.77,57,,,,,
J0143,4,0.02,300,0.22,776.91,645.00,265.05,66,,,,,
J0144,4,0.14,"2,267",0.03,554.64,529.00,251.85,68,,,,,
J0147,4,0.15,"2,167",0.03,571.00,567.39,311.39,65,,,,,
J0148,4,0.19,"1,280",0.00,657.94,604.50,279.99,64,,,,,
J0150,4,0.14,"1,012",0.08,397.63,420.00,215.14,81,,,,,
J0151,4,0.28,457,0.14,440.83,499.00,264.28,64,,,,,
J0152,4,0.19,938,0.08,768.26,885.00,435.96,75,,,,,
J0153,4,0.22,288,0.26,371.42,443.00,172.64,75,,,,,
J0154,4,0.04,358,0.24,452.71,377.00,186.64,86,,,,,
J0155,4,0.00,"1,200",0.00,792.55,635.00,293.25,60,,,,,
J0157,4,0.17,775,0.08,665.01,590.30,254.12,62,,,,,
J0158,4,0.11,140,0.48,719.16,648.90,316.78,67,,,,,
J0161,4,0.05,"1,217",0.06,622.77,473.00,239.90,73,,,,,
J0162,4,0.08,"6,200",0.01,"1,164.27","1,186.00",552.04,62,,,,,
J0163,4,0.00,291,0.22,"1,285.98","1,186.00",591.64,64,,,,,
J0164,4,0.24,110,0.69,269.29,332.57,166.81,76,,,,,
J0165,4,0.17,31,1.95,328.49,355.00,193.02,60,,,,,
J0166,4,0.15,"1,640",0.05,464.61,441.00,196.85,82,,,,,
J0167,4,0.14,770,0.10,350.04,319.00,148.19,77,,,,,
J0168,4,0.29,"2,025",0.04,348.14,460.00,233.73,81,,,,,
J0172,4,0.16,708,0.12,600.94,518.00,260.36,85,,,,,
J0173,4,0.08,"1,100",0.07,539.41,436.00,172.48,77,,,,,
J0174,4,0.02,856,0.09,478.30,423.00,175.16,77,,,,,
J0175,4,0.27,762,0.08,392.32,499.00,215.52,61,,,,,
J0176,4,0.11,"1,029",0.07,382.13,387.00,197.09,72,,,,,
J0178,4,0.04,862,0.08,335.16,319.00,167.59,69,,,,,
J0179,4,0.07,"1,600",0.00,707.57,696.00,324.89,80,,,,,
J0181,4,0.17,967,0.06,349.57,342.00,130.79,58,,,,,
J0184,4,0.19,529,0.14,351.52,382.00,166.45,74,,,,,
J0185,4,0.14,411,0.18,807.63,799.00,402.48,74,,,,,
J0186,4,0.28,"4,650",0.02,852.54,848.00,381.31,93,,,,,
J0187,4,0.06,352,0.21,711.53,587.00,246.85,74,,,,,
J0189,4,0.07,"2,200",0.03,422.89,329.00,167.66,66,,,,,
J0190,4,0.28,"1,600",0.05,356.37,450.00,191.79,80,,,,,
J0192,4,0.28,"1,033",0.06,253.13,297.00,144.78,62,,,,,
J0194,4,0.22,107,0.69,677.37,698.00,341.07,74,,,,,
J0195,4,0.07,"1,440",0.00,665.99,665.00,355.40,72,,,,,
J0196,4,0.17,"6,400",0.01,409.30,469.00,207.54,64,,,,,
J0197,4,0.11,86,0.72,714.59,625.00,276.44,62,,,,,
J0198,4,0.25,71,1.13,581.41,608.18,279.11,80,,,,,
J0199,4,0.05,"6,600",0.01,539.83,476.00,254.49,66,,,,,
J0201,4,0.12,738,0.08,666.43,620.04,252.98,59,,,,,
J0202,4,0.19,482,0.17,502.54,519.00,257.15,82,,,,,
J0203,4,0.30,"1,600",0.04,415.81,561.24,290.88,64,,,,,
J0204,4,0.21,"8,500",0.01,692.59,751.00,407.84,85,,,,,
J0205,4,0.10,"1,320",0.00,387.30,387.00,173.98,66,,,,,
J0207,4,0.04,"1,067",0.06,921.35,885.00,384.81,64,,,,,
J0208,4,0.06,618,0.11,938.57,721.00,394.52,68,,,,,
J0209,4,0.14,875,0.08,771.84,712.42,329.81,70,,,,,
J0210,4,0.09,546,0.13,826.55,696.00,356.00,71,,,,,
J0211,4,0.18,200,0.33,665.11,699.00,307.78,66,,,,,
J0212,4,0.15,690,0.10,793.05,785.62,408.80,69,,,,,
J0213,4,0.04,412,0.17,651.48,599.00,259.09,70,,,,,
J0214,4,0.19,"2,033",0.03,217.30,247.50,119.85,61,,,,,
J0215,4,0.28,"6,700",0.01,436.61,545.00,212.96,67,,,,,
J0216,4,0.10,383,0.18,741.70,620.04,326.53,69,,,,,
J0217,4,0.20,321,0.19,644.48,625.88,307.95,61,,,,,
J0219,4,0.29,"1,680",0.05,545.64,619.05,328.53,84,,,,,
J0220,4,0.30,"1,050",0.06,532.12,625.00,245.50,63,,,,,
J0224,4,0.09,"2,900",0.02,"1,990.13","1,593.00",627.73,58,,,,,
J0228,4,0.10,"1,217",0.06,"1,615.44","1,669.00",844.76,73,,,,,
J0230,4,0.28,336,0.22,872.44,"1,055.31",433.81,74,,,,,
J0231,4,0.10,733,0.09,"1,331.06","1,261.39",574.71,66,,,,,
J0232,4,0.02,900,0.07,"1,573.71","1,213.00",557.93,63,,,,,
J0233,4,0.21,453,0.15,"1,434.01","1,299.00",661.04,68,,,,,
J0234,4,0.15,144,0.48,"1,158.06","1,201.19",641.64,69,,,,,
J0235,4,0.13,"1,675",0.04,"1,296.52","1,099.00",436.82,67,,,,,
J0236,4,0.23,68,1.22,888.57,860.72,341.64,83,,,,,
J0237,4,0.10,"1,162",0.08,"1,230.24","1,211.14",535.78,93,,,,,
J0239,4,0.23,727,0.11,"1,174.10","1,281.60",628.80,80,,,,,
J0240,4,0.10,"1,271",0.07,"1,466.53","1,365.43",582.47,89,,,,,
J0241,4,0.01,"2,833",0.03,"1,844.37","1,338.00",531.84,85,,,,,
J0242,4,0.18,569,0.13,786.71,861.75,344.01,74,,,,,
J0243,4,0.24,"2,100",0.04,"1,009.57",999.00,417.00,84,,,,,
J0244,4,0.08,900,0.07,"1,310.40","1,220.56",538.09,63,,,,,
J0245,4,0.18,100,0.74,"1,230.30","1,149.00",615.51,74,,,,,
J0247,4,0.20,862,0.08,785.23,820.00,428.47,69,,,,,
J0248,4,0.18,608,0.13,"1,025.96",999.00,396.85,79,,,,,
J0249,4,0.17,"1,740",0.05,"1,045.46",939.00,419.65,87,,,,,
J0250,4,0.12,914,0.07,670.50,572.25,292.30,64,,,,,
J0251,4,0.07,121,0.53,960.25,763.00,401.90,64,,,,,
J0252,4,0.01,473,0.15,746.62,704.25,386.24,71,,,,,
J0254,4,0.17,"3,067",0.03,846.23,789.00,420.34,92,,,,,
J0277,4,0.00,550,0.12,"1,634.99","1,487.71",650.43,66,,,,,
J0278,4,0.23,"1,057",0.07,700.55,761.00,417.90,74,,,,,
J0280,4,0.14,393,0.15,"1,569.92","1,469.79",768.21,59,,,,,
J0281,4,0.26,"1,675",0.04,"1,231.51","1,397.37",638.20,67,,,,,
J0282,4,0.14,363,0.19,529.17,499.50,215.97,69,,,,,
J0283,4,0.04,914,0.07,"1,315.65",979.75,430.28,64,,,,,
J0284,4,0.14,"3,700",0.02,"1,010.49","1,070.78",548.10,74,,,,,
J0285,4,0.20,"1,580",0.05,"1,399.55","1,359.94",583.32,79,,,,,
J0291,4,0.01,810,0.10,"1,010.80",859.00,333.69,81,,,,,
J0292,4,0.09,169,0.48,376.19,377.00,186.50,81,,,,,
J0293,4,0.27,971,0.07,380.93,472.00,199.70,68,,,,,
J0294,4,0.13,"3,033",0.03,476.21,396.00,174.07,91,,,,,
J0295,4,0.23,673,0.11,840.27,803.66,325.99,74,,,,,
J0296,4,0.23,53,1.18,403.36,383.07,181.64,63,,,,,
J0297,4,0.12,660,0.10,529.25,430.50,188.65,66,,,,,
J0299,4,0.17,214,0.29,321.55,345.00,184.26,62,,,,,
J0300,4,0.12,531,0.13,288.34,279.00,136.01,69,,,,,
J0301,4,0.17,"1,406",0.17,498.41,467.59,236.10,239,,,,,
J0302,4,0.13,825,0.08,578.15,545.00,277.14,66,,,,,
J0304,4,0.17,"2,433",0.03,294.93,297.00,114.22,73,,,,,
J0305,4,0.27,89,0.73,525.91,613.00,296.19,65,,,,,
J0306,4,0.10,159,0.51,774.34,684.03,272.48,81,,,,,
J0307,4,0.27,212,0.34,473.23,518.00,269.35,72,,,,,
J0308,4,0.08,775,0.08,655.64,644.05,285.13,62,,,,,
J0310,4,0.22,862,0.08,321.30,339.00,140.65,69,,,,,
J0324,4,0.23,"1,150",0.06,0.00,0.00,0.00,69,,,,,
J0328,4,0.29,"8,000",0.01,833.10,939.00,424.36,80,,,,,
J0329,4,0.03,"3,167",0.03,803.21,737.00,343.64,95,,,,,
J0331,4,0.05,185,0.41,973.05,782.00,334.06,76,,,,,
J0332,4,0.03,"1,600",0.05,789.70,768.90,386.19,80,,,,,
J0333,4,0.29,"2,833",0.03,680.76,816.58,445.74,85,,,,,
J0334,4,0.17,247,0.34,577.02,525.44,231.34,84,,,,,
J0335,4,0.14,19,3.42,860.75,802.39,417.15,66,,,,,
J0336,4,0.03,"8,800",0.01,663.19,599.00,233.68,88,,,,,
J0337,4,0.07,"1,820",0.05,594.49,494.29,191.70,91,,,,,
J0338,4,0.17,"1,283",0.06,762.27,735.55,290.16,77,,,,,
J0339,4,0.10,678,0.09,893.67,747.33,364.00,61,,,,,
J0340,4,0.03,374,0.19,720.32,568.06,310.94,71,,,,,
J0341,4,0.01,"2,767",0.03,922.08,737.13,289.09,83,,,,,
J0342,4,0.29,314,0.28,471.92,544.43,259.81,88,,,,,
J0343,4,0.23,"1,600",0.04,622.75,737.52,284.44,64,,,,,
J0344,4,0.01,822,0.09,544.93,482.22,186.23,74,,,,,
J0345,4,0.16,811,0.09,493.64,491.08,198.88,73,,,,,
J0346,4,0.17,531,0.13,499.80,478.00,238.97,69,,,,,
J0347,4,0.11,838,0.08,691.74,632.00,306.23,67,,,,,
J0348,4,0.06,231,0.35,539.82,499.00,202.25,81,,,,,
J0349,4,0.24,"1,250",0.06,644.95,806.46,400.11,75,,,,,
J0350,4,0.17,519,0.16,484.47,477.00,248.61,83,,,,,
J0351,4,0.09,625,0.12,788.77,753.75,343.21,75,,,,,
J0352,4,0.30,"2,200",0.03,581.01,635.00,248.19,66,,,,,
J0353,4,0.14,"2,800",0.03,554.92,609.67,263.18,84,,,,,
J0354,4,0.16,"2,400",0.03,589.13,558.98,253.27,72,,,,,
J0355,4,0.24,"7,800",0.01,644.02,614.27,327.70,78,,,,,
J0369,4,0.22,836,0.11,952.41,"1,099.00",489.55,92,,,,,
J0370,4,0.03,780,0.10,"1,295.31","1,099.00",419.48,78,,,,,
J0371,4,0.21,101,0.71,939.40,"1,099.00",578.28,72,,,,,
J0372,4,0.20,"1,383",0.06,"1,115.69","1,099.00",507.61,83,,,,,
J0373,4,0.02,"1,380",0.05,729.48,599.00,240.11,69,,,,,
J0375,4,0.02,"1,980",0.05,"1,284.43","1,099.00",466.05,99,,,,,
J0376,4,0.01,"1,750",0.04,"1,215.07",995.83,429.71,70,,,,,
J0377,4,0.14,627,0.11,"1,288.98","1,099.00",473.20,69,,,,,
J0378,4,0.00,850,0.10,"1,229.45","1,099.00",537.29,85,,,,,
J0379,4,0.02,"1,440",0.00,"1,419.30","1,369.00",684.62,72,,,,,
J0380,4,0.20,343,0.23,"1,554.86","1,438.00",593.04,79,,,,,
J0381,4,0.03,"1,286",0.07,"1,391.74","1,146.00",472.47,90,,,,,
J0382,4,0.06,108,0.61,"1,484.54","1,159.77",466.92,66,,,,,
J0385,4,0.11,"2,700",0.03,"1,399.44","1,249.00",555.96,81,,,,,
J0389,4,0.08,"1,840",0.00,"1,139.76",929.00,355.99,92,,,,,
J0395,4,0.18,"4,250",0.02,841.05,854.46,337.30,85,,,,,
J0396,4,0.20,"1,011",0.09,901.92,859.00,397.78,91,,,,,
J0397,4,0.01,"2,125",0.04,"1,354.51",999.00,464.28,85,,,,,
J0398,4,0.07,102,1.00,"1,029.01",885.00,366.65,102,,,,,
J0399,4,0.13,433,0.15,766.12,791.00,347.65,65,,,,,
J0400,4,0.08,"2,300",0.03,904.14,859.00,369.94,69,,,,,
J0401,4,0.25,"1,086",0.07,725.98,864.63,358.58,76,,,,,
J0402,4,0.06,"1,117",0.06,881.28,825.00,427.79,67,,,,,
J0413,4,0.08,980,0.10,942.23,885.00,453.58,98,,,,,
J0414,4,0.01,190,0.40,"1,069.43",868.14,346.13,76,,,,,
J0415,4,0.05,"9,700",0.01,"1,072.51",899.00,442.79,97,,,,,
J0416,4,0.26,"3,650",0.02,728.28,820.64,398.95,73,,,,,
J0419,4,0.17,304,0.23,"1,154.26","1,099.00",486.41,70,,,,,
JNE09186,4,0.10,654,0.13,795.00,819.00,341.91,85,,,,,
JNE09210,4,0.09,"1,580",0.00,805.45,819.00,401.70,79,,,,,
JNE1000,4,0.04,226,0.35,931.45,874.00,442.10,79,,,,,
JNE1233,4,0.14,975,0.08,351.82,332.23,180.70,78,,,,,
JNE1234,4,0.04,562,0.16,315.20,291.88,137.43,90,,,,,
JNE1408,4,0.27,178,0.41,315.42,376.00,172.11,73,,,,,
JNE1525,4,0.15,619,0.16,312.94,309.35,155.08,99,,,,,
JNE1906,4,0.18,"1,460",0.00,387.90,354.57,159.40,73,,,,,
JNE1951,4,0.27,579,0.14,283.38,368.00,200.49,81,,,,,
JNE1975,4,0.00,600,0.11,292.50,229.00,123.70,66,,,,,
JNE1977,4,0.15,"4,250",0.02,281.20,257.63,140.06,85,,,,,
JNE1998,4,0.26,680,0.15,288.98,293.72,120.47,102,,,,,
JNE2009,4,0.19,"2,933",0.03,328.91,295.00,144.19,88,,,,,
JNE2014,4,0.13,"2,200",0.04,323.88,352.19,186.10,88,,,,,
JNE2032,4,0.27,988,0.08,224.99,279.22,128.78,79,,,,,
JNE2049,4,0.25,"8,800",0.01,396.83,389.00,163.03,88,,,,,
JNE2086,4,0.19,"1,262",0.08,657.91,671.00,344.43,101,,,,,
JNE2100,4,0.03,"7,800",0.01,432.03,357.00,158.55,78,,,,,
JNE2101,4,0.19,307,0.30,290.77,280.00,149.94,92,,,,,
JNE2113,4,0.17,178,0.37,533.32,499.00,270.07,66,,,,,
JNE2131,4,0.13,131,0.52,"1,112.21",929.00,410.82,68,,,,,
JNE2132,4,0.18,"1,740",0.00,601.09,524.00,240.87,87,,,,,
JNE2153,4,0.06,677,0.13,514.83,420.64,192.69,88,,,,,
JNE2170,4,0.24,"1,420",0.05,452.94,518.00,228.77,71,,,,,
JNE2171,4,0.30,"2,633",0.03,483.82,509.00,217.12,79,,,,,
JNE2199,4,0.24,962,0.08,285.70,352.24,135.30,77,,,,,
JNE2205,4,0.27,"4,850",0.02,271.60,329.00,152.07,97,,,,,
JNE2209,4,0.26,"1,214",0.07,503.70,499.00,228.64,85,,,,,
JNE2251,4,0.27,"1,089",0.09,356.91,429.00,212.40,98,,,,,
JNE2265,4,0.23,71,1.29,285.56,329.00,165.80,91,,,,,
JNE2266,4,0.20,488,0.17,323.35,368.00,174.94,83,,,,,
JNE2270,4,0.03,606,0.16,654.97,499.91,268.28,97,,,,,
JNE2291,4,0.25,867,0.09,343.11,373.44,203.78,78,,,,,
JNE2305,4,0.13,625,0.12,367.29,328.23,126.81,75,,,,,
JNE2307,4,0.06,515,0.13,318.63,299.00,127.23,67,,,,,
JNE3030,4,0.27,"1,089",0.09,701.88,730.99,298.16,98,,,,,
JNE3042,4,0.11,189,0.44,345.52,295.00,127.35,83,,,,,
JNE3065,4,0.20,"1,317",0.06,364.52,393.00,188.83,79,,,,,
JNE3068,4,0.16,718,0.11,693.16,691.27,359.83,79,,,,,
JNE3160,4,0.08,375,0.24,686.35,664.09,347.59,90,,,,,
JNE3225,4,0.12,"1,960",0.00,427.45,349.00,144.10,98,,,,,
JNE3252,4,0.18,536,0.14,667.53,638.00,323.76,75,,,,,
JNE3255,4,0.06,"2,500",0.03,630.40,487.00,222.38,75,,,,,
JNE3256,4,0.05,417,0.18,534.91,487.00,208.69,75,,,,,
JNE3261,4,0.16,725,0.12,386.93,348.00,152.34,87,,,,,
JNE3265,4,0.20,453,0.17,346.91,329.00,165.29,77,,,,,
JNE3270,4,0.03,279,0.29,392.71,313.33,121.47,81,,,,,
JNE3273,4,0.03,867,0.09,671.82,499.00,211.85,78,,,,,
JNE3288,4,0.20,405,0.22,419.99,442.00,211.57,89,,,,,
JNE3291,4,0.25,"3,450",0.02,359.25,437.14,222.02,69,,,,,
JNE3294,4,0.12,"8,100",0.01,501.40,443.37,217.02,81,,,,,
JNE3296,4,0.24,469,0.16,557.50,562.00,242.96,75,,,,,
JNE3311,4,0.02,920,0.10,734.52,599.00,252.28,92,,,,,
JNE3313,4,0.20,"2,200",0.04,522.58,582.00,318.68,88,,,,,
JNE3334,4,0.25,"8,900",0.01,292.53,318.00,172.41,89,,,,,
JNE3336,4,0.08,"1,480",0.05,367.95,345.00,139.94,74,,,,,
JNE3344,4,0.28,459,0.17,258.25,299.00,124.81,78,,,,,
JNE3348,4,0.04,700,0.13,513.19,419.00,227.55,91,,,,,
JNE3359,4,0.27,878,0.09,417.39,436.19,231.97,79,,,,,
JNE3360,4,0.03,"2,000",0.05,328.10,299.00,125.77,100,,,,,
JNE3363,4,0.03,730,0.10,450.62,389.77,197.83,73,,,,,
JNE3364,4,0.08,623,0.13,393.92,374.21,151.39,81,,,,,
JNE3365,4,0.20,827,0.11,355.29,396.70,170.73,91,,,,,
JNE3366,4,0.16,"4,050",0.02,418.23,376.00,176.49,81,,,,,
JNE3368,4,0.12,764,0.11,566.42,470.43,250.91,84,,,,,
JNE3369,4,0.24,"1,660",0.05,436.59,487.00,227.15,83,,,,,
JNE3371,4,0.19,"1,825",0.04,345.72,325.08,152.63,73,,,,,
JNE3373,4,0.25,"1,150",0.08,373.75,365.36,190.19,92,,,,,
JNE3376,4,0.10,180,0.59,523.38,432.00,205.74,106,,,,,
JNE3383,4,0.20,459,0.17,393.90,442.00,213.16,78,,,,,
JNE3384,4,0.12,533,0.15,356.62,292.66,130.32,80,,,,,
JNE3387,4,0.02,108,0.72,609.21,526.00,240.90,78,,,,,
JNE3391,4,0.15,"1,483",0.06,429.16,432.00,234.27,89,,,,,
JNE3394,4,0.24,202,0.40,337.25,414.00,212.13,81,,,,,
JNE3396,4,0.21,"1,143",0.07,417.27,432.89,210.52,80,,,,,
JNE3398,4,0.29,"3,033",0.03,227.91,295.00,130.86,91,,,,,
JNE3399,4,0.01,218,0.40,492.70,437.72,203.31,87,,,,,
JNE3400,4,0.14,234,0.32,458.27,459.00,185.62,75,,,,,
JNE3401,4,0.05,279,0.38,360.81,284.90,124.79,106,,,,,
JNE3403,4,0.01,"1,683",0.06,576.09,429.00,224.07,101,,,,,
JNE3404,4,0.05,"1,300",0.06,534.76,487.00,262.01,78,,,,,
JNE3405,4,0.04,241,0.34,513.37,395.96,174.54,82,,,,,
JNE3407,4,0.20,"1,062",0.08,268.93,249.00,135.83,85,,,,,
JNE3408,4,0.15,289,0.37,478.07,426.86,192.26,107,,,,,
JNE3412,4,0.24,"1,243",0.07,350.71,419.00,163.48,87,,,,,
JNE3413,4,0.28,"1,143",0.07,489.16,526.00,275.54,80,,,,,
JNE3415,4,0.10,251,0.39,371.56,299.00,135.20,98,,,,,
JNE3421,4,0.23,980,0.10,392.66,395.65,174.34,98,,,,,
JNE3422,4,0.22,"1,529",0.07,268.31,295.00,139.27,107,,,,,
JNE3423,4,0.18,31,2.56,391.32,389.50,178.10,79,,,,,
JNE3425,4,0.11,"1,271",0.07,373.63,329.00,128.29,89,,,,,
JNE3427,4,0.01,"3,367",0.03,315.05,259.00,125.45,101,,,,,
JNE3428,4,0.08,234,0.32,250.15,249.00,96.26,75,,,,,
JNE3429,4,0.03,31,2.55,336.21,299.00,118.43,79,,,,,
JNE3430,4,0.04,"2,100",0.04,445.88,349.00,178.63,84,,,,,
JNE3431,4,0.10,228,0.40,424.50,349.00,180.33,91,,,,,
JNE3432,4,0.18,452,0.25,388.98,432.00,168.27,113,,,,,
JNE3434,4,0.10,"1,057",0.07,397.16,319.00,171.69,74,,,,,
JNE3435,4,0.02,743,0.14,556.05,487.00,264.59,104,,,,,
JNE3437,4,0.19,"1,300",0.07,536.78,517.00,282.75,91,,,,,
JNE3438,4,0.00,890,0.10,602.73,459.00,245.08,89,,,,,
JNE3439,4,0.02,"1,300",0.07,491.75,376.10,163.19,91,,,,,
JNE3440,4,0.04,"2,350",0.04,514.64,388.18,208.80,94,,,,,
JNE3443,4,0.04,"1,112",0.08,542.10,487.00,241.44,89,,,,,
JNE3445,4,0.18,297,0.31,496.19,448.07,182.08,92,,,,,
JNE3446,4,0.21,"3,200",0.03,258.91,299.00,163.27,96,,,,,
JNE3447,4,0.02,"1,467",0.06,374.89,295.00,121.40,88,,,,,
JNE3449,4,0.29,750,0.10,296.63,319.00,160.17,75,,,,,
JNE3451,4,0.01,"2,225",0.04,484.25,380.00,201.37,89,,,,,
JNE3452,4,0.18,920,0.10,271.62,291.00,125.58,92,,,,,
JNE3454,4,0.23,"1,800",0.04,437.35,419.00,185.65,72,,,,,
JNE3455,4,0.23,295,0.39,453.48,531.00,205.12,115,,,,,
JNE3457,4,0.20,"4,100",0.02,284.72,333.00,133.48,82,,,,,
JNE3458,4,0.10,642,0.38,467.23,399.00,169.59,244,,,,,
JNE3459,4,0.14,"3,650",0.02,404.59,386.75,151.88,73,,,,,
JNE3460,4,0.16,869,0.13,543.18,480.00,236.10,113,,,,,
JNE3461,4,0.29,786,0.14,305.20,363.00,150.07,110,,,,,
JNE3463,4,0.15,845,0.11,490.01,519.87,261.00,93,,,,,
JNE3464,4,0.12,"1,440",0.00,849.59,719.00,318.12,72,,,,,
JNE3465,4,0.29,"1,880",0.05,432.22,490.10,254.77,94,,,,,
JNE3466,4,0.28,"3,567",0.03,609.80,758.76,320.50,107,,,,,
JNE3467,4,0.12,"1,600",0.05,414.81,362.00,166.05,80,,,,,
JNE3468,4,0.16,"2,100",0.05,357.78,346.60,143.09,105,,,,,
JNE3470,4,0.27,"3,200",0.03,298.17,323.78,123.56,96,,,,,
JNE3471,4,0.23,"1,044",0.09,273.51,293.24,140.71,94,,,,,
JNE3473,4,0.03,444,0.18,633.03,487.00,203.57,80,,,,,
JNE3474,4,0.26,809,0.11,483.03,487.00,239.63,89,,,,,
JNE3476,4,0.09,"1,244",0.09,402.06,340.31,137.51,112,,,,,
JNE3479,4,0.23,"2,600",0.04,214.55,256.36,122.30,104,,,,,
JNE3480,4,0.17,"2,180",0.05,277.68,249.00,129.31,109,,,,,
JNE3481,4,0.28,733,0.12,250.70,271.00,114.46,88,,,,,
JNE3482,4,0.15,"4,700",0.02,345.91,314.51,132.64,94,,,,,
JNE3483,4,0.19,"1,278",0.09,362.29,380.00,172.31,115,,,,,
JNE3484,4,0.12,673,0.15,352.47,295.00,157.08,101,,,,,
JNE3486,4,0.03,873,0.11,631.12,499.00,225.24,96,,,,,
JNE3487,4,0.03,"2,340",0.05,377.98,357.69,141.85,117,,,,,
JNE3488,4,0.17,922,0.09,296.00,299.00,138.77,83,,,,,
JNE3489,4,0.19,671,0.14,536.57,487.00,192.06,94,,,,,
JNE3491,4,0.01,"8,300",0.01,368.49,349.00,142.92,83,,,,,
JNE3500,4,0.12,178,0.54,432.20,354.23,175.55,96,,,,,
JNE3501,4,0.00,"1,314",0.07,269.77,209.50,83.33,92,,,,,
JNE3503,4,0.10,"8,000",0.01,363.75,318.00,153.86,80,,,,,
JNE3504,4,0.23,"4,350",0.02,381.56,432.89,237.29,87,,,,,
JNE3506,4,0.30,"1,820",0.00,505.43,635.00,251.51,91,,,,,
JNE3510,4,0.08,"3,800",0.02,537.96,423.81,226.52,76,,,,,
JNE3515,4,0.26,221,0.52,390.55,457.18,226.63,115,,,,,
JNE3516,4,0.28,"1,386",0.07,344.42,362.00,140.63,97,,,,,
JNE3518,4,0.03,669,0.13,555.66,482.36,187.35,87,,,,,
JNE3522,4,0.21,"1,100",0.08,294.58,339.37,153.57,88,,,,,
JNE3523,4,0.21,"1,383",0.06,250.40,300.80,120.57,83,,,,,
JNE3530,4,0.17,250,0.44,338.74,329.00,164.55,110,,,,,
JNE3531,4,0.13,"2,225",0.04,398.30,329.00,162.57,89,,,,,
JNE3534,4,0.29,"2,125",0.04,275.45,329.00,138.87,85,,,,,
JNE3542,4,0.27,"2,467",0.03,282.20,329.00,177.73,74,,,,,
JNE3543,4,0.15,"3,367",0.03,345.01,346.79,158.34,101,,,,,
JNE3545,4,0.30,600,0.16,274.29,318.00,126.91,96,,,,,
JNE3546,4,0.09,"1,300",0.09,498.35,454.76,222.99,117,,,,,
JNE3547,4,0.06,"1,080",0.10,659.95,517.00,274.06,108,,,,,
JNE3548,4,0.20,"1,429",0.07,507.46,517.00,271.78,100,,,,,
JNE3549,4,0.05,"1,200",0.08,380.40,326.15,137.16,96,,,,,
JNE3553,4,0.18,"2,175",0.04,465.67,517.00,275.46,87,,,,,
JNE3554,4,0.24,"2,825",0.04,547.71,517.00,276.96,113,,,,,
JNE3556,4,0.08,553,0.15,541.04,517.00,222.74,83,,,,,
JNE3557,4,0.03,200,0.46,539.44,517.00,261.01,92,,,,,
JNE3558,4,0.00,"1,457",0.07,389.52,303.81,151.74,102,,,,,
JNE3559,4,0.00,629,0.14,459.62,365.25,143.49,88,,,,,
JNE3560,4,0.12,"2,220",0.05,493.37,469.05,252.17,111,,,,,
JNE3562,4,0.27,198,0.54,416.20,476.00,195.30,107,,,,,
JNE3563,4,0.00,"1,170",0.10,630.59,476.00,204.65,117,,,,,
JNE3564,4,0.00,836,0.14,544.71,487.00,261.12,117,,,,,
JNE3565,4,0.25,"1,100",0.08,329.93,329.00,176.21,88,,,,,
JNE3566,4,0.25,944,0.09,401.32,419.00,161.28,85,,,,,
JNE3567,4,0.24,"3,400",0.03,339.97,373.83,142.90,102,,,,,
JNE3568,4,0.11,"10,800",0.01,362.61,336.63,163.73,108,,,,,
JNE3571,4,0.11,918,0.11,494.04,487.00,200.56,101,,,,,
JNE3573,4,0.04,600,0.14,474.61,376.47,146.43,84,,,,,
JNE3574,4,0.18,"1,144",0.09,321.61,319.00,121.98,103,,,,,
JNE3575,4,0.04,"1,650",0.06,493.19,442.00,186.49,99,,,,,
JNE3576,4,0.18,"3,850",0.02,502.62,487.00,236.70,77,,,,,
JNE3577,4,0.26,"1,100",0.11,720.29,696.00,372.92,121,,,,,
JNE3578,4,0.25,"12,000",0.01,551.87,612.00,255.75,120,,,,,
JNE3579,4,0.28,"2,867",0.03,289.48,292.99,133.33,86,,,,,
JNE3581,4,0.12,421,0.19,654.22,635.00,303.46,80,,,,,
JNE3602,4,0.16,"1,225",0.08,326.97,364.07,144.14,98,,,,,
JNE3603,4,0.12,556,0.18,282.26,286.00,134.24,100,,,,,
JNE3605,4,0.18,"2,625",0.04,477.83,487.00,258.64,105,,,,,
JNE3606,4,0.13,"8,600",0.01,468.92,478.30,223.01,86,,,,,
JNE3607,4,0.26,845,0.11,363.82,468.20,256.60,93,,,,,
JNE3608,4,0.10,"2,450",0.04,440.35,357.07,167.94,98,,,,,
JNE3609,4,0.22,259,0.39,593.34,565.42,305.57,101,,,,,
JNE3610,4,0.06,122,0.65,358.28,291.00,154.17,79,,,,,
JNE3611,4,0.06,653,0.17,478.37,459.00,243.28,111,,,,,
JNE3612,4,0.19,"1,486",0.07,351.28,397.10,174.58,104,,,,,
JNE3613,4,0.06,"4,300",0.02,402.69,399.00,168.85,86,,,,,
JNE3614,4,0.03,940,0.10,580.32,459.00,206.93,94,,,,,
JNE3615,4,0.29,"3,033",0.03,291.92,299.00,115.54,91,,,,,
JNE3616,4,0.26,550,0.16,283.43,319.00,155.12,88,,,,,
JNE3617,4,0.13,"2,100",0.00,281.73,296.63,148.74,105,,,,,
JNE3618,4,0.20,"4,300",0.02,371.84,378.08,152.12,86,,,,,
JNE3619,4,0.16,"3,950",0.02,310.60,315.48,161.52,79,,,,,
JNE3620,4,0.11,900,0.09,345.86,329.00,127.08,81,,,,,
JNE3621,4,0.05,945,0.11,547.86,455.00,249.31,104,,,,,
JNE3622,4,0.14,593,0.15,407.01,363.62,140.04,89,,,,,
JNE3623,4,0.15,"1,720",0.00,335.00,362.00,196.44,86,,,,,
JNE3625,4,0.06,930,0.10,452.42,453.00,208.51,93,,,,,
JNE3627,4,0.04,140,0.58,426.79,318.00,121.22,81,,,,,
JNE3628,4,0.18,"2,400",0.04,451.84,487.00,261.74,96,,,,,
JNE3629,4,0.02,692,0.13,550.97,526.00,239.77,90,,,,,
JNE3630,4,0.11,"9,300",0.01,483.91,487.00,187.60,93,,,,,
JNE3633,4,0.07,319,0.37,454.03,459.00,211.63,118,,,,,
JNE3634,4,0.17,471,0.17,503.50,511.00,226.37,80,,,,,
JNE3635,4,0.23,"2,025",0.04,353.54,345.00,148.94,81,,,,,
JNE3636,4,0.11,989,0.09,477.73,459.00,216.98,89,,,,,
JNE3637,4,0.07,"1,175",0.08,582.67,519.74,230.41,94,,,,,
JNE3638,4,0.22,"4,900",0.02,518.78,517.00,232.99,98,,,,,
JNE3639,4,0.12,"2,140",0.00,538.50,498.27,197.72,107,,,,,
JNE3640,4,0.25,"1,075",0.08,511.97,505.09,273.90,86,,,,,
JNE3641,4,0.08,544,0.18,446.91,359.00,180.30,98,,,,,
JNE3642,4,0.27,"1,286",0.07,250.00,325.08,126.27,90,,,,,
JNE3643,4,0.11,"3,733",0.03,203.20,172.67,68.83,112,,,,,
JNE3644,4,0.07,"9,300",0.01,343.94,305.32,144.28,93,,,,,
JNE3645,4,0.06,692,0.13,575.28,438.37,194.89,90,,,,,
JNE3648,4,0.17,"4,050",0.02,519.67,513.57,266.04,81,,,,,
JNE3651,4,0.29,65,1.43,513.21,518.00,244.07,93,,,,,
JNE3652,4,0.12,286,0.28,392.02,339.00,166.09,80,,,,,
JNE3653,4,0.07,"2,733",0.03,379.61,359.00,161.83,82,,,,,
JNE3654,4,0.01,92,1.12,506.76,413.33,221.87,103,,,,,
JNE3655,4,0.17,"1,027",0.11,381.55,329.00,126.45,113,,,,,
JNE3656,4,0.01,"3,433",0.03,0.00,0.00,0.00,103,,,,,
JNE3658,4,0.17,"11,100",0.01,323.02,359.00,164.73,111,,,,,
JNE3659,4,0.25,500,0.16,477.11,490.39,243.91,80,,,,,
JNE3660,4,0.10,167,0.64,412.06,391.00,160.96,107,,,,,
JNE3661,4,0.01,"1,760",0.00,311.53,299.00,129.65,88,,,,,
JNE3662,4,0.01,867,0.12,463.07,392.67,205.11,104,,,,,
JNE3665,4,0.07,"2,900",0.03,519.09,493.00,202.21,87,,,,,
JNE3666,4,0.24,"1,011",0.09,303.73,299.00,116.17,91,,,,,
JNE3667,4,0.24,933,0.09,292.06,329.00,140.36,84,,,,,
JNE3668,4,0.14,"1,467",0.06,596.78,518.00,230.88,88,,,,,
JNE3669,4,0.22,429,0.21,511.98,625.00,299.31,90,,,,,
JNE3670,4,0.14,"9,800",0.01,392.54,394.25,154.32,98,,,,,
JNE3671,4,0.02,845,0.11,638.13,574.00,231.19,93,,,,,
JNE3672,4,0.06,"2,933",0.03,610.65,574.00,311.29,88,,,,,
JNE3673,4,0.08,349,0.37,591.79,599.00,326.77,129,,,,,
JNE3674,4,0.28,445,0.20,450.04,560.34,272.32,89,,,,,
JNE3675,4,0.28,"2,120",0.05,488.32,545.00,224.65,106,,,,,
JNE3676,4,0.23,344,0.25,341.50,385.00,147.13,86,,,,,
JNE3678,4,0.03,"5,000",0.02,600.99,518.00,271.65,100,,,,,
JNE3679,4,0.26,"1,200",0.09,371.71,425.00,190.82,108,,,,,
JNE3680,4,0.10,657,0.14,600.69,492.00,238.74,92,,,,,
JNE3683,4,0.26,373,0.26,353.00,349.00,140.81,97,,,,,
JNE3684,4,0.26,810,0.10,288.59,319.00,122.85,81,,,,,
JNE3686,4,0.19,"5,500",0.02,408.79,433.00,176.16,110,,,,,
JNE3687,4,0.02,"1,550",0.06,580.77,545.00,222.08,93,,,,,
JNE3688,4,0.08,"2,540",0.05,762.52,599.00,281.72,127,,,,,
JNE3689,4,0.17,297,0.37,334.71,376.50,180.52,110,,,,,
JNE3690,4,0.11,533,0.21,510.53,497.00,250.25,112,,,,,
JNE3691,4,0.10,239,0.38,664.69,639.81,345.76,91,,,,,
JNE3694,4,0.26,"1,111",0.09,253.70,295.00,119.90,100,,,,,
JNE3695,4,0.15,"3,800",0.03,273.30,290.32,119.55,114,,,,,
JNE3697,4,0.28,567,0.18,434.90,456.18,173.37,102,,,,,
JNE3698,4,0.07,512,0.17,494.97,487.00,185.34,87,,,,,
JNE3701,4,0.26,"2,160",0.05,375.63,399.00,167.29,108,,,,,
JNE3702,4,0.16,757,0.14,314.10,342.00,133.17,106,,,,,
JNE3703,4,0.27,"1,290",0.10,245.55,312.99,126.94,129,,,,,
JNE3704,4,0.21,"9,200",0.01,526.43,487.00,247.37,92,,,,,
JNE3706,4,0.05,624,0.17,421.23,397.12,188.00,106,,,,,
JNE3707,4,0.17,396,0.23,495.54,446.40,235.72,91,,,,,
JNE3708,4,0.10,192,0.61,764.31,684.52,265.47,117,,,,,
JNE3709,4,0.05,"2,550",0.04,745.92,728.88,325.77,102,,,,,
JNE3710,4,0.19,"1,156",0.09,755.68,673.89,344.45,104,,,,,
JNE3712,4,0.30,"1,375",0.08,412.07,518.00,225.75,110,,,,,
JNE3713,4,0.22,"2,117",0.06,372.48,353.50,157.28,127,,,,,
JNE3714,4,0.16,"1,980",0.05,371.62,398.89,195.10,99,,,,,
JNE3715,4,0.13,611,0.19,304.43,259.42,137.67,116,,,,,
JNE3716,4,0.05,358,0.33,399.76,399.00,173.90,118,,,,,
JNE3717,4,0.19,"2,325",0.04,269.80,271.00,125.08,93,,,,,
JNE3718,4,0.05,"1,155",0.11,511.36,408.00,170.83,127,,,,,
JNE3719,4,0.07,509,0.23,511.03,399.00,184.17,117,,,,,
JNE3720,4,0.07,550,0.24,650.89,511.53,207.24,132,,,,,
JNE3721,4,0.23,"13,000",0.01,338.27,328.61,149.90,130,,,,,
JNE3722,4,0.23,"1,343",0.07,293.40,280.00,127.30,94,,,,,
JNE3724,4,0.11,414,0.21,494.65,496.36,199.02,87,,,,,
JNE3725,4,0.02,"2,200",0.06,497.90,442.00,212.78,132,,,,,
JNE3726,4,0.09,"1,588",0.08,361.40,345.00,181.89,127,,,,,
JNE3727,4,0.21,753,0.15,512.63,549.00,299.26,113,,,,,
JNE3728,4,0.13,528,0.18,407.93,394.80,166.46,95,,,,,
JNE3729,4,0.18,"1,880",0.05,354.02,348.00,154.70,94,,,,,
JNE3730,4,0.05,791,0.11,314.15,299.00,148.23,87,,,,,
JNE3732,4,0.09,"2,125",0.04,607.82,517.00,222.47,85,,,,,
JNE3733,4,0.22,"3,100",0.03,474.75,549.00,224.59,93,,,,,
JNE3735,4,0.18,775,0.12,379.07,399.00,205.00,93,,,,,
JNE3736,4,0.14,"1,117",0.12,443.95,421.00,228.90,134,,,,,
JNE3738,4,0.29,"5,200",0.02,424.78,450.26,237.20,104,,,,,
JNE3739,4,0.21,184,0.49,471.02,455.55,249.43,90,,,,,
JNE3740,4,0.06,725,0.12,382.60,319.00,156.44,87,,,,,
JNE3741,4,0.12,975,0.12,419.89,432.00,194.28,117,,,,,
JNE3742,4,0.09,"2,400",0.00,484.73,429.06,207.37,120,,,,,
JNE3743,4,0.27,288,0.33,0.00,0.00,0.00,95,,,,,
JNE3744,4,0.00,"12,800",0.01,754.56,638.33,252.97,128,,,,,
JNE3745,4,0.17,"13,700",0.01,313.35,316.00,155.09,137,,,,,
JNE3748,4,0.09,762,0.16,500.55,517.00,239.18,122,,,,,
JNE3749,4,0.15,101,1.06,424.04,435.36,181.45,107,,,,,
JNE3751,4,0.19,130,0.90,410.72,366.25,176.75,117,,,,,
JNE3752,4,0.19,"1,256",0.09,405.75,362.00,160.82,113,,,,,
JNE3753,4,0.23,"9,500",0.01,450.82,499.00,201.30,95,,,,,
JNE3756,4,0.03,"2,825",0.04,503.14,487.00,189.24,113,,,,,
JNE3757,4,0.17,"13,500",0.01,492.59,533.38,280.02,135,,,,,
JNE3758,4,0.16,"1,960",0.00,356.04,357.00,140.12,98,,,,,
JNE3759,4,0.10,544,0.16,541.19,435.20,202.95,87,,,,,
JNE3760,4,0.16,488,0.25,199.48,216.00,109.32,122,,,,,
JNE3761,4,0.15,960,0.10,324.62,289.93,136.83,96,,,,,
JNE3762,4,0.15,126,1.07,304.27,329.00,126.14,135,,,,,
JNE3763,4,0.02,"1,311",0.09,582.90,426.86,199.02,118,,,,,
JNE3764,4,0.15,"2,300",0.04,524.04,520.89,257.38,92,,,,,
JNE3765,4,0.25,147,0.85,512.35,517.00,228.68,125,,,,,
JNE3766,4,0.25,"1,200",0.09,453.63,517.00,263.24,108,,,,,
JNE3767,4,0.02,303,0.33,605.97,487.00,261.57,100,,,,,
JNE3768,4,0.11,823,0.13,484.23,487.00,257.18,107,,,,,
JNE3769,4,0.23,127,0.79,412.90,487.00,257.25,100,,,,,
JNE3771,4,0.02,"5,750",0.02,583.53,432.00,226.44,115,,,,,
JNE3773,4,0.24,"1,917",0.06,291.79,280.00,147.39,115,,,,,
JNE3774,4,0.27,"1,250",0.08,470.80,474.00,209.06,100,,,,,
JNE3775,4,0.04,589,0.18,353.35,290.08,150.57,106,,,,,
JNE3776,4,0.06,477,0.26,347.24,277.14,136.14,124,,,,,
JNE3777,4,0.15,793,0.14,364.30,399.00,211.27,111,,,,,
JNE3778,4,0.08,"1,980",0.00,492.88,459.00,182.47,99,,,,,
JNE3779,4,0.07,"1,571",0.07,465.96,432.00,202.79,110,,,,,
JNE3780,4,0.26,989,0.09,322.04,342.00,133.91,89,,,,,
JNE3781,4,0.25,600,0.19,358.73,407.21,177.75,114,,,,,
JNE3782,4,0.12,272,0.40,472.26,487.00,253.58,109,,,,,
JNE3783,4,0.15,"2,000",0.00,521.07,487.00,251.93,100,,,,,
JNE3784,4,0.16,845,0.11,500.31,446.14,242.28,93,,,,,
JNE3785,4,0.26,"3,200",0.03,301.25,343.90,179.27,96,,,,,
JNE3786,4,0.20,"3,333",0.03,322.75,368.00,184.97,100,,,,,
JNE3787,4,0.10,"1,567",0.06,450.22,447.11,232.46,94,,,,,
JNE3788,4,0.19,719,0.16,446.98,487.00,261.48,115,,,,,
JNE3789,4,0.04,"2,033",0.06,424.66,383.00,204.87,122,,,,,
JNE3790,4,0.24,"1,170",0.10,303.77,313.49,165.99,117,,,,,
JNE3791,4,0.23,98,1.05,501.73,517.00,243.85,103,,,,,
JNE3792,4,0.18,131,0.80,458.25,432.00,222.45,105,,,,,
JNE3793,4,0.13,"1,980",0.00,375.41,366.65,178.95,99,,,,,
JNE3794,4,0.08,"2,420",0.05,635.20,515.86,239.58,121,,,,,
JNE3795,4,0.10,970,0.10,519.45,514.67,222.66,97,,,,,
JNE3796,4,0.00,452,0.31,335.11,276.00,149.96,140,,,,,
JNE3797,4,0.05,"1,589",0.09,937.17,741.54,307.07,143,,,,,
JNE3798,4,0.07,960,0.10,857.53,828.42,367.20,96,,,,,
JNE3799,4,0.19,"2,500",0.04,587.18,666.00,357.04,100,,,,,
JNE3800,4,0.15,"5,750",0.06,884.11,765.20,307.22,345,,,,,
JNE3801,4,0.28,374,0.31,587.65,697.57,274.46,116,,,,,
JNE3802,4,0.13,"1,667",0.06,514.00,458.22,247.26,100,,,,,
JNE3803,4,0.09,555,0.22,442.28,459.00,230.85,122,,,,,
JNE3804,4,0.10,30,4.00,483.87,416.28,171.90,121,,,,,
JNE3805,4,0.02,"1,178",0.09,509.83,448.23,189.51,106,,,,,
JNE3806,4,0.30,864,0.14,351.21,469.13,243.30,121,,,,,
JNE3807,4,0.08,594,0.16,772.66,664.73,341.94,95,,,,,
JNE3810,4,0.24,979,0.14,596.42,691.86,336.95,137,,,,,
JNE3811,4,0.12,800,0.15,592.50,568.00,245.17,120,,,,,
JNE3813,4,0.17,526,0.19,568.27,635.00,296.95,100,,,,,
JNE3816,4,0.21,236,0.42,453.37,521.00,231.79,99,,,,,
JNE3817,4,0.08,"2,033",0.06,503.36,474.00,230.97,122,,,,,
JNE3818,4,0.10,"3,000",0.04,483.35,496.62,234.09,120,,,,,
JNE3819,4,0.05,203,0.59,648.87,499.00,245.62,120,,,,,
JNE3820,4,0.19,"1,338",0.08,425.25,499.00,211.04,107,,,,,
JNE3822,4,0.09,479,0.19,497.15,448.04,227.20,91,,,,,
JNE3823,4,0.17,500,0.21,477.24,526.00,225.51,105,,,,,
JNE3833,4,0.22,"1,933",0.06,470.46,521.00,241.23,116,,,,,
JNE3834,4,0.28,"1,318",0.11,515.46,521.00,239.42,145,,,,,
JNE3835,4,0.20,"1,244",0.09,461.23,521.00,277.06,112,,,,,
JNE3836,4,0.03,328,0.32,854.96,635.00,300.95,105,,,,,
JNE3837,4,0.10,"1,683",0.06,641.24,635.00,291.75,101,,,,,
JNE3838,4,0.17,662,0.16,529.33,487.00,247.78,106,,,,,
JNE3856,4,0.18,873,0.11,667.16,655.43,330.49,96,,,,,
JNE3860,4,0.14,716,0.19,860.55,736.00,357.59,136,,,,,
JNE3861,4,0.25,116,0.93,737.94,791.00,432.35,108,,,,,
JNE3862,4,0.03,"2,275",0.04,"1,006.79",839.00,446.83,91,,,,,
JNE3863,4,0.20,493,0.29,513.57,574.00,284.27,143,,,,,
JNE3864,4,0.04,244,0.45,637.25,599.00,307.92,110,,,,,
JNE3865,4,0.08,82,1.42,751.17,595.64,294.44,116,,,,,
JNE3866,4,0.28,"4,867",0.03,744.69,888.00,470.32,146,,,,,
JNE3869,4,0.09,"1,800",0.06,771.63,718.46,286.38,108,,,,,
JNE3870,4,0.05,36,2.91,863.38,690.63,310.15,106,,,,,
JNE3878,4,0.18,"5,350",0.02,466.66,487.00,211.63,107,,,,,
JNE3879,4,0.09,240,0.45,995.66,791.00,328.93,108,,,,,
JNE3880,4,0.25,504,0.25,677.03,690.00,321.03,126,,,,,
JNE3881,4,0.25,224,0.62,779.07,825.00,441.56,139,,,,,
JNE3885,4,0.25,"1,743",0.07,601.05,590.00,270.63,122,,,,,
JNE3892,4,0.25,825,0.16,601.19,751.00,404.71,132,,,,,
JNE3894,4,0.21,"1,054",0.13,676.33,751.00,372.80,137,,,,,
JNE3902,4,0.22,381,0.27,836.94,884.76,345.65,103,,,,,
MEN5001,4,0.27,188,0.66,303.67,368.31,175.54,124,,,,,
MEN5002,4,0.10,"1,862",0.08,588.49,499.00,263.63,149,,,,,
MEN5003,4,0.20,"1,967",0.06,488.03,444.72,223.14,118,,,,,
MEN5004,4,0.23,"1,090",0.10,433.62,469.95,229.46,109,,,,,
MEN5005,4,0.00,946,0.13,517.81,442.67,194.86,123,,,,,
MEN5006,4,0.06,893,0.15,610.67,468.54,212.23,134,,,,,
MEN5007,4,0.04,"1,140",0.10,488.71,422.22,206.66,114,,,,,
MEN5008,4,0.21,476,0.29,479.87,497.42,190.16,138,,,,,
MEN5009,4,0.06,"2,525",0.04,508.72,461.34,206.23,101,,,,,
MEN5010,4,0.26,"1,617",0.06,465.78,460.00,234.45,97,,,,,
MEN5011,4,0.18,"1,140",0.10,472.87,461.66,245.92,114,,,,,
MEN5013,4,0.04,"2,725",0.04,624.11,493.72,250.90,109,,,,,
MEN5014,4,0.08,"4,267",0.03,612.47,499.00,260.82,128,,,,,
MEN5015,4,0.16,"1,045",0.11,544.47,554.17,287.22,115,,,,,
MEN5016,4,0.21,"3,300",0.04,429.50,452.38,226.88,132,,,,,
MEN5017,4,0.23,827,0.15,567.14,546.82,284.64,124,,,,,
MEN5018,4,0.16,"2,450",0.04,493.41,499.00,198.38,98,,,,,
MEN5019,4,0.13,767,0.15,548.26,474.58,254.55,115,,,,,
MEN5020,4,0.09,"2,340",0.05,567.35,452.00,208.30,117,,,,,
MEN5021,4,0.10,"1,600",0.08,608.65,533.29,256.10,128,,,,,
MEN5022,4,0.28,500,0.29,483.51,512.79,196.40,145,,,,,
MEN5023,4,0.15,355,0.29,619.63,547.37,290.63,103,,,,,
MEN5024,4,0.19,979,0.14,515.89,473.26,228.28,137,,,,,
MEN5025,4,0.23,815,0.13,463.30,506.35,195.04,106,,,,,
MEN5026,4,0.03,"1,344",0.09,504.61,487.12,196.24,121,,,,,
MEN5027,4,0.29,"1,278",0.09,401.55,475.00,195.27,115,,,,,
MEN5028,4,0.25,760,0.15,481.22,499.00,252.57,114,,,,,
MEN5029,4,0.06,125,0.92,539.20,475.00,247.45,115,,,,,
MEN5031,4,0.18,647,0.19,509.83,473.84,185.75,123,,,,,
MEN5032,4,0.10,"9,900",0.01,582.88,551.21,250.99,99,,,,,
NW001,4,0.18,355,0.40,583.81,559.65,253.42,142,,,,,
NW002,4,0.07,659,0.17,491.62,474.00,238.14,112,,,,,
NW003,4,0.09,"5,600",0.02,619.78,519.00,217.56,112,,,,,
NW004,4,0.16,"1,120",0.10,510.01,489.25,253.53,112,,,,,
NW005,4,0.02,"2,740",0.05,578.19,526.11,260.41,137,,,,,
NW007,4,0.13,"10,400",0.01,561.34,560.00,267.50,104,,,,,
NW008,4,0.18,853,0.15,626.15,582.00,269.88,128,,,,,
NW009,4,0.21,964,0.14,564.28,586.00,298.15,135,,,,,
NW012,4,0.19,"1,111",0.09,382.93,420.00,222.80,100,,,,,
NW013,4,0.06,"1,600",0.06,647.40,496.00,221.31,96,,,,,
NW014,4,0.12,"1,138",0.13,640.78,560.00,280.52,148,,,,,
NW015,4,0.25,733,0.15,547.42,527.00,237.78,110,,,,,
NW016,4,0.10,"1,378",0.09,604.54,560.00,293.30,124,,,,,
NW020,4,0.25,"1,189",0.09,478.91,525.00,245.81,107,,,,,
NW022,4,0.20,"12,600",0.01,643.94,590.00,271.08,126,,,,,
NW024,4,0.05,"1,000",0.14,686.84,586.00,288.77,140,,,,,
NW027,4,0.05,"2,950",0.04,755.63,613.00,323.14,118,,,,,
NW029,4,0.23,894,0.17,415.44,474.00,180.93,152,,,,,
NW030,4,0.02,"1,144",0.09,683.78,578.39,286.42,103,,,,,
NW031,4,0.24,519,0.26,495.04,595.83,245.67,135,,,,,
NW032,4,0.26,"3,200",0.04,429.29,517.00,261.97,128,,,,,
NW034,4,0.16,773,0.15,540.84,613.00,257.93,116,,,,,
NW035,4,0.29,520,0.25,452.40,599.00,268.80,130,,,,,
NW037,4,0.10,"1,888",0.08,562.53,449.00,210.95,151,,,,,
NW039,4,0.16,"1,480",0.10,471.86,495.00,237.59,148,,,,,
PJ0096,4,0.19,"2,920",0.05,"1,079.05","1,039.00",509.83,146,,,,,
PJNE2171,4,0.23,"2,160",0.00,"1,137.07","1,099.00",581.23,108,,,,,
PJNE3405,4,0.17,"12,200",0.01,788.04,764.00,398.87,122,,,,,
SAR 40.00,4,0.03,"2,260",0.05,"1,058.72",989.00,428.30,113,,,,,
SAR 42.00,4,0.10,"1,875",0.08,"1,161.44",989.00,532.54,150,,,,,
SAR 48.00,4,0.20,"1,008",0.12,602.83,598.00,262.29,121,,,,,
SAR 66.00,4,0.23,"2,033",0.06,723.01,719.00,358.66,122,,,,,
SAR 68.00,4,0.01,"3,080",0.05,"1,174.29",899.00,386.22,154,,,,,
SAR 69.00,4,0.25,"1,662",0.08,915.81,877.59,472.63,133,,,,,
SAR 70.00,4,0.15,"14,000",0.01,955.76,899.00,405.48,140,,,,,
SAR 135.00,4,0.04,"1,883",0.06,709.60,632.00,310.44,113,,,,,
SAR 137.00,4,0.30,"5,550",0.02,554.20,620.00,283.71,111,,,,,
SAR 138.00,4,0.12,414,0.29,707.86,749.00,332.89,120,,,,,
SAR 140.00,4,0.13,"1,538",0.08,888.88,749.00,406.13,123,,,,,
SAR 152.00,4,0.15,"3,180",0.05,601.35,648.00,348.01,159,,,,,
SAR 173.00,4,0.14,423,0.30,750.26,749.00,336.52,127,,,,,
SET004,4,0.19,568,0.19,737.76,682.00,270.00,108,,,,,
SET014,4,0.06,950,0.14,968.12,818.00,363.09,133,,,,,
SET037,4,0.22,741,0.17,567.00,612.00,238.82,126,,,,,
SET038,4,0.22,"2,417",0.06,549.04,579.00,256.66,145,,,,,
SET043,4,0.15,341,0.34,"1,050.40",916.00,451.65,116,,,,,
SET044,4,0.26,405,0.37,529.42,612.00,322.11,150,,,,,
SET048,4,0.18,"1,520",0.10,799.62,720.00,298.81,152,,,,,
SET049,4,0.13,"2,640",0.00,538.81,573.00,230.25,132,,,,,
SET053,4,0.20,59,2.70,633.44,599.00,266.31,160,,,,,
SET055,4,0.30,365,0.34,575.13,610.12,280.24,124,,,,,
SET058,4,0.04,"2,160",0.00,804.91,752.89,299.68,108,,,,,
SET062,4,0.12,155,0.74,722.68,684.00,284.50,115,,,,,
SET070,4,0.15,"2,780",0.05,832.49,884.00,339.90,139,,,,,
SET073,4,0.08,"2,320",0.05,983.47,824.00,431.95,116,,,,,
SET075,4,0.27,633,0.21,585.33,648.00,322.06,133,,,,,
SET083,4,0.14,"2,240",0.05,"1,015.99",928.50,357.74,112,,,,,
SET085,4,0.18,"1,192",0.13,0.00,0.00,0.00,155,,,,,
SET087,4,0.19,446,0.28,842.24,925.00,391.76,125,,,,,
SET094,4,0.05,157,0.89,766.56,758.00,413.76,140,,,,,
SET098,4,0.29,"1,125",0.12,574.57,696.00,292.59,135,,,,,
SET100,4,0.26,925,0.12,752.33,816.00,327.18,111,,,,,
SET103,4,0.05,260,0.43,783.77,611.00,258.18,112,,,,,
SET110,4,0.28,"1,144",0.09,709.56,767.87,377.67,103,,,,,
SET116,4,0.07,"3,475",0.04,660.87,591.00,313.93,139,,,,,
SET121,4,0.13,"1,733",0.06,595.84,495.00,199.03,104,,,,,
SET128,4,0.28,532,0.19,"1,061.90","1,133.00",460.11,101,,,,,
SET130,4,0.02,"6,600",0.02,737.38,547.00,288.99,132,,,,,
SET131,4,0.14,950,0.14,707.16,666.00,321.32,133,,,,,
SET132,4,0.28,871,0.14,449.22,547.00,226.71,122,,,,,
SET135,4,0.19,593,0.27,559.10,646.00,267.73,160,,,,,
SET138,4,0.25,145,0.91,720.86,737.00,376.63,132,,,,,
SET139,4,0.14,"14,100",0.01,425.60,453.00,193.53,141,,,,,
SET142,4,0.11,"11,300",0.01,862.15,838.00,442.37,113,,,,,
SET143,4,0.16,596,0.23,0.00,0.00,0.00,137,,,,,
SET144,4,0.04,964,0.11,808.92,675.43,288.81,106,,,,,
SET145,4,0.03,"1,700",0.06,873.82,714.84,315.25,102,,,,,
SET147,4,0.09,"1,500",0.10,689.78,684.00,295.51,150,,,,,
SET154,4,0.01,"3,750",0.04,974.34,832.00,454.59,150,,,,,
SET155,4,0.08,"2,700",0.05,519.47,446.00,226.21,135,,,,,
SET156,4,0.21,471,0.24,785.92,716.00,287.33,113,,,,,
SET158,4,0.12,424,0.25,908.16,791.00,388.56,106,,,,,
SET159,4,0.30,"12,200",0.01,445.92,464.00,213.48,122,,,,,
SET165,4,0.10,"3,900",0.03,665.55,561.60,291.54,117,,,,,
SET171,4,0.14,"1,300",0.09,773.32,715.30,282.95,117,,,,,
SET172,4,0.16,126,0.89,908.42,968.00,436.40,112,,,,,
SET179,4,0.19,409,0.33,518.71,499.00,240.45,135,,,,,
SET182,4,0.02,650,0.20,811.35,652.83,307.78,130,,,,,
SET183,4,0.12,"2,825",0.04,802.93,723.64,281.47,113,,,,,
SET184,4,0.22,268,0.40,534.51,561.04,293.95,107,,,,,
SET185,4,0.27,"1,486",0.07,821.33,911.00,410.26,104,,,,,
SET186,4,0.21,"2,720",0.00,581.77,631.00,292.78,136,,,,,
SET187,4,0.03,786,0.14,714.47,597.98,266.73,110,,,,,
SET188,4,0.24,"2,240",0.05,578.37,680.00,371.91,112,,,,,
SET192,4,0.25,"1,046",0.13,679.22,680.00,273.18,136,,,,,
SET193,4,0.20,908,0.13,687.75,771.00,301.88,118,,,,,
SET194,4,0.30,185,0.66,376.82,498.56,226.31,122,,,,,
SET195,4,0.15,"1,717",0.06,741.46,725.30,313.02,103,,,,,
SET196,4,0.01,288,0.42,"1,012.82",799.00,314.15,121,,,,,
SET197,4,0.28,775,0.20,657.53,759.00,326.19,155,,,,,
SET198,4,0.01,437,0.27,612.32,539.30,282.63,118,,,,,
SET199,4,0.09,164,0.64,788.76,696.00,293.08,105,,,,,
SET201,4,0.06,276,0.42,655.19,595.00,265.88,116,,,,,
SET203,4,0.26,"3,150",0.04,453.73,445.44,212.87,126,,,,,
SET204,4,0.26,"1,312",0.08,553.70,545.00,231.52,105,,,,,
SET205,4,0.08,"13,300",0.01,449.98,399.00,156.07,133,,,,,
SET209,4,0.23,184,0.85,489.53,545.82,258.37,156,,,,,
SET210,4,0.19,56,2.13,609.20,575.00,305.18,120,,,,,
SET216,4,0.27,717,0.18,422.85,545.00,297.47,129,,,,,
SET217,4,0.02,940,0.15,983.27,825.00,315.63,141,,,,,
SET218,4,0.10,256,0.43,734.61,699.00,284.76,110,,,,,
SET219,4,0.26,"6,900",0.02,670.43,660.25,349.14,138,,,,,
SET220,4,0.00,"2,038",0.08,"1,158.57","1,099.00",432.41,163,,,,,
SET223,4,0.26,"1,957",0.07,596.28,648.00,299.24,137,,,,,
SET224,4,0.02,"1,264",0.11,"1,681.34","1,310.43",589.02,139,,,,,
SET226,4,0.03,"5,167",0.03,945.35,799.00,323.92,155,,,,,
SET227,4,0.23,"2,700",0.05,471.57,567.12,273.45,135,,,,,
SET228,4,0.15,900,0.14,631.41,534.27,288.88,126,,,,,
SET229,4,0.12,317,0.46,962.19,888.00,437.80,146,,,,,
SET230,4,0.28,492,0.25,727.71,799.00,330.40,123,,,,,
SET232,4,0.24,"2,067",0.06,429.61,499.00,274.06,124,,,,,
SET233,4,0.24,977,0.13,486.57,525.10,259.04,127,,,,,
SET236,4,0.29,"1,445",0.11,621.21,729.00,351.60,159,,,,,
SET238,4,0.25,"13,600",0.01,385.02,477.00,192.02,136,,,,,
SET239,4,0.16,"14,100",0.01,594.40,650.89,298.52,141,,,,,
SET240,4,0.22,"3,080",0.05,753.10,718.86,282.96,154,,,,,
SET241,4,0.14,"1,883",0.06,348.14,357.00,147.87,113,,,,,
SET243,4,0.11,829,0.14,531.45,534.00,203.11,116,,,,,
SET244,4,0.23,"2,340",0.00,754.71,799.00,392.32,117,,,,,
SET245,4,0.03,"2,960",0.05,"1,278.21",999.00,424.20,148,,,,,
SET246,4,0.26,503,0.33,360.84,455.00,215.27,166,,,,,
SET247,4,0.10,248,0.58,802.44,712.21,364.52,144,,,,,
SET248,4,0.21,639,0.23,527.83,612.00,289.53,147,,,,,
SET249,4,0.28,"1,711",0.09,514.61,672.53,353.79,154,,,,,
SET250,4,0.20,623,0.22,581.24,680.00,353.61,137,,,,,
SET251,4,0.10,800,0.21,916.69,759.00,353.15,168,,,,,
SET252,4,0.15,"3,140",0.00,695.67,749.97,359.07,157,,,,,
SET253,4,0.06,"1,838",0.08,648.51,647.31,255.35,147,,,,,
SET254,4,0.04,"2,540",0.05,"1,023.45",886.00,432.72,127,,,,,
SET257,4,0.16,"1,300",0.11,630.71,558.08,251.86,143,,,,,
SET258,4,0.24,"2,925",0.04,764.53,881.00,389.86,117,,,,,
SET260,4,0.28,586,0.21,492.36,571.00,312.78,123,,,,,
SET261,4,0.14,"4,933",0.03,414.50,453.00,198.05,148,,,,,
SET262,4,0.02,"1,200",0.14,703.91,595.00,291.78,168,,,,,
SET264,4,0.17,650,0.22,836.44,804.82,418.29,143,,,,,
SET265,4,0.19,143,0.86,932.47,921.09,356.11,123,,,,,
SET266,4,0.29,244,0.57,610.32,737.00,386.72,139,,,,,
SET267,4,0.25,"7,350",0.02,736.47,846.20,405.77,147,,,,,
SET268,4,0.14,443,0.30,714.60,764.20,409.22,133,,,,,
SET269,4,0.20,"1,660",0.10,749.83,795.40,302.68,166,,,,,
SET270,4,0.12,"16,200",0.01,529.33,554.48,257.62,162,,,,,
SET271,4,0.26,"2,150",0.06,873.12,895.00,401.66,129,,,,,
SET272,4,0.06,"1,800",0.06,"1,111.78",852.00,458.88,108,,,,,
SET273,4,0.23,756,0.16,611.68,571.70,241.55,121,,,,,
SET275,4,0.27,"1,370",0.10,650.78,659.00,261.84,137,,,,,
SET276,4,0.16,893,0.14,"1,310.59","1,238.00",637.73,125,,,,,
SET277,4,0.00,"11,800",0.01,"1,733.12","1,338.00",692.53,118,,,,,
SET278,4,0.11,509,0.34,"1,421.74","1,389.31",755.49,173,,,,,
SET279,4,0.27,"4,433",0.03,815.92,879.54,413.16,133,,,,,
SET280,4,0.08,"1,050",0.14,880.32,791.14,359.16,147,,,,,
SET281,4,0.07,"17,000",0.01,565.56,499.00,268.88,170,,,,,
SET282,4,0.22,46,2.46,"1,046.48","1,020.09",426.56,113,,,,,
SET285,4,0.12,"1,378",0.09,504.40,499.00,236.00,124,,,,,
SET286,4,0.18,"1,925",0.08,593.54,623.29,287.25,154,,,,,
SET287,4,0.04,"1,756",0.09,878.24,666.00,316.40,158,,,,,
SET288,4,0.10,"2,700",0.06,652.22,677.49,326.46,162,,,,,
SET289,4,0.11,421,0.39,723.13,666.00,302.94,164,,,,,
SET290,4,0.28,"2,167",0.06,726.09,736.38,385.57,130,,,,,
SET291,4,0.05,"1,258",0.12,679.91,566.38,293.99,151,,,,,
SET293,4,0.25,850,0.20,587.97,631.60,254.85,170,,,,,
SET295,4,0.06,960,0.15,799.47,747.75,290.99,144,,,,,
SET299,4,0.27,711,0.18,759.39,889.00,362.45,128,,,,,
SET300,4,0.16,"12,800",0.01,"1,113.41",983.14,495.48,128,,,,,
SET302,4,0.27,"4,800",0.03,764.45,840.63,352.71,144,,,,,
SET303,4,0.19,"1,044",0.16,884.83,888.00,391.18,167,,,,,
SET304,4,0.10,"1,220",0.10,"1,057.96","1,083.56",520.67,122,,,,,
SET305,4,0.16,"1,110",0.10,832.62,939.00,512.40,111,,,,,
SET307,4,0.26,982,0.17,755.57,736.00,315.22,167,,,,,
SET308,4,0.01,"1,489",0.09,814.41,696.00,304.84,134,,,,,
SET310,4,0.15,"12,800",0.01,"1,300.28","1,213.00",661.56,128,,,,,
SET311,4,0.16,"2,400",0.07,881.89,974.00,469.15,168,,,,,
SET313,4,0.16,"1,922",0.09,793.36,732.67,375.32,173,,,,,
SET315,4,0.17,725,0.16,973.33,852.00,435.13,116,,,,,
SET316,4,0.09,"1,118",0.11,"1,308.54","1,149.00",500.71,123,,,,,
SET317,4,0.21,"2,883",0.06,"1,025.14","1,186.00",648.33,173,,,,,
SET318,4,0.21,"3,500",0.04,989.36,999.00,531.77,140,,,,,
SET319,4,0.15,121,1.12,961.52,858.13,355.28,135,,,,,
SET320,4,0.15,"1,382",0.11,868.20,856.71,445.19,152,,,,,
SET322,4,0.08,967,0.12,"1,366.65","1,093.92",557.36,116,,,,,
SET323,4,0.08,"2,850",0.04,"1,103.21",939.00,500.58,114,,,,,
SET324,4,0.25,"2,033",0.06,584.34,570.90,290.39,122,,,,,
SET325,4,0.26,"2,029",0.07,616.53,656.94,280.65,142,,,,,
SET326,4,0.00,"5,433",0.03,729.90,666.00,269.42,163,,,,,
SET327,4,0.19,"7,900",0.02,803.18,856.00,349.99,158,,,,,
SET328,4,0.14,"1,756",0.09,610.93,633.92,305.85,158,,,,,
SET329,4,0.05,"6,350",0.02,863.87,664.68,290.08,127,,,,,
SET330,4,0.11,"1,444",0.09,780.13,666.00,343.09,130,,,,,
SET331,4,0.04,"2,700",0.05,694.72,562.40,281.29,135,,,,,
SET332,4,0.29,"1,400",0.09,447.66,545.73,217.00,126,,,,,
SET333,4,0.22,"1,838",0.08,824.19,948.16,519.39,147,,,,,
SET334,4,0.08,349,0.49,644.46,532.80,285.29,171,,,,,
SET337,4,0.11,"2,260",0.05,936.83,865.68,472.22,113,,,,,
SET339,4,0.17,"1,700",0.08,618.41,659.93,342.61,136,,,,,
SET340,4,0.22,936,0.14,788.88,799.00,360.26,131,,,,,
SET341,4,0.06,"2,283",0.06,809.32,809.10,387.04,137,,,,,
SET342,4,0.29,"1,150",0.14,754.12,912.37,363.35,161,,,,,
SET343,4,0.12,"3,933",0.03,856.25,801.50,329.44,118,,,,,
SET344,4,0.10,"14,900",0.01,920.94,928.73,456.84,149,,,,,
SET345,4,0.29,106,1.27,630.06,636.31,321.91,135,,,,,
SET346,4,0.15,"1,170",0.10,869.74,911.00,442.25,117,,,,,
SET347,4,0.15,"4,400",0.03,761.44,817.63,367.65,132,,,,,
SET348,4,0.23,"2,500",0.06,835.73,968.00,488.29,150,,,,,
SET349,4,0.07,"1,182",0.11,"1,146.02",934.13,414.66,130,,,,,
SET350,4,0.19,"1,609",0.11,"1,168.39","1,203.12",577.98,177,,,,,
SET351,4,0.23,"2,429",0.07,575.57,599.00,273.24,170,,,,,
SET352,4,0.06,142,0.92,495.96,499.00,272.57,131,,,,,
SET353,4,0.30,"15,500",0.01,660.17,888.00,422.56,155,,,,,
SET355,4,0.28,"1,320",0.10,"1,185.24","1,364.93",682.39,132,,,,,
SET356,4,0.27,552,0.27,"1,037.12","1,063.55",413.47,149,,,,,
SET358,4,0.22,"1,115",0.13,"1,169.07","1,102.20",463.13,145,,,,,
SET359,4,0.28,"1,512",0.08,854.86,"1,099.00",578.27,121,,,,,
SET360,4,0.02,"12,400",0.01,"1,342.18","1,105.89",444.97,124,,,,,
SET361,4,0.16,102,1.28,"1,295.45","1,126.00",526.00,130,,,,,
SET363,4,0.28,"1,862",0.08,"1,127.77","1,320.93",525.63,149,,,,,
SET364,4,0.05,"4,200",0.04,"1,217.97",956.53,396.03,168,,,,,
SET365,4,0.26,"2,740",0.05,886.67,"1,092.46",521.88,137,,,,,
SET366,4,0.00,"6,750",0.02,"1,512.63","1,098.19",599.81,135,,,,,
SET369,4,0.01,"1,400",0.09,"1,512.18","1,163.33",586.70,126,,,,,
SET374,4,0.18,497,0.30,684.97,605.55,267.84,149,,,,,
SET375,4,0.11,"1,170",0.10,740.17,646.29,327.12,117,,,,,
SET376,4,0.17,"1,138",0.16,650.73,666.00,350.52,182,,,,,
SET377,4,0.25,"2,443",0.07,"1,272.19","1,230.63",502.17,171,,,,,
SET378,4,0.03,"2,900",0.05,"1,386.64","1,246.92",477.14,145,,,,,
SET380,4,0.21,"1,833",0.09,916.74,995.00,458.33,165,,,,,
SET383,4,0.14,"1,245",0.11,669.43,600.95,312.98,137,,,,,
SET384,4,0.14,907,0.14,657.52,580.15,292.23,127,,,,,
SET385,4,0.20,"1,071",0.17,693.02,629.89,344.47,182,,,,,
SET386,4,0.27,"4,125",0.04,516.68,631.00,248.97,165,,,,,
SET388,4,0.19,925,0.16,"1,368.14","1,270.64",673.41,148,,,,,
SET389,4,0.02,844,0.16,870.59,678.92,306.87,135,,,,,
SET390,4,0.14,556,0.25,614.19,666.00,335.27,139,,,,,
SET392,4,0.10,267,0.43,804.71,754.20,343.76,115,,,,,
SET393,4,0.04,"3,600",0.05,"1,053.61",955.22,419.59,180,,,,,
SET394,4,0.23,178,0.76,977.84,"1,098.00",449.02,135,,,,,
SET395,4,0.14,"3,300",0.05,"1,131.93",944.17,486.16,165,,,,,
SET396,4,0.13,636,0.25,"1,274.50","1,149.00",629.80,159,,,,,
SET397,4,0.14,"3,140",0.05,"1,130.29","1,010.07",532.03,157,,,,,
SET398,4,0.26,588,0.24,"1,156.04","1,122.43",445.60,141,,,,,
SET400,4,0.20,"1,007",0.14,"1,185.80","1,254.00",503.40,141,,,,,
SET401,4,0.02,403,0.29,"1,159.94",889.50,394.34,117,,,,,
SET402,4,0.17,"9,100",0.02,"1,146.39","1,149.00",515.26,182,,,,,
SET405,4,0.11,"1,912",0.08,885.08,734.29,320.84,153,,,,,
SET408,4,0.18,233,0.61,468.68,513.43,267.08,142,,,,,
SET413,4,0.13,"13,400",0.01,"1,024.16",852.00,336.16,134,,,,,
SET433,4,0.02,"12,100",0.01,735.29,666.00,254.88,121,,,,,
AN201,5,0.06,"2,783",0.06,250.60,229.00,111.37,167,,,,,
AN202,5,0.00,"5,133",0.03,407.55,310.00,120.40,154,,,,,
AN208,5,0.16,554,0.28,263.46,264.05,138.22,155,,,,,
AN209,5,0.09,"3,200",0.04,263.17,229.00,119.88,128,,,,,
BL001,5,0.25,565,0.23,378.86,419.00,207.40,130,,,,,
BL003,5,0.15,"6,100",0.02,466.50,419.00,168.75,122,,,,,
BL009,5,0.23,"2,150",0.06,294.94,339.00,185.26,129,,,,,
BL011,5,0.29,"1,530",0.10,282.73,372.00,173.70,153,,,,,
BL013,5,0.00,769,0.16,429.65,372.00,178.12,123,,,,,
BL019,5,0.23,"4,050",0.04,392.32,419.00,167.71,162,,,,,
BL021,5,0.24,"1,655",0.11,353.09,419.00,193.49,182,,,,,
BL024,5,0.03,160,0.97,436.22,383.00,153.88,155,,,,,
BL025,5,0.23,"1,356",0.09,350.94,383.00,207.59,122,,,,,
BL026,5,0.17,"3,075",0.04,340.17,383.00,208.75,123,,,,,
BL035,5,0.11,177,0.82,415.23,372.00,191.17,145,,,,,
BL041,5,0.13,"3,250",0.04,431.43,364.76,193.77,130,,,,,
BL055,5,0.27,"1,391",0.11,305.20,379.00,185.60,153,,,,,
BL057,5,0.13,"7,550",0.02,419.59,383.00,198.71,151,,,,,
BL095,5,0.13,776,0.17,513.32,460.00,192.75,132,,,,,
BL099,5,0.09,300,0.40,282.07,259.00,119.34,120,,,,,
BL103,5,0.03,"3,550",0.04,578.00,460.00,230.23,142,,,,,
BL104,5,0.10,"1,410",0.10,529.67,493.00,219.87,141,,,,,
BL107,5,0.27,"2,920",0.05,285.64,319.00,167.89,146,,,,,
BL110,5,0.24,"6,450",0.02,263.19,329.00,160.46,129,,,,,
BL113,5,0.03,"1,744",0.09,617.90,493.00,205.34,157,,,,,
BTM005,5,0.22,777,0.22,517.77,518.00,225.05,171,,,,,
BTM027,5,0.17,747,0.19,457.22,518.00,270.74,142,,,,,
BTM030,5,0.26,"3,360",0.05,247.76,284.00,131.37,168,,,,,
BTM036,5,0.17,"2,380",0.00,416.13,360.00,160.82,119,,,,,
BTM038,5,0.23,48,3.38,347.55,377.00,203.18,161,,,,,
BTM039,5,0.26,"2,089",0.09,326.52,360.00,139.93,188,,,,,
BTM040,5,0.14,638,0.26,406.03,345.00,133.12,166,,,,,
BTM041,5,0.14,417,0.29,386.02,345.00,142.34,121,,,,,
BTM042,5,0.26,"2,680",0.00,299.67,323.00,160.92,134,,,,,
BTM044,5,0.08,"2,017",0.06,440.24,360.00,156.12,121,,,,,
BTM048,5,0.28,"18,500",0.01,335.97,345.00,147.58,185,,,,,
J0002,5,0.22,994,0.16,"1,049.54","1,112.12",605.16,159,,,,,
J0003,5,0.21,"2,200",0.06,640.44,666.52,263.55,132,,,,,
J0004,5,0.13,"1,950",0.08,"1,289.26","1,250.43",632.73,156,,,,,
J0005,5,0.15,210,0.89,"1,103.34",934.96,408.92,187,,,,,
J0006,5,0.09,938,0.13,"1,005.20",853.64,424.27,122,,,,,
J0007,5,0.25,817,0.23,874.18,"1,080.11",498.57,188,,,,,
J0008,5,0.27,"1,307",0.14,"1,087.36","1,101.70",503.54,183,,,,,
J0009,5,0.02,"1,336",0.11,"1,117.82",936.33,485.56,147,,,,,
J0010,5,0.13,"1,711",0.09,904.99,968.49,373.03,154,,,,,
J0011,5,0.02,"3,160",0.00,"1,602.83","1,316.44",550.57,158,,,,,
J0012,5,0.25,931,0.13,"1,030.06","1,148.33",448.18,121,,,,,
J0013,5,0.18,"4,600",0.03,"1,212.87","1,089.81",433.61,138,,,,,
J0014,5,0.09,194,0.88,"1,228.11","1,203.47",539.59,171,,,,,
J0020,5,0.02,"1,900",0.10,749.42,571.00,224.56,190,,,,,
J0023,5,0.29,"2,420",0.05,351.93,398.08,212.95,121,,,,,
J0025,5,0.04,537,0.27,762.92,743.33,384.07,145,,,,,
J0026,5,0.01,"2,700",0.00,437.65,318.00,139.02,135,,,,,
J0027,5,0.15,256,0.55,653.13,625.00,338.94,141,,,,,
J0029,5,0.04,"2,414",0.07,381.48,345.00,166.95,169,,,,,
J0033,5,0.24,75,1.78,368.22,399.00,201.04,134,,,,,
J0037,5,0.13,829,0.17,613.20,522.00,242.07,141,,,,,
J0041,5,0.10,"6,150",0.02,644.58,619.17,310.97,123,,,,,
J0048,5,0.25,"3,820",0.05,284.11,339.00,182.15,191,,,,,
J0049,5,0.21,"1,121",0.14,284.65,329.00,125.75,157,,,,,
J0055,5,0.12,"4,750",0.04,949.72,935.00,391.50,190,,,,,
J0062,5,0.28,"2,200",0.07,460.09,483.00,265.20,154,,,,,
J0075,5,0.17,905,0.21,362.05,359.00,152.96,190,,,,,
J0078,5,0.05,"4,775",0.04,"1,072.06",999.00,536.87,191,,,,,
J0080,5,0.18,"1,633",0.09,494.63,544.33,266.21,147,,,,,
J0082,5,0.16,"3,760",0.05,352.74,360.00,194.85,188,,,,,
J0083,5,0.22,722,0.18,617.04,573.67,267.11,130,,,,,
J0084,5,0.01,"8,300",0.02,648.68,560.00,251.18,166,,,,,
J0085,5,0.21,"3,675",0.04,396.98,360.00,145.18,147,,,,,
J0087,5,0.06,296,0.45,377.24,329.00,146.09,133,,,,,
J0088,5,0.06,"3,200",0.04,417.33,399.00,197.01,128,,,,,
J0089,5,0.19,604,0.28,378.22,342.86,184.87,169,,,,,
J0090,5,0.02,"1,236",0.11,668.23,563.00,279.89,136,,,,,
J0091,5,0.02,"3,560",0.00,377.42,296.62,146.74,178,,,,,
J0092,5,0.24,"2,025",0.08,869.46,820.50,349.51,162,,,,,
J0094,5,0.21,"2,383",0.06,479.04,568.00,226.73,143,,,,,
J0095,5,0.09,"17,000",0.01,651.31,660.36,310.19,170,,,,,
J0096,5,0.24,"1,191",0.11,549.03,554.78,293.85,131,,,,,
J0097,5,0.17,"6,800",0.02,519.80,545.23,233.76,136,,,,,
J0098,5,0.27,"4,900",0.03,341.30,419.50,176.47,147,,,,,
J0101,5,0.03,953,0.15,824.46,799.00,363.21,143,,,,,
J0102,5,0.02,"2,700",0.00,"1,229.28","1,186.00",630.81,135,,,,,
J0103,5,0.14,"6,750",0.02,"1,465.84","1,290.21",540.52,135,,,,,
J0104,5,0.12,"1,533",0.09,434.27,449.83,209.65,138,,,,,
J0105,5,0.02,"4,767",0.03,"1,188.24",999.00,460.67,143,,,,,
J0106,5,0.06,643,0.21,"1,164.82",981.86,468.66,135,,,,,
J0108,5,0.22,795,0.19,"1,075.40","1,149.00",626.98,151,,,,,
J0110,5,0.24,"1,083",0.18,695.70,864.00,464.16,195,,,,,
J0111,5,0.27,"2,067",0.06,408.91,423.00,230.39,124,,,,,
J0112,5,0.24,"4,500",0.03,284.82,355.67,157.14,135,,,,,
J0113,5,0.01,"3,575",0.04,736.12,564.73,280.42,143,,,,,
J0114,5,0.24,"2,880",0.00,351.07,339.00,144.48,144,,,,,
J0117,5,0.24,"1,127",0.15,455.67,499.02,231.32,169,,,,,
J0118,5,0.25,"1,520",0.10,453.47,488.61,193.35,152,,,,,
J0119,5,0.12,"1,542",0.12,559.22,522.19,265.08,185,,,,,
J0120,5,0.04,740,0.20,415.65,365.00,175.29,148,,,,,
J0122,5,0.08,696,0.28,412.14,329.25,138.80,195,,,,,
J0124,5,0.30,"15,200",0.01,498.95,523.00,280.81,152,,,,,
J0126,5,0.29,"1,014",0.14,678.08,818.00,409.61,142,,,,,
J0127,5,0.04,"2,480",0.00,"1,440.59","1,186.00",619.79,124,,,,,
J0131,5,0.29,"1,162",0.13,320.63,328.57,145.33,151,,,,,
J0132,5,0.20,"5,000",0.03,395.49,356.50,143.26,150,,,,,
J0134,5,0.29,"19,600",0.01,609.51,699.00,362.28,196,,,,,
J0135,5,0.04,805,0.21,548.52,472.80,188.30,169,,,,,
J0138,5,0.18,"3,620",0.05,449.79,478.00,190.08,181,,,,,
J0139,5,0.29,584,0.25,392.53,399.00,197.88,146,,,,,
J0142,5,0.14,"1,844",0.09,385.33,407.33,194.46,166,,,,,
J0144,5,0.17,"2,600",0.05,534.53,514.00,244.70,130,,,,,
J0145,5,0.12,600,0.23,516.63,511.00,206.28,138,,,,,
J0147,5,0.05,576,0.29,635.63,583.00,319.96,167,,,,,
J0148,5,0.04,"1,162",0.16,606.36,530.00,245.48,186,,,,,
J0150,5,0.03,"2,333",0.06,541.68,399.00,204.38,140,,,,,
J0151,5,0.29,"2,940",0.00,378.82,499.00,264.28,147,,,,,
J0152,5,0.20,"2,262",0.08,886.76,885.00,435.96,181,,,,,
J0154,5,0.02,"5,533",0.03,398.61,377.00,186.64,166,,,,,
J0155,5,0.08,"1,718",0.11,645.00,635.00,293.25,189,,,,,
J0157,5,0.15,"2,560",0.05,615.50,601.50,258.94,128,,,,,
J0158,5,0.18,"1,838",0.08,606.68,602.17,293.97,147,,,,,
J0159,5,0.21,"1,076",0.17,539.73,599.00,230.49,183,,,,,
J0161,5,0.01,"2,780",0.05,543.55,473.00,239.90,139,,,,,
J0162,5,0.04,"1,700",0.09,"1,232.39","1,188.17",553.05,153,,,,,
J0163,5,0.09,169,0.98,"1,251.18","1,189.25",593.26,166,,,,,
J0164,5,0.24,340,0.50,408.39,387.06,194.14,170,,,,,
J0165,5,0.28,423,0.47,352.89,355.00,193.02,199,,,,,
J0167,5,0.21,"2,700",0.07,294.15,319.00,148.19,189,,,,,
J0170,5,0.15,"2,086",0.07,349.51,329.00,135.14,146,,,,,
J0171,5,0.23,"2,614",0.07,514.53,488.33,264.31,183,,,,,
J0172,5,0.14,"5,100",0.03,468.72,518.00,260.36,153,,,,,
J0176,5,0.07,"1,093",0.14,473.20,381.50,194.29,153,,,,,
J0177,5,0.23,"14,000",0.01,366.05,344.00,149.24,140,,,,,
J0179,5,0.19,"1,150",0.12,522.83,596.57,278.48,138,,,,,
J0181,5,0.11,243,0.53,392.93,399.00,152.59,129,,,,,
J0186,5,0.15,"1,400",0.11,999.22,848.00,381.31,154,,,,,
J0189,5,0.09,"2,386",0.07,370.69,329.00,167.66,167,,,,,
J0190,5,0.20,"3,083",0.06,303.83,360.00,153.43,185,,,,,
J0192,5,0.08,187,0.75,311.54,297.00,144.78,140,,,,,
J0195,5,0.28,211,0.61,578.14,665.00,355.40,129,,,,,
J0196,5,0.03,"2,425",0.08,588.01,469.00,207.54,194,,,,,
J0197,5,0.06,"2,833",0.06,767.63,625.00,276.44,170,,,,,
J0198,5,0.26,"2,617",0.06,628.86,607.71,278.89,157,,,,,
J0199,5,0.11,"1,689",0.09,487.45,476.00,254.49,152,,,,,
J0201,5,0.21,"2,350",0.06,605.63,619.05,252.57,141,,,,,
J0202,5,0.07,"1,227",0.11,596.90,519.00,257.15,135,,,,,
J0203,5,0.06,915,0.20,638.10,569.50,295.17,183,,,,,
J0204,5,0.16,"1,889",0.09,699.11,750.33,407.48,170,,,,,
J0205,5,0.08,130,1.53,489.75,382.39,171.90,199,,,,,
J0207,5,0.14,"8,050",0.02,"1,026.47",885.00,384.81,161,,,,,
J0208,5,0.15,115,1.36,690.02,663.00,362.78,156,,,,,
J0209,5,0.24,"4,967",0.03,691.05,721.00,333.78,149,,,,,
J0210,5,0.11,400,0.35,794.90,790.71,404.45,140,,,,,
J0211,5,0.16,"1,609",0.11,728.27,699.00,307.78,177,,,,,
J0212,5,0.28,"1,467",0.12,736.53,791.00,411.60,176,,,,,
J0213,5,0.00,"1,740",0.10,698.17,567.47,245.46,174,,,,,
J0215,5,0.29,"1,756",0.09,459.54,463.44,181.09,158,,,,,
J0216,5,0.04,"1,589",0.09,758.38,625.00,329.14,143,,,,,
J0217,5,0.29,"2,860",0.05,557.06,665.00,327.19,143,,,,,
J0219,5,0.08,"1,307",0.14,748.62,616.33,327.09,183,,,,,
J0220,5,0.05,"1,840",0.10,658.86,625.00,245.50,184,,,,,
J0224,5,0.08,139,1.03,"1,611.29","1,478.50",582.61,143,,,,,
J0225,5,0.26,"2,040",0.10,"1,299.43","1,499.00",710.82,204,,,,,
J0228,5,0.17,"1,147",0.17,"1,713.88","1,719.14",870.14,195,,,,,
J0230,5,0.19,675,0.20,"1,193.31","1,113.03",457.53,135,,,,,
J0231,5,0.01,432,0.41,"1,479.14","1,225.20",558.22,177,,,,,
J0232,5,0.19,430,0.30,"1,304.71","1,213.00",557.93,129,,,,,
J0233,5,0.16,"2,250",0.08,"1,365.88","1,299.00",661.04,180,,,,,
J0234,5,0.20,"2,438",0.08,983.74,"1,051.25",561.55,195,,,,,
J0235,5,0.16,719,0.21,"1,231.03","1,099.00",436.82,151,,,,,
J0236,5,0.21,"9,400",0.02,829.06,925.93,367.53,188,,,,,
J0238,5,0.22,"1,318",0.11,"2,023.71","2,299.00","1,131.95",145,,,,,
J0240,5,0.16,"3,120",0.05,"1,641.31","1,593.00",679.55,156,,,,,
J0241,5,0.12,"2,383",0.06,"1,343.81","1,338.00",531.84,143,,,,,
J0243,5,0.08,"1,812",0.08,946.88,977.25,407.92,145,,,,,
J0244,5,0.09,341,0.46,"1,381.44","1,188.86",524.12,157,,,,,
J0245,5,0.13,"5,033",0.03,"1,023.69",957.50,512.93,151,,,,,
J0246,5,0.26,"2,517",0.06,"1,141.37","1,279.00",643.96,151,,,,,
J0247,5,0.08,960,0.15,"1,047.44",820.00,428.47,144,,,,,
J0248,5,0.03,"1,554",0.13,"1,167.26",962.75,382.45,202,,,,,
J0250,5,0.20,574,0.23,801.47,740.90,378.44,132,,,,,
J0251,5,0.28,"2,043",0.07,301.82,381.50,200.95,143,,,,,
J0252,5,0.27,"2,150",0.08,847.19,929.00,509.50,172,,,,,
J0254,5,0.21,"8,000",0.02,843.83,789.00,420.34,160,,,,,
J0277,5,0.04,"1,039",0.18,"1,776.55","1,475.64",645.16,187,,,,,
J0278,5,0.04,"15,900",0.01,950.68,761.00,417.90,159,,,,,
J0280,5,0.01,"19,700",0.01,"1,733.54","1,483.67",775.46,197,,,,,
J0281,5,0.23,159,1.00,"1,177.75","1,413.17",645.41,159,,,,,
J0283,5,0.17,"1,094",0.16,862.52,858.64,377.08,175,,,,,
J0284,5,0.03,"2,600",0.06,"1,425.55","1,237.00",633.19,156,,,,,
J0285,5,0.24,"2,760",0.00,"1,388.72","1,350.06",579.08,138,,,,,
J0292,5,0.07,"2,243",0.07,380.13,360.00,178.09,157,,,,,
J0293,5,0.17,"25,000",0.02,543.90,472.00,199.70,500,,,,,
J0294,5,0.02,"1,427",0.11,537.63,396.00,174.07,157,,,,,
J0295,5,0.13,226,0.61,839.83,849.25,344.48,138,,,,,
J0296,5,0.04,"1,800",0.08,583.85,519.00,246.10,144,,,,,
J0297,5,0.08,533,0.30,709.35,565.50,247.81,160,,,,,
J0299,5,0.07,"2,338",0.08,0.00,0.00,0.00,187,,,,,
J0300,5,0.01,"6,833",0.03,340.35,285.25,139.06,205,,,,,
J0301,5,0.30,752,0.21,382.69,470.35,237.48,158,,,,,
J0306,5,0.27,664,0.25,629.31,698.52,278.26,166,,,,,
J0308,5,0.06,"2,112",0.08,766.11,631.44,279.54,169,,,,,
J0314,5,0.20,"3,040",0.05,713.09,778.00,296.02,152,,,,,
J0328,5,0.13,878,0.18,"1,068.35",939.00,424.36,158,,,,,
J0329,5,0.06,"1,780",0.10,739.94,737.00,343.64,178,,,,,
J0331,5,0.18,969,0.16,706.24,807.00,344.74,155,,,,,
J0332,5,0.24,"1,000",0.19,624.97,693.83,348.49,190,,,,,
J0333,5,0.18,"2,612",0.08,794.02,825.00,450.34,209,,,,,
J0334,5,0.06,"10,500",0.02,546.39,500.89,220.53,210,,,,,
J0335,5,0.12,"1,710",0.10,836.05,777.55,404.24,171,,,,,
J0336,5,0.17,443,0.30,574.37,595.40,232.28,133,,,,,
J0337,5,0.16,"5,667",0.03,480.93,512.43,198.74,170,,,,,
J0338,5,0.10,"2,414",0.07,774.25,742.70,292.97,169,,,,,
J0339,5,0.12,400,0.45,923.96,754.71,367.60,180,,,,,
J0340,5,0.26,200,0.84,523.28,592.30,324.21,168,,,,,
J0341,5,0.13,"2,443",0.07,803.01,765.57,300.24,171,,,,,
J0342,5,0.06,"2,800",0.05,681.33,579.03,276.32,140,,,,,
J0343,5,0.05,973,0.15,994.38,750.78,289.55,146,,,,,
J0344,5,0.16,609,0.23,470.82,494.03,190.78,140,,,,,
J0345,5,0.24,"2,583",0.06,483.49,493.75,199.96,155,,,,,
J0346,5,0.09,"1,620",0.10,554.48,468.50,234.22,162,,,,,
J0348,5,0.10,"13,900",0.01,562.52,495.04,200.64,139,,,,,
J0349,5,0.25,"2,314",0.07,659.43,813.35,403.52,162,,,,,
J0350,5,0.05,"1,850",0.08,583.16,477.00,248.61,148,,,,,
J0351,5,0.07,531,0.29,754.54,756.54,344.49,154,,,,,
J0352,5,0.29,258,0.65,555.88,622.04,243.13,168,,,,,
J0353,5,0.00,"7,450",0.02,831.12,635.00,274.11,149,,,,,
J0354,5,0.06,244,0.61,614.11,581.32,263.39,149,,,,,
J0355,5,0.09,"1,400",0.12,762.44,623.13,332.43,168,,,,,
J0369,5,0.19,"1,108",0.12,918.87,"1,069.56",476.44,133,,,,,
J0370,5,0.07,"1,350",0.10,"1,375.03","1,099.00",419.48,135,,,,,
J0372,5,0.13,322,0.46,"1,122.54","1,065.36",492.07,148,,,,,
J0373,5,0.13,"3,960",0.00,583.77,595.83,238.84,198,,,,,
J0375,5,0.24,342,0.45,916.11,"1,099.00",466.05,154,,,,,
J0376,5,0.05,"1,775",0.12,"1,285.34",977.83,421.94,213,,,,,
J0377,5,0.06,"3,140",0.05,"1,110.99","1,099.00",473.20,157,,,,,
J0378,5,0.12,"1,000",0.15,"1,094.45","1,110.75",543.03,150,,,,,
J0379,5,0.08,794,0.17,"1,475.78","1,369.00",684.62,135,,,,,
J0380,5,0.10,670,0.23,"1,639.86","1,438.00",593.04,154,,,,,
J0381,5,0.10,"3,533",0.06,"1,262.50","1,130.65",466.15,212,,,,,
J0382,5,0.19,240,0.87,"1,013.54","1,143.79",460.49,209,,,,,
J0385,5,0.17,374,0.42,"1,193.63","1,249.00",555.96,157,,,,,
J0386,5,0.08,"1,578",0.09,"1,113.27","1,067.50",509.78,142,,,,,
J0395,5,0.21,573,0.26,763.26,859.00,339.09,149,,,,,
J0396,5,0.27,"3,350",0.06,728.42,835.78,387.02,201,,,,,
J0397,5,0.24,157,1.03,984.29,999.00,464.28,162,,,,,
J0398,5,0.19,"1,490",0.10,807.25,885.00,366.65,149,,,,,
J0399,5,0.02,495,0.39,906.17,784.72,344.89,193,,,,,
J0400,5,0.09,786,0.22,927.73,859.00,369.94,173,,,,,
J0401,5,0.23,210,0.67,810.11,755.94,313.50,141,,,,,
J0402,5,0.01,"1,740",0.10,"1,036.63",756.50,392.27,174,,,,,
J0413,5,0.27,820,0.20,859.28,885.00,453.58,164,,,,,
J0414,5,0.18,"1,578",0.09,823.37,885.00,352.85,142,,,,,
J0415,5,0.16,"3,033",0.06,810.90,899.00,442.79,182,,,,,
J0416,5,0.12,"1,409",0.11,983.30,962.50,467.92,155,,,,,
JNE0722,5,0.10,"1,317",0.12,842.78,819.00,424.49,158,,,,,
JNE09210,5,0.03,"1,620",0.10,974.82,819.00,401.70,162,,,,,
JNE1233,5,0.18,"2,980",0.05,407.66,376.00,204.50,149,,,,,
JNE1234,5,0.14,"3,440",0.05,295.40,254.36,119.76,172,,,,,
JNE1407,5,0.09,917,0.18,477.59,390.00,184.57,165,,,,,
JNE1408,5,0.16,"3,875",0.04,341.88,346.12,158.44,155,,,,,
JNE1525,5,0.12,"17,600",0.01,353.19,311.00,155.90,176,,,,,
JNE1906,5,0.28,559,0.32,300.49,359.94,161.81,179,,,,,
JNE1951,5,0.24,"3,280",0.00,294.87,362.16,197.31,164,,,,,
JNE1977,5,0.08,"18,500",0.01,334.75,280.86,152.69,185,,,,,
JNE1998,5,0.10,554,0.28,276.36,291.49,119.56,155,,,,,
JNE2009,5,0.17,"2,700",0.00,307.01,310.00,151.52,135,,,,,
JNE2014,5,0.22,881,0.21,320.96,353.13,186.59,185,,,,,
JNE2032,5,0.13,"2,189",0.09,355.38,316.00,145.75,197,,,,,
JNE2049,5,0.04,278,0.73,492.26,389.00,163.03,203,,,,,
JNE2086,5,0.26,"1,193",0.15,577.64,675.00,346.48,179,,,,,
JNE2100,5,0.27,719,0.26,351.42,360.85,160.25,187,,,,,
JNE2113,5,0.04,776,0.21,552.27,499.00,270.07,163,,,,,
JNE2132,5,0.12,"4,240",0.00,556.21,524.00,240.87,212,,,,,
JNE2153,5,0.03,"3,180",0.05,535.14,422.93,193.74,159,,,,,
JNE2170,5,0.21,"1,970",0.10,528.93,518.00,228.77,197,,,,,
JNE2171,5,0.13,405,0.44,580.80,478.36,204.05,178,,,,,
JNE2199,5,0.16,"1,325",0.12,332.80,350.98,134.81,159,,,,,
JNE2205,5,0.27,"2,150",0.08,310.38,331.70,153.32,172,,,,,
JNE2251,5,0.05,"1,286",0.14,490.89,409.00,202.49,180,,,,,
JNE2265,5,0.25,382,0.39,338.12,329.00,165.80,149,,,,,
JNE2266,5,0.18,"1,636",0.11,325.43,359.24,170.77,180,,,,,
JNE2270,5,0.10,"4,767",0.03,612.61,518.37,278.19,143,,,,,
JNE2291,5,0.18,"1,650",0.12,385.06,376.00,205.18,198,,,,,
JNE2292,5,0.27,"2,200",0.07,354.75,424.00,221.41,154,,,,,
JNE2294,5,0.00,"2,288",0.08,840.90,691.50,286.89,183,,,,,
JNE2305,5,0.20,"16,900",0.01,337.76,361.84,139.80,169,,,,,
JNE2307,5,0.17,"1,500",0.10,310.90,299.00,127.23,150,,,,,
JNE3030,5,0.15,"1,440",0.15,851.54,736.00,300.20,216,,,,,
JNE3065,5,0.12,409,0.35,432.04,393.00,188.83,143,,,,,
JNE3068,5,0.12,"2,575",0.08,775.88,693.63,361.06,206,,,,,
JNE3160,5,0.03,"1,718",0.11,823.87,689.65,360.97,189,,,,,
JNE3225,5,0.16,"1,377",0.13,313.07,349.00,144.10,179,,,,,
JNE3252,5,0.16,532,0.37,505.64,532.00,269.97,197,,,,,
JNE3255,5,0.30,"1,517",0.12,416.65,487.00,222.38,182,,,,,
JNE3256,5,0.27,"1,988",0.08,411.89,487.00,208.69,159,,,,,
JNE3257,5,0.04,"6,900",0.02,466.12,436.00,188.38,138,,,,,
JNE3261,5,0.22,"3,750",0.04,332.91,348.00,152.34,150,,,,,
JNE3265,5,0.05,"18,300",0.01,356.81,322.95,162.25,183,,,,,
JNE3270,5,0.20,"1,238",0.13,339.75,372.42,144.38,161,,,,,
JNE3273,5,0.25,398,0.40,439.26,483.08,205.10,159,,,,,
JNE3288,5,0.26,314,0.49,350.83,432.32,206.94,154,,,,,
JNE3291,5,0.29,93,1.78,428.12,438.62,222.77,165,,,,,
JNE3294,5,0.24,"16,100",0.01,461.04,448.13,219.35,161,,,,,
JNE3311,5,0.03,148,1.21,753.98,599.00,252.28,179,,,,,
JNE3313,5,0.13,"2,940",0.00,550.48,582.00,318.68,147,,,,,
JNE3334,5,0.19,"5,133",0.03,339.16,316.84,171.78,154,,,,,
JNE3359,5,0.22,"8,900",0.02,476.12,458.00,243.57,178,,,,,
JNE3363,5,0.30,"1,664",0.11,349.11,378.19,191.95,183,,,,,
JNE3364,5,0.04,149,0.94,402.06,384.28,155.47,140,,,,,
JNE3365,5,0.02,"10,000",0.02,467.03,373.67,160.82,200,,,,,
JNE3366,5,0.15,757,0.23,421.01,369.08,173.24,174,,,,,
JNE3368,5,0.21,"1,373",0.15,465.88,471.00,251.22,206,,,,,
JNE3369,5,0.18,"1,400",0.12,509.65,487.00,227.15,168,,,,,
JNE3371,5,0.07,"1,800",0.10,339.14,301.27,141.45,180,,,,,
JNE3373,5,0.09,609,0.23,423.04,376.41,195.94,140,,,,,
JNE3376,5,0.28,"3,240",0.05,330.33,432.00,205.74,162,,,,,
JNE3384,5,0.00,"3,660",0.00,375.72,295.00,131.37,183,,,,,
JNE3390,5,0.29,"16,600",0.01,245.04,320.00,163.99,166,,,,,
JNE3391,5,0.05,697,0.30,493.41,432.00,234.27,209,,,,,
JNE3394,5,0.05,"1,150",0.12,453.25,414.00,212.13,138,,,,,
JNE3396,5,0.16,"1,400",0.13,501.23,480.86,233.85,182,,,,,
JNE3399,5,0.30,668,0.22,327.93,427.16,198.40,147,,,,,
JNE3401,5,0.23,"1,373",0.11,257.68,259.00,113.45,151,,,,,
JNE3403,5,0.06,"11,050",0.02,535.63,429.00,224.07,221,,,,,
JNE3404,5,0.15,"3,975",0.04,459.12,487.85,262.47,159,,,,,
JNE3405,5,0.10,"3,080",0.05,385.48,394.21,173.76,154,,,,,
JNE3407,5,0.27,941,0.17,200.12,249.00,135.83,160,,,,,
JNE3408,5,0.04,"1,342",0.12,562.77,432.00,194.58,161,,,,,
JNE3409,5,0.08,"1,789",0.09,313.56,276.00,119.14,161,,,,,
JNE3412,5,0.15,"9,100",0.02,430.84,417.68,162.96,182,,,,,
JNE3415,5,0.18,444,0.41,266.60,299.00,135.20,182,,,,,
JNE3420,5,0.22,"1,818",0.11,297.90,299.00,144.72,200,,,,,
JNE3421,5,0.06,"6,400",0.03,507.76,399.00,175.82,192,,,,,
JNE3422,5,0.02,223,0.70,389.98,297.00,140.21,156,,,,,
JNE3423,5,0.19,"8,050",0.02,411.40,400.20,182.99,161,,,,,
JNE3425,5,0.19,"1,570",0.10,286.84,329.00,128.29,157,,,,,
JNE3429,5,0.24,"2,343",0.07,252.09,304.50,120.61,164,,,,,
JNE3431,5,0.16,"2,788",0.08,312.88,349.00,180.33,223,,,,,
JNE3434,5,0.24,"9,150",0.02,276.41,319.00,171.69,183,,,,,
JNE3435,5,0.09,"1,175",0.12,463.21,463.81,251.99,141,,,,,
JNE3437,5,0.22,64,2.42,424.16,476.59,260.65,155,,,,,
JNE3439,5,0.16,"2,686",0.07,397.09,399.00,173.12,188,,,,,
JNE3440,5,0.22,335,0.49,424.83,394.66,212.29,164,,,,,
JNE3443,5,0.11,"1,410",0.10,547.70,487.00,241.44,141,,,,,
JNE3445,5,0.22,"2,012",0.08,480.55,459.00,186.52,161,,,,,
JNE3446,5,0.16,"1,710",0.10,326.16,299.00,163.27,171,,,,,
JNE3449,5,0.12,"1,560",0.10,277.74,289.72,145.47,156,,,,,
JNE3451,5,0.25,"1,282",0.11,372.66,380.00,201.37,141,,,,,
JNE3452,5,0.10,607,0.30,296.64,287.54,124.09,182,,,,,
JNE3453,5,0.21,"10,200",0.02,492.15,489.11,262.16,204,,,,,
JNE3454,5,0.25,"1,860",0.10,363.96,415.01,183.88,186,,,,,
JNE3455,5,0.23,268,0.56,572.08,531.00,205.12,150,,,,,
JNE3456,5,0.28,509,0.43,259.06,315.00,136.81,219,,,,,
JNE3457,5,0.24,692,0.24,290.46,333.00,133.48,166,,,,,
JNE3458,5,0.22,"5,325",0.04,423.06,394.25,167.57,213,,,,,
JNE3459,5,0.19,"1,744",0.09,379.01,442.00,173.58,157,,,,,
JNE3460,5,0.04,"3,240",0.00,567.81,457.14,224.86,162,,,,,
JNE3461,5,0.04,"2,960",0.05,446.74,356.90,147.55,148,,,,,
JNE3463,5,0.08,"3,320",0.00,662.70,536.46,269.33,166,,,,,
JNE3464,5,0.16,"3,683",0.06,840.14,719.00,318.12,221,,,,,
JNE3465,5,0.11,"2,400",0.06,610.36,492.86,256.21,144,,,,,
JNE3467,5,0.03,"6,500",0.03,376.72,362.00,166.05,195,,,,,
JNE3468,5,0.15,419,0.48,398.32,350.33,144.63,201,,,,,
JNE3470,5,0.02,"4,750",0.04,399.80,319.67,121.99,190,,,,,
JNE3471,5,0.17,"1,989",0.09,312.57,295.00,141.56,179,,,,,
JNE3473,5,0.22,"4,250",0.04,415.92,487.00,203.57,170,,,,,
JNE3476,5,0.13,643,0.28,400.72,360.53,145.68,180,,,,,
JNE3479,5,0.00,"4,240",0.00,361.01,259.00,123.56,212,,,,,
JNE3480,5,0.04,"4,325",0.04,327.28,249.00,129.31,173,,,,,
JNE3482,5,0.24,"1,067",0.21,290.91,318.00,134.11,224,,,,,
JNE3483,5,0.14,"2,960",0.05,339.43,370.95,168.21,148,,,,,
JNE3484,5,0.08,"2,800",0.07,325.60,300.74,160.14,196,,,,,
JNE3487,5,0.28,"16,200",0.01,349.06,362.00,143.56,162,,,,,
JNE3489,5,0.01,"3,440",0.05,624.61,487.00,192.06,172,,,,,
JNE3491,5,0.20,"3,300",0.00,338.05,349.00,142.92,165,,,,,
JNE3500,5,0.12,"6,833",0.03,340.79,362.17,179.49,205,,,,,
JNE3501,5,0.29,"3,040",0.00,351.28,412.50,164.08,152,,,,,
JNE3503,5,0.09,374,0.46,351.35,318.00,153.86,172,,,,,
JNE3504,5,0.27,253,0.62,484.81,483.00,264.76,157,,,,,
JNE3506,5,0.08,"1,308",0.12,744.49,635.00,251.51,157,,,,,
JNE3510,5,0.03,"15,600",0.01,477.46,424.67,226.98,156,,,,,
JNE3515,5,0.02,"1,577",0.13,554.85,458.87,227.47,205,,,,,
JNE3516,5,0.30,"2,483",0.06,271.93,362.00,140.63,149,,,,,
JNE3518,5,0.22,"1,589",0.09,522.26,481.56,187.04,143,,,,,
JNE3522,5,0.19,"3,117",0.06,325.78,342.00,154.76,187,,,,,
JNE3523,5,0.02,"1,733",0.09,448.53,376.00,150.71,156,,,,,
JNE3530,5,0.26,"15,900",0.01,285.91,329.00,164.55,159,,,,,
JNE3534,5,0.04,"3,260",0.05,407.08,329.00,138.87,163,,,,,
JNE3535,5,0.22,"1,962",0.08,418.91,419.00,228.03,157,,,,,
JNE3537,5,0.25,"1,231",0.16,369.63,379.00,157.45,197,,,,,
JNE3539,5,0.08,47,4.00,230.81,219.33,117.23,187,,,,,
JNE3542,5,0.06,"1,775",0.12,359.76,329.80,178.16,213,,,,,
JNE3543,5,0.21,"2,178",0.09,316.64,366.43,167.30,196,,,,,
JNE3546,5,0.23,"2,500",0.07,427.22,433.65,212.64,175,,,,,
JNE3548,5,0.15,745,0.22,467.54,517.00,271.78,164,,,,,
JNE3549,5,0.15,"1,412",0.16,349.78,326.80,137.43,226,,,,,
JNE3550,5,0.11,552,0.29,341.13,283.00,125.91,160,,,,,
JNE3554,5,0.13,655,0.22,612.52,517.00,276.96,144,,,,,
JNE3555,5,0.08,"2,160",0.10,540.86,487.00,210.11,216,,,,,
JNE3556,5,0.25,"1,074",0.19,469.47,517.00,222.74,204,,,,,
JNE3560,5,0.23,"3,660",0.05,385.02,464.30,249.62,183,,,,,
JNE3562,5,0.15,"1,525",0.12,511.56,468.44,192.19,183,,,,,
JNE3563,5,0.23,"1,286",0.14,490.20,476.00,204.65,180,,,,,
JNE3564,5,0.09,"2,040",0.10,503.28,487.00,261.12,204,,,,,
JNE3566,5,0.30,273,0.66,325.56,388.40,149.50,180,,,,,
JNE3567,5,0.28,"4,625",0.04,390.30,403.46,154.23,185,,,,,
JNE3568,5,0.25,"1,988",0.08,398.93,391.97,190.64,159,,,,,
JNE3571,5,0.07,511,0.28,514.10,487.00,200.56,143,,,,,
JNE3573,5,0.01,"1,542",0.12,468.73,381.00,148.20,185,,,,,
JNE3575,5,0.17,"2,300",0.08,409.92,442.00,186.49,184,,,,,
JNE3576,5,0.09,"2,357",0.07,481.13,487.00,236.70,165,,,,,
JNE3577,5,0.13,"4,125",0.04,815.74,684.95,367.00,165,,,,,
JNE3578,5,0.06,968,0.22,757.04,602.29,251.69,213,,,,,
JNE3579,5,0.08,"3,760",0.00,361.89,298.90,136.02,188,,,,,
JNE3581,5,0.28,681,0.32,487.86,635.00,303.46,218,,,,,
JNE3601,5,0.21,"1,580",0.10,319.90,301.00,117.23,158,,,,,
JNE3605,5,0.23,714,0.29,456.79,493.00,261.83,207,,,,,
JNE3606,5,0.06,715,0.20,535.53,487.00,227.07,143,,,,,
JNE3607,5,0.20,"3,500",0.00,467.71,471.00,258.14,175,,,,,
JNE3608,5,0.10,"3,150",0.06,339.92,349.07,164.18,189,,,,,
JNE3609,5,0.17,"2,150",0.10,613.05,561.76,303.59,215,,,,,
JNE3610,5,0.12,"1,833",0.09,321.09,291.00,154.17,165,,,,,
JNE3611,5,0.02,"1,573",0.11,504.08,461.19,244.44,173,,,,,
JNE3612,5,0.20,"6,100",0.03,352.80,395.20,173.74,183,,,,,
JNE3613,5,0.24,188,0.77,349.06,412.11,174.39,145,,,,,
JNE3614,5,0.20,619,0.26,392.89,459.00,206.93,161,,,,,
JNE3616,5,0.05,"2,088",0.08,380.55,319.00,155.12,167,,,,,
JNE3617,5,0.16,"1,778",0.09,337.59,299.00,149.93,160,,,,,
JNE3618,5,0.23,"5,250",0.04,311.61,383.19,154.17,210,,,,,
JNE3619,5,0.06,"1,670",0.10,318.99,318.00,162.81,167,,,,,
JNE3620,5,0.13,"1,520",0.10,357.92,329.00,127.08,152,,,,,
JNE3623,5,0.29,537,0.30,343.59,362.00,196.44,161,,,,,
JNE3624,5,0.17,"1,280",0.15,470.65,487.00,194.07,192,,,,,
JNE3625,5,0.08,"1,988",0.08,488.59,453.00,208.51,159,,,,,
JNE3627,5,0.09,"1,682",0.11,360.78,314.97,120.07,185,,,,,
JNE3628,5,0.26,"1,900",0.08,412.99,487.00,261.74,152,,,,,
JNE3629,5,0.27,"8,350",0.02,771.75,998.00,454.93,167,,,,,
JNE3630,5,0.13,"6,067",0.03,536.32,471.54,181.65,182,,,,,
JNE3631,5,0.16,"4,550",0.04,558.55,524.00,229.90,182,,,,,
JNE3633,5,0.29,"2,222",0.09,403.44,453.40,209.05,200,,,,,
JNE3634,5,0.02,"4,320",0.00,667.92,520.43,230.55,216,,,,,
JNE3635,5,0.21,"2,362",0.08,350.59,345.00,148.94,189,,,,,
JNE3636,5,0.24,375,0.56,391.42,459.00,216.98,210,,,,,
JNE3637,5,0.17,"2,080",0.10,512.27,526.00,233.18,208,,,,,
JNE3638,5,0.24,"2,429",0.07,429.91,517.00,232.99,170,,,,,
JNE3639,5,0.27,962,0.16,403.61,504.71,200.27,154,,,,,
JNE3640,5,0.03,"2,683",0.06,629.92,504.71,273.69,161,,,,,
JNE3642,5,0.28,333,0.46,319.91,329.00,127.79,153,,,,,
JNE3645,5,0.19,778,0.27,477.14,424.72,188.82,210,,,,,
JNE3647,5,0.15,"1,690",0.10,355.13,329.00,165.44,169,,,,,
JNE3648,5,0.07,867,0.24,536.87,518.00,268.33,208,,,,,
JNE3649,5,0.13,"2,070",0.10,356.52,377.00,199.05,207,,,,,
JNE3651,5,0.14,"1,789",0.09,475.59,414.40,195.25,161,,,,,
JNE3652,5,0.22,"1,223",0.13,330.96,338.75,165.96,159,,,,,
JNE3653,5,0.13,"2,500",0.08,395.53,359.00,161.83,200,,,,,
JNE3654,5,0.25,"3,240",0.05,381.30,384.13,206.20,162,,,,,
JNE3655,5,0.15,"1,167",0.18,349.25,317.00,121.84,210,,,,,
JNE3658,5,0.29,960,0.20,342.08,359.00,164.73,192,,,,,
JNE3659,5,0.03,"3,220",0.00,500.96,482.82,240.14,161,,,,,
JNE3660,5,0.29,"1,627",0.11,300.33,322.50,132.76,179,,,,,
JNE3662,5,0.27,"9,150",0.02,392.57,399.00,208.42,183,,,,,
JNE3665,5,0.00,"2,783",0.06,567.02,493.00,202.21,167,,,,,
JNE3667,5,0.14,"1,300",0.16,360.51,329.00,140.36,208,,,,,
JNE3668,5,0.28,"10,000",0.02,432.62,518.00,230.88,200,,,,,
JNE3669,5,0.25,516,0.31,649.35,625.00,299.31,160,,,,,
JNE3670,5,0.23,"2,886",0.07,313.36,383.31,150.04,202,,,,,
JNE3671,5,0.28,604,0.24,517.81,574.00,231.19,145,,,,,
JNE3672,5,0.13,298,0.59,553.45,574.00,311.29,176,,,,,
JNE3673,5,0.18,"2,189",0.09,425.45,399.33,217.84,197,,,,,
JNE3674,5,0.07,"2,900",0.05,586.31,567.17,275.64,145,,,,,
JNE3675,5,0.12,"2,886",0.07,545.02,546.93,225.45,202,,,,,
JNE3676,5,0.07,"2,522",0.09,437.91,385.00,147.13,227,,,,,
JNE3678,5,0.09,"18,833",0.03,645.88,518.00,271.65,565,,,,,
JNE3679,5,0.10,"1,057",0.14,429.97,425.00,190.82,148,,,,,
JNE3680,5,0.27,"2,950",0.06,768.54,956.67,464.22,177,,,,,
JNE3684,5,0.15,"10,950",0.02,356.74,319.00,122.85,219,,,,,
JNE3686,5,0.21,"3,400",0.05,428.31,442.50,180.03,170,,,,,
JNE3687,5,0.05,303,0.64,708.86,545.00,222.08,194,,,,,
JNE3689,5,0.15,"3,117",0.06,406.28,434.00,208.09,187,,,,,
JNE3690,5,0.23,"10,400",0.02,488.94,497.61,250.56,208,,,,,
JNE3691,5,0.22,"1,692",0.12,536.61,608.00,328.57,203,,,,,
JNE3697,5,0.06,"2,125",0.08,498.85,480.32,182.54,170,,,,,
JNE3698,5,0.23,"1,911",0.09,439.76,443.00,168.59,172,,,,,
JNE3701,5,0.06,"1,950",0.10,471.75,399.00,167.29,195,,,,,
JNE3702,5,0.11,"8,850",0.02,400.01,342.00,133.17,177,,,,,
JNE3703,5,0.10,"1,022",0.18,322.05,308.92,125.29,184,,,,,
JNE3704,5,0.26,400,0.47,434.90,487.00,247.37,188,,,,,
JNE3706,5,0.13,"2,178",0.09,426.65,411.44,194.78,196,,,,,
JNE3707,5,0.00,280,0.60,688.38,493.67,260.68,168,,,,,
JNE3708,5,0.12,"5,367",0.03,719.61,709.67,275.22,161,,,,,
JNE3709,5,0.10,"1,722",0.09,843.27,812.50,363.15,155,,,,,
JNE3710,5,0.07,"1,722",0.09,753.71,690.27,352.82,155,,,,,
JNE3712,5,0.22,881,0.21,504.08,518.00,225.75,185,,,,,
JNE3713,5,0.06,"21,900",0.01,384.14,359.00,159.73,219,,,,,
JNE3714,5,0.24,"8,450",0.02,424.92,408.00,199.56,169,,,,,
JNE3715,5,0.00,"1,770",0.10,320.04,280.00,148.60,177,,,,,
JNE3716,5,0.29,"4,480",0.05,343.00,354.30,154.42,224,,,,,
JNE3717,5,0.28,"2,833",0.06,223.67,286.00,132.00,170,,,,,
JNE3718,5,0.03,567,0.30,514.70,414.61,173.60,170,,,,,
JNE3719,5,0.11,"3,875",0.04,485.59,399.00,184.17,155,,,,,
JNE3720,5,0.04,767,0.21,550.45,517.00,209.45,161,,,,,
JNE3721,5,0.07,402,0.44,428.33,331.61,151.27,177,,,,,
JNE3722,5,0.04,"3,440",0.00,378.99,326.67,148.52,172,,,,,
JNE3724,5,0.23,"4,060",0.05,614.85,578.21,231.84,203,,,,,
JNE3725,5,0.10,"9,000",0.02,511.92,442.00,212.78,180,,,,,
JNE3726,5,0.03,"3,300",0.05,378.30,337.50,177.94,165,,,,,
JNE3727,5,0.20,"19,100",0.01,490.11,549.00,299.26,191,,,,,
JNE3728,5,0.27,"16,100",0.01,277.71,329.00,138.72,161,,,,,
JNE3730,5,0.24,"1,555",0.11,199.89,242.95,120.44,171,,,,,
JNE3732,5,0.16,"1,073",0.15,418.24,452.50,194.71,161,,,,,
JNE3733,5,0.20,719,0.32,477.25,549.00,224.59,230,,,,,
JNE3734,5,0.30,"18,500",0.01,433.57,517.00,260.33,185,,,,,
JNE3735,5,0.25,"4,220",0.05,397.54,399.00,205.00,211,,,,,
JNE3736,5,0.02,204,1.09,453.63,421.00,228.90,222,,,,,
JNE3738,5,0.21,"2,867",0.06,357.81,413.40,217.79,172,,,,,
JNE3739,5,0.29,172,1.05,401.49,443.44,242.80,181,,,,,
JNE3740,5,0.27,544,0.27,251.55,307.94,151.01,147,,,,,
JNE3741,5,0.17,"1,005",0.19,388.74,432.00,194.28,191,,,,,
JNE3742,5,0.18,"7,467",0.03,261.76,288.00,139.20,224,,,,,
JNE3743,5,0.02,603,0.30,442.78,329.00,156.48,181,,,,,
JNE3744,5,0.17,"1,643",0.14,738.24,665.00,263.53,230,,,,,
JNE3745,5,0.10,"2,130",0.10,333.86,316.00,155.09,213,,,,,
JNE3748,5,0.02,"1,047",0.17,648.29,517.00,239.18,178,,,,,
JNE3749,5,0.12,"1,545",0.11,518.23,475.67,198.25,170,,,,,
JNE3750,5,0.14,"1,490",0.10,602.11,544.00,244.06,149,,,,,
JNE3751,5,0.15,"16,200",0.01,403.18,368.00,177.59,162,,,,,
JNE3752,5,0.24,"1,000",0.15,337.19,349.33,155.19,150,,,,,
JNE3753,5,0.23,"5,367",0.03,439.23,499.00,201.30,161,,,,,
JNE3756,5,0.25,415,0.39,382.33,479.27,186.24,162,,,,,
JNE3757,5,0.01,"3,925",0.04,578.48,483.14,253.64,157,,,,,
JNE3758,5,0.24,"1,555",0.11,365.10,352.75,138.45,171,,,,,
JNE3759,5,0.18,"3,880",0.00,557.30,544.00,253.69,194,,,,,
JNE3760,5,0.03,"1,833",0.09,562.07,432.00,218.63,165,,,,,
JNE3761,5,0.08,850,0.20,380.29,295.88,139.64,170,,,,,
JNE3762,5,0.11,"2,220",0.10,324.22,329.00,126.14,222,,,,,
JNE3763,5,0.15,"3,267",0.06,489.29,445.50,207.72,196,,,,,
JNE3764,5,0.28,"1,800",0.10,439.28,474.43,234.42,180,,,,,
JNE3765,5,0.20,411,0.54,576.14,517.00,228.68,222,,,,,
JNE3766,5,0.02,"1,850",0.12,706.77,517.00,263.24,222,,,,,
JNE3767,5,0.23,"1,745",0.11,483.86,487.00,261.57,192,,,,,
JNE3768,5,0.19,"18,000",0.01,447.83,487.00,257.18,180,,,,,
JNE3769,5,0.15,"3,760",0.05,550.34,487.00,257.25,188,,,,,
JNE3770,5,0.29,"5,900",0.03,333.55,432.00,220.71,177,,,,,
JNE3771,5,0.02,"3,640",0.05,448.69,346.00,181.37,182,,,,,
JNE3773,5,0.28,911,0.19,238.84,242.38,127.59,173,,,,,
JNE3774,5,0.15,"1,121",0.14,477.03,474.00,209.06,157,,,,,
JNE3775,5,0.24,"1,644",0.09,224.83,232.80,120.84,148,,,,,
JNE3776,5,0.20,"1,473",0.15,293.41,305.50,150.07,221,,,,,
JNE3778,5,0.04,"4,725",0.04,530.19,459.00,182.47,189,,,,,
JNE3781,5,0.24,607,0.28,347.77,394.94,172.40,170,,,,,
JNE3782,5,0.03,244,0.91,622.02,487.00,253.58,222,,,,,
JNE3783,5,0.18,181,1.00,550.16,487.00,251.93,181,,,,,
JNE3784,5,0.15,621,0.24,534.40,455.83,247.54,149,,,,,
JNE3785,5,0.27,"2,556",0.09,289.83,357.31,186.26,230,,,,,
JNE3786,5,0.20,"5,550",0.04,399.25,368.00,184.97,222,,,,,
JNE3787,5,0.18,"3,120",0.05,520.82,485.55,252.44,156,,,,,
JNE3788,5,0.20,368,0.41,443.56,487.00,261.48,151,,,,,
JNE3789,5,0.19,"1,658",0.12,166.52,191.50,102.44,199,,,,,
JNE3790,5,0.00,804,0.28,361.44,316.00,167.32,225,,,,,
JNE3791,5,0.17,"1,360",0.15,587.57,517.00,243.85,204,,,,,
JNE3793,5,0.05,371,0.63,438.71,363.16,177.25,234,,,,,
JNE3794,5,0.13,"2,238",0.08,534.80,472.00,219.21,179,,,,,
JNE3795,5,0.11,"1,262",0.16,523.67,516.14,223.30,202,,,,,
JNE3796,5,0.22,"4,300",0.05,350.31,345.00,187.44,215,,,,,
JNE3797,5,0.21,"1,600",0.14,605.22,722.84,299.33,224,,,,,
JNE3798,5,0.25,"3,980",0.00,634.94,716.62,317.65,199,,,,,
JNE3799,5,0.27,"1,975",0.12,518.39,559.43,299.91,237,,,,,
JNE3800,5,0.01,"1,520",0.10,816.93,749.39,300.87,152,,,,,
JNE3801,5,0.13,"5,150",0.04,832.31,714.98,281.31,206,,,,,
JNE3802,5,0.07,"1,630",0.10,480.38,456.20,246.17,163,,,,,
JNE3803,5,0.17,905,0.20,465.77,439.00,220.79,181,,,,,
JNE3804,5,0.15,"2,170",0.10,437.70,432.06,178.42,217,,,,,
JNE3805,5,0.14,711,0.28,455.73,421.04,178.01,199,,,,,
JNE3806,5,0.13,467,0.39,492.98,521.00,270.21,182,,,,,
JNE3807,5,0.26,"2,211",0.09,503.24,644.04,331.30,199,,,,,
JNE3810,5,0.24,784,0.25,723.80,696.00,338.97,196,,,,,
JNE3811,5,0.06,"2,262",0.08,509.89,474.00,204.59,181,,,,,
JNE3816,5,0.08,"1,980",0.10,640.80,521.00,231.79,198,,,,,
JNE3817,5,0.19,"2,783",0.06,520.42,459.00,223.66,167,,,,,
JNE3818,5,0.15,539,0.31,476.74,499.00,235.21,167,,,,,
JNE3819,5,0.13,"7,600",0.02,496.13,499.00,245.62,152,,,,,
JNE3821,5,0.15,"2,157",0.07,565.83,519.25,282.35,151,,,,,
JNE3822,5,0.19,765,0.31,462.75,411.63,208.73,237,,,,,
JNE3823,5,0.00,"1,689",0.09,696.23,508.00,217.80,152,,,,,
JNE3825,5,0.12,545,0.33,511.39,474.00,188.56,180,,,,,
JNE3833,5,0.00,"11,850",0.02,692.04,521.00,241.23,237,,,,,
JNE3835,5,0.21,92,2.57,440.97,508.60,270.46,237,,,,,
JNE3836,5,0.20,"2,957",0.07,707.19,635.00,300.95,207,,,,,
JNE3837,5,0.06,597,0.36,801.61,614.60,282.38,215,,,,,
JNE3838,5,0.13,"2,386",0.07,459.58,477.06,242.72,167,,,,,
JNE3860,5,0.04,69,3.00,815.93,736.00,357.59,207,,,,,
JNE3861,5,0.11,692,0.24,831.52,861.05,470.64,166,,,,,
JNE3863,5,0.20,755,0.22,525.83,574.00,284.27,166,,,,,
JNE3864,5,0.04,"1,364",0.14,658.30,513.43,263.93,191,,,,,
JNE3865,5,0.15,"2,500",0.09,593.17,590.19,291.75,225,,,,,
JNE3866,5,0.04,"1,153",0.15,921.48,888.00,470.32,173,,,,,
JNE3869,5,0.08,"4,175",0.04,772.58,717.88,286.15,167,,,,,
JNE3870,5,0.05,"1,660",0.10,906.65,684.88,307.57,166,,,,,
JNE3875,5,0.11,"17,300",0.01,"1,050.37",929.00,360.78,173,,,,,
JNE3879,5,0.07,"3,600",0.00,843.42,758.50,315.42,180,,,,,
JNE3881,5,0.22,"4,350",0.04,708.94,820.09,438.93,174,,,,,
JNE3885,5,0.09,"1,500",0.10,749.06,590.00,270.63,150,,,,,
JNE3887,5,0.16,"5,675",0.04,662.76,590.00,265.64,227,,,,,
JNE3888,5,0.23,"4,080",0.00,716.62,810.33,424.87,204,,,,,
JNE3892,5,0.16,"1,164",0.14,677.85,751.00,404.71,163,,,,,
JNE3894,5,0.28,"1,420",0.15,578.16,750.60,372.60,213,,,,,
JNE3904,5,0.28,"1,508",0.13,471.01,599.00,285.43,196,,,,,
JNE3905,5,0.23,"2,130",0.10,779.73,808.00,314.78,213,,,,,
JNE3928,5,0.20,316,0.58,624.83,568.00,271.87,183,,,,,
MEN5001,5,0.25,"1,121",0.14,458.03,499.00,237.83,157,,,,,
MEN5002,5,0.12,88,1.86,599.51,506.50,267.59,163,,,,,
MEN5003,5,0.19,"17,400",0.01,438.63,449.00,225.29,174,,,,,
MEN5004,5,0.08,"2,717",0.06,542.20,454.05,221.70,163,,,,,
MEN5005,5,0.07,"1,945",0.11,549.06,452.00,198.97,214,,,,,
MEN5006,5,0.30,"1,823",0.13,365.60,470.15,212.96,237,,,,,
MEN5007,5,0.17,"2,200",0.09,403.02,412.75,202.03,198,,,,,
MEN5008,5,0.01,"1,354",0.13,582.63,462.29,176.73,176,,,,,
MEN5009,5,0.07,"7,567",0.03,487.11,487.35,217.85,227,,,,,
MEN5011,5,0.29,327,0.49,393.80,471.43,251.13,160,,,,,
MEN5012,5,0.27,"2,222",0.09,450.67,499.00,261.48,200,,,,,
MEN5013,5,0.17,566,0.38,595.54,513.00,260.70,215,,,,,
MEN5014,5,0.28,"1,344",0.16,436.92,499.00,260.82,215,,,,,
MEN5015,5,0.16,"4,150",0.04,497.12,443.10,229.65,166,,,,,
MEN5017,5,0.12,"9,450",0.02,290.17,274.50,142.88,189,,,,,
MEN5018,5,0.11,"3,180",0.05,590.11,499.00,198.38,159,,,,,
MEN5019,5,0.05,"1,910",0.10,564.86,472.50,253.43,191,,,,,
MEN5020,5,0.03,"2,175",0.08,596.41,452.00,208.30,174,,,,,
MEN5021,5,0.17,"3,967",0.06,504.90,509.55,244.70,238,,,,,
MEN5022,5,0.26,132,1.62,503.71,539.59,206.66,214,,,,,
MEN5023,5,0.28,"2,188",0.08,496.24,542.47,288.03,175,,,,,
MEN5024,5,0.11,"10,050",0.02,563.43,529.29,255.31,201,,,,,
MEN5025,5,0.24,"2,286",0.07,449.36,537.27,206.95,160,,,,,
MEN5026,5,0.14,539,0.31,464.65,499.00,201.03,167,,,,,
MEN5027,5,0.01,"3,033",0.06,454.04,434.38,178.57,182,,,,,
MEN5028,5,0.18,"2,500",0.06,554.74,499.00,252.57,150,,,,,
MEN5029,5,0.02,500,0.33,461.39,415.63,216.52,165,,,,,
MEN5030,5,0.22,"2,933",0.06,396.29,452.00,197.22,176,,,,,
MEN5031,5,0.14,"5,675",0.04,617.38,549.00,215.21,227,,,,,
MEN5032,5,0.15,"2,650",0.06,561.39,568.38,258.81,159,,,,,
NW001,5,0.06,"3,114",0.07,649.41,563.00,254.94,218,,,,,
NW002,5,0.16,"3,343",0.07,433.72,466.48,234.36,234,,,,,
NW003,5,0.08,"2,500",0.06,653.98,512.91,215.01,150,,,,,
NW004,5,0.16,"1,308",0.12,561.65,496.00,257.03,157,,,,,
NW005,5,0.01,"2,411",0.09,797.17,595.44,294.73,217,,,,,
NW006,5,0.23,254,0.65,462.47,503.72,195.21,165,,,,,
NW007,5,0.12,"3,340",0.00,648.93,560.00,267.50,167,,,,,
NW008,5,0.02,"1,220",0.15,627.60,582.00,269.88,183,,,,,
NW009,5,0.04,122,1.52,592.39,586.00,298.15,185,,,,,
NW012,5,0.27,"2,600",0.07,429.54,556.69,295.31,182,,,,,
NW013,5,0.08,"3,980",0.00,572.82,496.00,221.31,199,,,,,
NW014,5,0.28,"2,243",0.07,406.35,466.67,233.77,157,,,,,
NW015,5,0.11,"7,900",0.03,583.36,532.33,240.18,237,,,,,
NW016,5,0.27,"1,364",0.14,424.09,551.90,289.06,191,,,,,
NW020,5,0.23,"1,655",0.11,495.34,537.00,251.43,182,,,,,
NW022,5,0.11,840,0.20,683.33,590.00,271.08,168,,,,,
NW024,5,0.22,"20,100",0.01,550.76,586.00,288.77,201,,,,,
NW028,5,0.01,"1,810",0.10,728.08,563.00,303.58,181,,,,,
NW029,5,0.24,833,0.27,407.63,474.00,180.93,225,,,,,
NW030,5,0.28,"1,509",0.11,513.16,534.03,264.45,166,,,,,
NW031,5,0.14,163,1.18,646.99,599.00,246.98,192,,,,,
NW032,5,0.12,378,0.46,511.27,517.00,261.97,174,,,,,
NW033,5,0.19,"3,300",0.05,534.05,582.00,252.67,165,,,,,
NW034,5,0.21,346,0.50,605.90,604.00,254.14,173,,,,,
NW035,5,0.11,"1,536",0.14,714.62,599.00,268.80,215,,,,,
NW037,5,0.11,557,0.35,474.26,445.75,209.43,195,,,,,
NW039,5,0.04,"4,360",0.00,541.92,495.00,237.59,218,,,,,
PJ0096,5,0.06,"4,300",0.05,885.48,696.00,341.52,215,,,,,
PJNE2014,5,0.20,"2,175",0.08,499.31,486.00,198.67,174,,,,,
PJNE2100,5,0.15,"1,313",0.15,475.23,463.27,178.80,197,,,,,
PJNE2171,5,0.00,"2,900",0.06,938.35,768.66,406.52,174,,,,,
PJNE2199,5,0.20,"1,636",0.11,401.61,447.63,190.58,180,,,,,
PJNE3068,5,0.09,91,1.93,812.97,703.79,365.40,175,,,,,
PJNE3252,5,0.22,840,0.20,518.59,565.57,304.67,168,,,,,
PJNE3291,5,0.25,"1,400",0.14,560.09,534.00,226.42,196,,,,,
PJNE3364,5,0.11,"2,633",0.09,906.29,836.00,340.16,237,,,,,
PJNE3368,5,0.10,"1,844",0.09,592.61,539.70,284.01,166,,,,,
PJNE3373,5,0.17,334,0.62,553.16,534.00,221.51,207,,,,,
PJNE3399,5,0.12,"1,232",0.19,618.64,512.82,264.47,234,,,,,
PJNE3405,5,0.22,"18,900",0.01,505.32,487.00,254.25,189,,,,,
PJNE3423,5,0.19,"1,678",0.09,522.46,534.00,219.75,151,,,,,
PJNE3440,5,0.03,"1,607",0.14,678.70,537.59,234.88,225,,,,,
PJNE3568,5,0.15,238,0.81,551.59,517.00,238.38,193,,,,,
PJNE3607,5,0.05,416,0.49,671.57,578.33,282.80,204,,,,,
PSET264,5,0.08,"1,800",0.13,"1,015.05",987.47,406.03,234,,,,,
PSET268,5,0.22,582,0.39,859.60,909.00,432.09,227,,,,,
SAR 25.00,5,0.27,"1,730",0.10,640.22,772.00,340.80,173,,,,,
SAR 39.00,5,0.16,"4,140",0.05,"1,100.32",956.00,461.18,207,,,,,
SAR 40.00,5,0.26,"1,660",0.10,854.37,989.00,428.30,166,,,,,
SAR 46.00,5,0.01,"1,107",0.15,913.43,667.00,335.76,166,,,,,
SAR 53.00,5,0.13,"2,614",0.07,967.16,899.00,344.07,183,,,,,
SAR 56.00,5,0.17,"16,000",0.01,833.42,790.00,379.53,160,,,,,
SAR 61.00,5,0.23,"1,392",0.13,858.39,899.00,357.80,181,,,,,
SAR 91.00,5,0.16,"2,233",0.09,517.98,563.00,301.32,201,,,,,
SAR 97.00,5,0.11,"1,320",0.15,681.42,648.00,331.07,198,,,,,
SAR 102.00,5,0.28,"1,392",0.13,439.69,563.00,289.25,181,,,,,
SAR 110.00,5,0.19,"1,754",0.13,632.70,616.00,286.87,228,,,,,
SAR 114.00,5,0.24,"3,050",0.06,568.46,620.00,317.79,183,,,,,
SAR 130.00,5,0.16,"2,533",0.09,909.69,819.00,446.12,228,,,,,
SAR 134.00,5,0.16,"2,100",0.08,681.71,720.00,316.24,168,,,,,
SET004,5,0.20,"1,307",0.15,607.52,685.63,271.44,196,,,,,
SET014,5,0.11,"1,740",0.10,743.96,701.14,311.22,174,,,,,
SET037,5,0.20,"1,844",0.09,672.86,612.00,238.82,166,,,,,
SET038,5,0.16,86,1.94,601.54,551.43,244.44,166,,,,,
SET043,5,0.14,"1,525",0.12,949.22,922.38,454.80,183,,,,,
SET044,5,0.18,"1,156",0.18,617.79,612.00,322.11,208,,,,,
SET048,5,0.24,"1,855",0.11,531.62,648.00,268.93,204,,,,,
SET053,5,0.02,"5,875",0.04,834.15,610.33,271.35,235,,,,,
SET058,5,0.04,"1,523",0.13,"1,041.36",845.32,336.47,198,,,,,
SET062,5,0.24,"1,133",0.18,597.76,684.00,284.50,204,,,,,
SET073,5,0.29,"2,633",0.09,729.25,818.39,429.01,237,,,,,
SET075,5,0.20,879,0.19,564.18,648.00,322.06,167,,,,,
SET078,5,0.14,"1,194",0.16,547.92,459.00,234.27,191,,,,,
SET085,5,0.11,88,2.07,394.59,399.00,202.59,183,,,,,
SET087,5,0.21,"1,529",0.14,924.15,916.20,388.04,214,,,,,
SET091,5,0.29,"1,573",0.11,402.44,499.00,271.61,173,,,,,
SET094,5,0.27,"4,540",0.05,719.98,758.00,413.76,227,,,,,
SET097,5,0.26,"1,293",0.14,977.22,999.00,452.67,181,,,,,
SET098,5,0.29,"1,393",0.14,635.34,696.00,292.59,195,,,,,
SET100,5,0.21,612,0.25,776.68,777.14,311.59,153,,,,,
SET110,5,0.15,"2,867",0.06,889.75,768.34,377.91,172,,,,,
SET114,5,0.18,"2,040",0.10,527.49,597.00,239.18,204,,,,,
SET116,5,0.09,"3,267",0.06,626.99,591.00,313.93,196,,,,,
SET128,5,0.24,"5,950",0.04,978.96,"1,133.00",460.11,238,,,,,
SET130,5,0.28,"1,867",0.12,549.72,547.00,288.99,224,,,,,
SET131,5,0.22,"2,500",0.07,616.25,666.00,321.32,175,,,,,
SET132,5,0.26,"6,000",0.03,523.77,541.79,224.55,180,,,,,
SET138,5,0.23,"3,400",0.07,731.87,737.00,376.63,238,,,,,
SET141,5,0.10,61,3.00,783.14,774.00,377.21,182,,,,,
SET144,5,0.11,"2,571",0.07,771.85,765.00,327.11,180,,,,,
SET145,5,0.00,"9,100",0.02,745.23,648.90,286.17,182,,,,,
SET147,5,0.20,"1,538",0.13,653.30,684.00,295.51,200,,,,,
SET152,5,0.12,"3,840",0.00,467.20,469.00,189.03,192,,,,,
SET154,5,0.09,"2,600",0.07,800.18,832.00,454.59,182,,,,,
SET156,5,0.22,"6,067",0.03,758.30,716.00,287.33,182,,,,,
SET158,5,0.15,607,0.30,933.20,791.00,388.56,182,,,,,
SET165,5,0.23,938,0.21,510.61,567.00,294.35,197,,,,,
SET171,5,0.29,"3,950",0.06,659.89,795.41,314.63,237,,,,,
SET172,5,0.00,"2,600",0.08,"1,018.80",968.00,436.40,208,,,,,
SET179,5,0.13,"4,080",0.00,550.79,491.50,236.83,204,,,,,
SET182,5,0.20,571,0.41,711.67,664.41,313.24,234,,,,,
SET183,5,0.29,"4,950",0.04,591.95,757.04,294.46,198,,,,,
SET184,5,0.28,"20,000",0.01,454.25,570.50,298.90,200,,,,,
SET185,5,0.28,"3,333",0.06,809.93,848.00,381.89,200,,,,,
SET186,5,0.07,"5,600",0.03,718.41,610.32,283.19,168,,,,,
SET187,5,0.07,"3,180",0.00,595.24,600.59,267.89,159,,,,,
SET188,5,0.01,"1,933",0.09,853.54,680.00,371.91,174,,,,,
SET192,5,0.20,"1,891",0.11,630.02,680.00,273.18,208,,,,,
SET194,5,0.19,"1,079",0.14,613.45,642.33,291.57,151,,,,,
SET195,5,0.15,"1,050",0.16,806.86,719.45,310.49,168,,,,,
SET196,5,0.29,339,0.51,715.31,755.33,296.98,173,,,,,
SET197,5,0.09,"5,150",0.04,866.51,800.09,343.86,206,,,,,
SET198,5,0.09,200,1.12,688.93,548.00,287.19,224,,,,,
SET199,5,0.01,"8,400",0.02,821.52,696.00,293.08,168,,,,,
SET200,5,0.15,"2,588",0.08,633.57,564.62,255.23,207,,,,,
SET201,5,0.05,"2,857",0.07,683.77,590.28,263.77,200,,,,,
SET203,5,0.15,"2,022",0.09,511.20,440.88,210.69,182,,,,,
SET204,5,0.08,550,0.32,679.06,539.67,229.25,176,,,,,
SET209,5,0.27,"1,354",0.13,367.59,465.99,220.58,176,,,,,
SET210,5,0.00,"2,600",0.09,792.22,575.00,305.18,234,,,,,
SET217,5,0.25,"9,150",0.02,616.42,613.84,234.84,183,,,,,
SET218,5,0.28,"7,900",0.02,667.83,699.00,284.76,158,,,,,
SET219,5,0.02,"1,454",0.13,484.55,441.33,233.38,189,,,,,
SET220,5,0.13,"9,450",0.02,"1,307.74","1,128.67",444.08,189,,,,,
SET221,5,0.30,440,0.40,673.50,714.00,287.11,176,,,,,
SET223,5,0.23,"2,471",0.07,574.40,648.00,299.24,173,,,,,
SET224,5,0.13,961,0.18,"1,526.16","1,268.14",570.01,173,,,,,
SET226,5,0.14,"18,000",0.01,733.49,799.00,323.92,180,,,,,
SET227,5,0.08,"1,791",0.11,537.78,530.21,255.65,197,,,,,
SET228,5,0.18,"3,500",0.05,662.98,653.00,353.07,175,,,,,
SET229,5,0.22,"3,343",0.07,738.70,756.71,373.07,234,,,,,
SET230,5,0.15,"1,827",0.11,866.46,799.00,330.40,201,,,,,
SET232,5,0.08,"2,700",0.07,0.00,0.00,0.00,189,,,,,
SET233,5,0.17,"4,375",0.04,626.02,544.14,268.42,175,,,,,
SET236,5,0.05,"2,073",0.11,737.99,729.00,351.60,228,,,,,
SET238,5,0.15,"2,188",0.08,436.67,467.00,188.00,175,,,,,
SET239,5,0.16,"3,000",0.05,579.52,654.00,299.95,150,,,,,
SET240,5,0.29,"7,650",0.02,513.20,579.00,227.91,153,,,,,
SET243,5,0.24,"1,585",0.13,542.60,518.74,197.30,206,,,,,
SET244,5,0.14,"1,086",0.21,881.66,799.00,392.32,228,,,,,
SET245,5,0.09,"2,188",0.08,"1,216.30",999.00,424.20,175,,,,,
SET246,5,0.09,"1,162",0.13,436.68,455.00,215.27,151,,,,,
SET247,5,0.13,"1,373",0.15,758.10,702.89,359.75,206,,,,,
SET248,5,0.15,756,0.25,629.88,612.00,289.53,189,,,,,
SET249,5,0.22,"1,193",0.14,649.55,680.00,357.72,167,,,,,
SET250,5,0.17,"6,300",0.03,599.32,671.52,349.20,189,,,,,
SET251,5,0.19,427,0.37,792.80,759.00,353.15,158,,,,,
SET252,5,0.06,"2,938",0.08,874.79,759.00,363.40,235,,,,,
SET253,5,0.14,"2,786",0.07,835.25,737.00,290.73,195,,,,,
SET254,5,0.24,"1,194",0.18,821.40,886.00,432.72,215,,,,,
SET257,5,0.18,"3,820",0.05,498.03,551.00,248.67,191,,,,,
SET258,5,0.27,"2,867",0.06,821.21,881.00,389.86,172,,,,,
SET263,5,0.14,"2,586",0.07,702.80,736.00,316.17,181,,,,,
SET264,5,0.07,"5,833",0.03,"1,038.62",824.00,428.26,175,,,,,
SET265,5,0.28,"17,500",0.01,774.08,850.17,328.69,175,,,,,
SET266,5,0.08,841,0.27,749.25,737.00,386.72,227,,,,,
SET267,5,0.26,551,0.35,880.18,857.67,411.26,193,,,,,
SET268,5,0.17,"8,000",0.02,791.99,774.88,414.94,160,,,,,
SET269,5,0.15,"1,844",0.09,740.37,809.87,308.18,166,,,,,
SET270,5,0.22,700,0.24,562.39,568.00,263.91,168,,,,,
SET271,5,0.16,"1,508",0.12,835.63,873.69,392.10,181,,,,,
SET273,5,0.05,"11,200",0.02,774.01,612.00,258.57,224,,,,,
SET275,5,0.00,"10,350",0.02,880.58,659.00,261.84,207,,,,,
SET276,5,0.01,"6,700",0.03,"1,706.84","1,238.00",637.73,201,,,,,
SET277,5,0.05,"4,540",0.05,"1,497.59","1,286.18",665.71,227,,,,,
SET278,5,0.04,"1,320",0.15,"1,673.32","1,441.44",783.84,198,,,,,
SET279,5,0.01,"2,162",0.08,"1,118.17",859.75,403.86,173,,,,,
SET280,5,0.22,569,0.29,590.60,690.63,313.53,165,,,,,
SET281,5,0.02,108,1.60,590.56,485.42,261.56,173,,,,,
SET282,5,0.17,850,0.24,"1,028.17",998.05,417.34,204,,,,,
SET285,5,0.08,"7,467",0.03,496.41,499.00,236.00,224,,,,,
SET286,5,0.22,"1,120",0.20,613.99,658.00,303.24,224,,,,,
SET287,5,0.23,"6,033",0.03,681.23,656.00,311.65,181,,,,,
SET288,5,0.07,"5,067",0.03,818.47,652.08,314.22,152,,,,,
SET289,5,0.14,334,0.50,621.29,666.00,302.94,167,,,,,
SET290,5,0.06,780,0.25,742.72,730.41,382.45,195,,,,,
SET291,5,0.22,726,0.23,502.67,564.34,292.93,167,,,,,
SET293,5,0.11,862,0.21,805.59,667.44,269.31,181,,,,,
SET295,5,0.18,"3,480",0.05,679.78,757.00,294.59,174,,,,,
SET299,5,0.19,"3,460",0.05,937.56,889.00,362.45,173,,,,,
SET300,5,0.07,"2,471",0.07,"1,008.42",999.00,503.47,173,,,,,
SET302,5,0.21,"3,160",0.05,940.69,939.00,393.98,158,,,,,
SET303,5,0.11,403,0.58,928.33,888.00,391.18,234,,,,,
SET304,5,0.01,378,0.50,"1,414.17","1,077.17",517.60,189,,,,,
SET305,5,0.08,"3,140",0.00,977.73,939.00,512.40,157,,,,,
SET306,5,0.12,"20,000",0.01,780.13,696.00,364.32,200,,,,,
SET307,5,0.03,568,0.28,795.67,724.32,310.21,159,,,,,
SET308,5,0.28,960,0.20,651.35,696.00,304.84,192,,,,,
SET310,5,0.12,"1,820",0.10,"1,390.48","1,165.44",635.63,182,,,,,
SET311,5,0.05,"15,900",0.01,987.16,949.50,457.35,159,,,,,
SET313,5,0.17,919,0.21,"1,234.45","1,099.00",562.98,193,,,,,
SET315,5,0.17,"2,280",0.10,889.43,852.00,435.13,228,,,,,
SET316,5,0.14,687,0.23,"1,085.04","1,152.75",502.34,158,,,,,
SET317,5,0.13,55,3.00,"1,171.50","1,122.47",613.59,165,,,,,
SET318,5,0.11,"3,480",0.00,"1,010.21","1,026.00",546.14,174,,,,,
SET319,5,0.24,"17,400",0.01,800.57,813.35,336.74,174,,,,,
SET320,5,0.20,"3,214",0.07,901.98,857.00,445.34,225,,,,,
SET321,5,0.10,"11,250",0.02,918.65,939.00,412.25,225,,,,,
SET322,5,0.20,"2,971",0.07,"1,055.35","1,075.00",547.72,208,,,,,
SET323,5,0.25,"4,950",0.04,964.34,963.05,513.40,198,,,,,
SET324,5,0.09,"1,177",0.13,742.09,591.93,301.09,153,,,,,
SET325,5,0.01,"2,378",0.09,810.81,666.00,284.52,214,,,,,
SET327,5,0.28,"2,471",0.07,853.12,857.00,350.40,173,,,,,
SET328,5,0.26,833,0.24,461.48,503.94,243.14,200,,,,,
SET329,5,0.28,"1,500",0.11,569.65,666.00,290.66,165,,,,,
SET330,5,0.19,"5,350",0.04,668.76,613.00,315.79,214,,,,,
SET331,5,0.07,"1,294",0.16,682.52,600.30,300.25,207,,,,,
SET332,5,0.24,"2,750",0.06,507.02,549.00,218.29,165,,,,,
SET333,5,0.25,"3,340",0.00,852.16,930.09,509.49,167,,,,,
SET334,5,0.19,"1,105",0.21,726.32,666.00,356.62,232,,,,,
SET337,5,0.08,638,0.32,"1,078.42",874.00,476.76,204,,,,,
SET339,5,0.03,"15,700",0.01,735.70,636.70,330.54,157,,,,,
SET341,5,0.10,"1,930",0.10,943.94,899.00,430.04,193,,,,,
SET342,5,0.07,"2,586",0.07,908.79,799.56,318.42,181,,,,,
SET343,5,0.08,556,0.32,930.79,809.08,332.56,178,,,,,
SET344,5,0.04,"1,810",0.10,"1,027.41",944.24,464.46,181,,,,,
SET345,5,0.19,"2,256",0.09,663.96,617.30,312.29,203,,,,,
SET346,5,0.02,"2,257",0.07,"1,089.43",911.00,442.25,158,,,,,
SET347,5,0.13,"3,140",0.05,836.49,823.95,370.49,157,,,,,
SET348,5,0.11,"6,867",0.03,894.81,924.61,466.40,206,,,,,
SET349,5,0.07,"1,031",0.16,"1,001.21",949.69,421.56,165,,,,,
SET350,5,0.19,"1,323",0.13,"1,332.97","1,190.56",571.94,172,,,,,
SET351,5,0.28,"10,350",0.02,498.90,599.00,273.24,207,,,,,
SET352,5,0.22,"6,067",0.03,431.68,499.00,272.57,182,,,,,
SET353,5,0.09,"1,509",0.11,978.78,888.00,422.56,166,,,,,
SET355,5,0.27,"1,229",0.14,"1,146.83","1,357.26",678.55,172,,,,,
SET356,5,0.12,"1,844",0.09,971.33,"1,039.04",403.94,166,,,,,
SET357,5,0.04,"2,675",0.08,"1,029.71",922.20,400.58,214,,,,,
SET358,5,0.06,81,2.43,"1,265.77","1,085.56",456.14,198,,,,,
SET359,5,0.23,780,0.25,"1,051.95","1,099.00",578.27,195,,,,,
SET360,5,0.24,"1,121",0.14,985.35,"1,103.61",444.05,157,,,,,
SET361,5,0.25,"3,340",0.00,994.05,"1,098.50",513.15,167,,,,,
SET363,5,0.13,"1,833",0.09,"1,504.38","1,245.86",495.76,165,,,,,
SET364,5,0.05,"8,600",0.02,"1,249.64","1,112.80",460.73,172,,,,,
SET365,5,0.18,"1,645",0.11,930.98,995.58,475.60,181,,,,,
SET366,5,0.17,310,0.61,"1,110.92","1,179.04",643.97,189,,,,,
SET369,5,0.05,434,0.35,"1,334.81","1,161.00",585.52,152,,,,,
SET372,5,0.15,"3,283",0.06,763.91,683.00,320.71,197,,,,,
SET374,5,0.25,"1,950",0.12,500.12,594.27,262.85,234,,,,,
SET375,5,0.04,"1,242",0.12,841.89,675.50,341.91,149,,,,,
SET376,5,0.22,"19,700",0.01,520.16,630.67,331.93,197,,,,,
SET377,5,0.18,"15,600",0.01,"1,149.45","1,171.43",478.02,156,,,,,
SET378,5,0.00,"2,457",0.07,"1,613.62","1,221.00",467.22,172,,,,,
SET380,5,0.07,"2,900",0.06,"1,054.47",970.29,446.95,174,,,,,
SET383,5,0.04,177,1.12,749.18,625.67,325.86,198,,,,,
SET384,5,0.04,610,0.30,679.51,631.00,317.84,183,,,,,
SET385,5,0.17,914,0.21,684.30,629.50,344.26,192,,,,,
SET386,5,0.22,862,0.21,521.16,625.43,246.78,181,,,,,
SET388,5,0.12,"9,650",0.02,"1,512.14","1,274.37",675.39,193,,,,,
SET389,5,0.14,"23,700",0.01,652.89,678.21,306.55,237,,,,,
SET390,5,0.08,928,0.18,"1,246.31",999.00,502.91,167,,,,,
SET392,5,0.10,"2,467",0.09,793.09,751.00,342.30,222,,,,,
SET393,5,0.09,568,0.28,"1,175.00",991.00,435.31,159,,,,,
SET394,5,0.21,"3,500",0.05,987.84,"1,076.35",440.17,175,,,,,
SET395,5,0.14,455,0.42,"1,251.63","1,064.60",548.17,191,,,,,
SET396,5,0.05,587,0.31,"1,121.41","1,078.69",591.26,182,,,,,
SET397,5,0.16,"2,429",0.07,"1,040.10","1,113.02",586.26,170,,,,,
SET398,5,0.16,"3,620",0.05,"1,171.19","1,140.45",452.76,181,,,,,
SET400,5,0.19,"4,260",0.00,969.84,"1,110.00",445.60,213,,,,,
SET401,5,0.17,"4,150",0.04,676.21,728.33,322.89,166,,,,,
SET402,5,0.23,302,0.55,"1,195.04","1,124.38",504.22,166,,,,,
SET404,5,0.28,"2,200",0.09,"1,467.04","1,464.00",651.24,198,,,,,
SET405,5,0.09,"1,950",0.10,876.40,815.00,356.11,195,,,,,
SET408,5,0.30,"1,700",0.10,566.62,589.49,306.65,170,,,,,
SET409,5,0.22,"3,250",0.06,746.13,771.00,309.54,195,,,,,
SET413,5,0.25,"3,240",0.00,731.28,852.00,336.16,162,,,,,
SET414,5,0.16,"4,450",0.04,"1,577.24","1,449.00",558.45,178,,,,,
SET433,5,0.02,"1,200",0.16,782.62,623.60,238.66,192,,,,,
SET436,5,0.15,"1,371",0.14,"2,194.33","1,849.00",958.63,192,,,,,
AN213,6,0.00,"1,409",0.11,343.97,301.00,162.58,155,,,,,
BL006,6,0.16,491,0.45,418.88,388.00,173.75,221,,,,,
BL009,6,0.30,"2,429",0.07,257.22,344.00,188.00,170,,,,,
BL010,6,0.01,553,0.34,371.13,344.00,138.40,188,,,,,
BL013,6,0.28,"1,745",0.11,285.38,377.00,180.51,192,,,,,
BL016,6,0.17,"1,836",0.11,447.31,385.00,160.92,202,,,,,
BL021,6,0.09,"2,925",0.08,607.45,501.60,231.63,234,,,,,
BL035,6,0.25,"1,128",0.18,374.74,377.00,193.74,203,,,,,
BL041,6,0.04,757,0.23,457.56,388.00,206.11,174,,,,,
BL057,6,0.09,"1,911",0.09,407.82,388.00,201.30,172,,,,,
BL096,6,0.25,"1,041",0.17,248.99,301.00,161.31,177,,,,,
BL098,6,0.25,947,0.19,259.53,301.00,115.01,180,,,,,
BL100,6,0.15,"2,011",0.09,302.31,301.00,134.69,181,,,,,
BL103,6,0.26,"1,308",0.13,485.47,499.00,249.75,170,,,,,
BL104,6,0.13,"8,250",0.02,570.17,529.00,235.93,165,,,,,
BL109,6,0.10,"5,150",0.04,487.13,502.50,251.42,206,,,,,
BL110,6,0.17,"3,760",0.05,291.95,333.00,162.41,188,,,,,
BL113,6,0.18,"2,157",0.07,438.95,493.00,205.34,151,,,,,
BTM038,6,0.13,819,0.27,393.59,379.00,204.26,221,,,,,
BTM039,6,0.15,"1,318",0.17,417.23,356.57,138.60,224,,,,,
BTM040,6,0.03,"4,680",0.05,439.62,356.00,137.36,234,,,,,
BTM041,6,0.26,34,4.80,325.93,331.00,136.56,163,,,,,
BTM042,6,0.11,"1,436",0.11,342.29,317.00,157.93,158,,,,,
BTM045,6,0.19,131,1.32,315.45,331.00,165.81,173,,,,,
BTM047,6,0.05,"2,314",0.07,171.05,165.50,78.64,162,,,,,
J0001,6,0.15,"1,936",0.11,751.48,651.71,303.58,213,,,,,
J0002,6,0.15,"4,300",0.04,"1,279.65","1,136.97",618.69,172,,,,,
J0003,6,0.20,"2,300",0.07,582.05,656.14,259.45,161,,,,,
J0004,6,0.12,750,0.24,"1,250.59","1,156.05",584.97,180,,,,,
J0005,6,0.00,"16,200",0.01,"1,055.86",865.05,378.35,162,,,,,
J0006,6,0.13,434,0.38,930.59,843.05,419.00,165,,,,,
J0007,6,0.09,"1,473",0.11,"1,354.90","1,078.00",497.59,162,,,,,
J0008,6,0.27,"1,438",0.13,966.07,"1,056.24",482.77,187,,,,,
J0009,6,0.07,"2,717",0.06,917.78,796.45,413.02,163,,,,,
J0010,6,0.29,421,0.42,741.00,977.57,376.53,177,,,,,
J0011,6,0.29,"1,507",0.14,"1,265.38","1,662.49",695.30,211,,,,,
J0012,6,0.16,987,0.15,984.22,"1,050.30",409.92,148,,,,,
J0013,6,0.23,262,0.68,834.90,"1,021.60",406.47,178,,,,,
J0014,6,0.00,"1,400",0.15,"2,097.59","1,601.00",717.82,210,,,,,
J0016,6,0.26,"3,271",0.07,383.81,398.00,180.58,229,,,,,
J0020,6,0.02,"2,700",0.06,584.63,543.50,213.75,162,,,,,
J0023,6,0.07,520,0.45,474.48,380.00,203.28,234,,,,,
J0024,6,0.26,"1,733",0.09,262.29,321.00,122.46,156,,,,,
J0025,6,0.08,147,1.36,799.71,752.33,388.72,200,,,,,
J0027,6,0.29,"2,557",0.07,489.27,606.00,328.64,179,,,,,
J0029,6,0.07,"3,333",0.06,378.70,345.00,166.95,200,,,,,
J0034,6,0.08,780,0.25,751.42,717.00,293.34,195,,,,,
J0041,6,0.07,"3,300",0.06,705.28,621.04,311.91,198,,,,,
J0042,6,0.25,"3,733",0.06,567.08,634.00,290.21,224,,,,,
J0043,6,0.14,"1,700",0.11,722.37,602.00,234.62,187,,,,,
J0048,6,0.18,"3,520",0.05,285.04,325.00,174.63,176,,,,,
J0049,6,0.25,"2,127",0.11,256.52,311.00,118.87,234,,,,,
J0051,6,0.02,"3,380",0.00,640.84,612.00,335.94,169,,,,,
J0057,6,0.22,"1,362",0.13,470.18,475.00,243.89,177,,,,,
J0073,6,0.26,648,0.29,259.49,328.00,134.93,188,,,,,
J0077,6,0.11,840,0.25,"1,303.50","1,090.75",456.90,210,,,,,
J0078,6,0.17,"3,833",0.06,966.15,947.00,508.93,230,,,,,
J0080,6,0.20,"1,419",0.16,540.20,547.00,267.52,227,,,,,
J0081,6,0.17,"1,194",0.17,670.45,648.00,343.64,203,,,,,
J0083,6,0.03,729,0.21,603.64,560.75,261.10,153,,,,,
J0084,6,0.04,"1,286",0.14,601.68,560.00,251.18,180,,,,,
J0085,6,0.24,"1,027",0.15,305.45,346.00,139.53,154,,,,,
J0088,6,0.27,"8,950",0.02,366.34,399.00,197.01,179,,,,,
J0090,6,0.23,"5,633",0.03,416.34,481.25,239.25,169,,,,,
J0091,6,0.25,"2,200",0.07,242.55,296.50,146.68,154,,,,,
J0092,6,0.11,"4,800",0.04,920.35,744.20,317.00,192,,,,,
J0093,6,0.26,414,0.36,468.83,599.00,264.53,149,,,,,
J0094,6,0.25,674,0.23,481.54,482.40,192.56,155,,,,,
J0095,6,0.23,"2,667",0.06,642.16,629.03,295.47,160,,,,,
J0096,6,0.04,848,0.21,611.37,551.85,292.30,178,,,,,
J0097,6,0.26,627,0.26,448.86,552.70,236.97,163,,,,,
J0098,6,0.10,"1,527",0.15,389.41,393.00,165.32,229,,,,,
J0101,6,0.23,571,0.28,839.02,842.00,382.76,160,,,,,
J0102,6,0.12,"10,500",0.02,"1,277.57","1,138.67",605.63,210,,,,,
J0103,6,0.24,"1,064",0.14,"1,326.19","1,318.00",552.16,149,,,,,
J0104,6,0.21,578,0.27,510.61,469.00,218.58,156,,,,,
J0105,6,0.17,"3,157",0.07,"1,071.43",999.00,460.67,221,,,,,
J0106,6,0.07,"2,088",0.08,847.32,824.86,393.72,167,,,,,
J0108,6,0.15,200,0.92,"1,080.86","1,120.15",611.24,184,,,,,
J0109,6,0.11,240,0.77,"1,554.70","1,299.00",690.62,185,,,,,
J0111,6,0.21,"5,275",0.04,372.80,420.11,228.82,211,,,,,
J0112,6,0.06,"2,725",0.08,352.79,349.00,154.19,218,,,,,
J0113,6,0.14,"2,211",0.09,614.35,551.14,273.68,199,,,,,
J0114,6,0.20,921,0.19,302.33,317.33,135.25,175,,,,,
J0117,6,0.28,"6,300",0.03,516.84,523.19,242.52,189,,,,,
J0118,6,0.01,"16,100",0.01,644.94,509.91,201.78,161,,,,,
J0119,6,0.01,"2,544",0.09,586.73,547.92,278.14,229,,,,,
J0122,6,0.14,"2,900",0.05,384.22,323.33,136.30,145,,,,,
J0124,6,0.19,"3,183",0.06,517.28,559.95,300.64,191,,,,,
J0126,6,0.23,"1,475",0.12,693.87,771.50,386.32,177,,,,,
J0127,6,0.06,726,0.23,"1,264.10","1,129.32",590.17,167,,,,,
J0129,6,0.22,217,0.71,607.25,729.00,285.73,154,,,,,
J0130,6,0.15,"1,090",0.20,758.32,729.00,300.80,218,,,,,
J0131,6,0.24,530,0.30,306.57,369.00,163.22,159,,,,,
J0132,6,0.04,"1,660",0.10,394.24,345.00,138.64,166,,,,,
J0134,6,0.25,"1,933",0.09,636.11,723.22,374.83,174,,,,,
J0135,6,0.00,"2,171",0.07,780.41,591.00,235.37,152,,,,,
J0136,6,0.11,224,0.79,672.90,568.00,260.32,177,,,,,
J0137,6,0.10,"3,320",0.00,722.15,727.00,300.06,166,,,,,
J0139,6,0.05,"1,156",0.16,437.96,391.25,194.04,185,,,,,
J0142,6,0.25,"1,660",0.10,344.42,388.95,185.68,166,,,,,
J0143,6,0.14,"10,400",0.02,611.83,645.00,265.05,208,,,,,
J0144,6,0.14,"8,000",0.02,561.79,491.36,233.93,160,,,,,
J0145,6,0.07,"5,567",0.03,576.80,478.00,192.96,167,,,,,
J0147,6,0.08,"1,620",0.10,598.92,583.00,319.96,162,,,,,
J0148,6,0.15,"3,467",0.06,590.94,590.00,273.27,208,,,,,
J0150,6,0.21,627,0.30,341.48,397.64,203.69,188,,,,,
J0151,6,0.25,102,1.67,454.30,477.00,252.63,170,,,,,
J0152,6,0.20,516,0.37,779.30,891.67,439.24,191,,,,,
J0153,6,0.01,"7,250",0.02,597.54,432.65,168.60,145,,,,,
J0154,6,0.10,"1,035",0.17,440.24,369.67,183.01,176,,,,,
J0155,6,0.03,"2,933",0.06,847.13,736.00,339.89,176,,,,,
J0157,6,0.17,"8,850",0.02,694.56,668.13,287.62,177,,,,,
J0158,6,0.07,656,0.27,"1,028.49",807.84,394.37,177,,,,,
J0159,6,0.19,"1,200",0.16,574.83,570.50,219.53,192,,,,,
J0161,6,0.12,"1,440",0.15,455.63,466.00,236.35,216,,,,,
J0162,6,0.11,"4,025",0.04,"1,261.91","1,199.00",558.10,161,,,,,
J0164,6,0.04,"2,880",0.05,473.70,366.84,184.00,144,,,,,
J0165,6,0.00,"3,360",0.00,430.69,337.67,183.60,168,,,,,
J0166,6,0.27,"1,011",0.18,198.68,213.00,95.08,182,,,,,
J0167,6,0.21,"7,567",0.03,330.38,309.00,143.54,227,,,,,
J0168,6,0.17,"2,544",0.09,501.12,443.00,225.09,229,,,,,
J0172,6,0.18,"2,920",0.05,582.74,518.00,260.36,146,,,,,
J0175,6,0.25,"2,288",0.08,375.33,462.00,199.54,183,,,,,
J0176,6,0.13,"2,800",0.08,412.10,381.86,194.47,224,,,,,
J0179,6,0.21,"1,991",0.11,711.15,687.60,320.97,219,,,,,
J0181,6,0.10,"2,371",0.07,464.85,392.80,150.22,166,,,,,
J0184,6,0.23,"1,760",0.10,393.66,405.00,176.47,176,,,,,
J0185,6,0.03,364,0.55,823.55,766.00,385.86,200,,,,,
J0186,6,0.13,"2,417",0.06,490.28,424.00,190.66,145,,,,,
J0189,6,0.24,650,0.26,308.74,312.00,159.00,169,,,,,
J0190,6,0.07,"1,335",0.17,334.53,333.02,141.93,227,,,,,
J0192,6,0.10,996,0.23,328.42,301.00,146.73,229,,,,,
J0194,6,0.15,"5,867",0.03,630.76,668.00,326.41,176,,,,,
J0196,6,0.16,"5,400",0.04,434.43,442.75,195.92,216,,,,,
J0197,6,0.23,982,0.17,493.31,606.50,268.25,167,,,,,
J0198,6,0.11,"1,333",0.12,637.51,601.88,276.21,160,,,,,
J0199,6,0.22,"15,300",0.01,380.67,392.80,210.01,153,,,,,
J0201,6,0.05,"3,775",0.04,738.80,613.87,250.46,151,,,,,
J0202,6,0.16,416,0.38,562.23,522.00,258.63,158,,,,,
J0204,6,0.24,"5,467",0.03,764.32,749.00,406.76,164,,,,,
J0205,6,0.09,"4,350",0.04,392.24,383.00,172.18,174,,,,,
J0207,6,0.17,"2,471",0.07,790.24,871.75,379.05,173,,,,,
J0208,6,0.07,"8,350",0.02,758.47,605.00,331.04,167,,,,,
J0209,6,0.08,708,0.26,892.40,877.98,406.45,184,,,,,
J0210,6,0.23,"18,500",0.01,882.70,824.03,421.49,185,,,,,
J0211,6,0.18,164,1.07,832.62,755.00,332.44,176,,,,,
J0212,6,0.19,"1,108",0.13,775.74,781.60,406.71,144,,,,,
J0213,6,0.28,256,0.62,585.19,583.25,252.28,159,,,,,
J0215,6,0.12,"2,100",0.09,519.93,545.00,212.96,189,,,,,
J0216,6,0.28,832,0.22,459.57,552.12,290.76,183,,,,,
J0217,6,0.01,"3,660",0.05,764.53,606.46,298.39,183,,,,,
J0219,6,0.01,"2,043",0.07,673.73,580.41,308.03,143,,,,,
J0220,6,0.02,"1,890",0.10,834.12,619.05,243.16,189,,,,,
J0224,6,0.24,"5,267",0.03,"1,078.85","1,323.00",521.34,158,,,,,
J0225,6,0.21,"3,400",0.00,"1,247.38","1,271.00",602.70,170,,,,,
J0226,6,0.26,"8,500",0.02,"1,394.12","1,499.00",600.88,170,,,,,
J0228,6,0.18,882,0.17,"1,744.43","1,664.00",842.23,150,,,,,
J0230,6,0.17,"10,650",0.02,"1,208.29","1,277.57",525.18,213,,,,,
J0231,6,0.04,"1,589",0.09,"1,357.72","1,201.00",547.19,143,,,,,
J0232,6,0.12,"2,050",0.08,"1,478.63","1,249.00",574.49,164,,,,,
J0233,6,0.04,"2,125",0.08,"1,338.66","1,247.00",634.58,170,,,,,
J0234,6,0.17,"1,500",0.11,"1,281.49","1,152.72",615.75,165,,,,,
J0235,6,0.14,760,0.20,"1,167.80","1,089.00",432.85,152,,,,,
J0236,6,0.17,"8,650",0.02,966.82,884.62,351.13,173,,,,,
J0237,6,0.15,299,0.71,"1,431.44","1,295.66",573.16,212,,,,,
J0238,6,0.28,720,0.20,"1,973.85","2,442.00","1,202.36",144,,,,,
J0239,6,0.05,"5,575",0.04,"1,660.10","1,399.00",686.40,223,,,,,
J0240,6,0.10,"2,089",0.09,"2,009.03","1,649.00",703.44,188,,,,,
J0241,6,0.21,"1,889",0.09,"1,269.74","1,338.00",531.84,170,,,,,
J0243,6,0.28,"5,375",0.04,978.59,979.00,408.66,215,,,,,
J0244,6,0.04,331,0.64,"1,255.51","1,082.39",477.17,212,,,,,
J0245,6,0.29,"1,514",0.14,975.45,"1,249.00",669.08,212,,,,,
J0247,6,0.15,184,0.90,775.76,769.33,401.99,166,,,,,
J0248,6,0.06,"1,325",0.12,"1,094.69",842.00,334.48,159,,,,,
J0249,6,0.00,"3,550",0.06,"1,025.96",883.00,394.62,213,,,,,
J0250,6,0.11,"1,200",0.13,865.99,718.71,367.11,156,,,,,
J0251,6,0.08,"1,000",0.15,896.91,717.67,378.02,150,,,,,
J0252,6,0.10,"2,056",0.09,948.72,899.00,493.04,185,,,,,
J0254,6,0.23,776,0.21,614.06,739.00,393.70,163,,,,,
J0277,6,0.24,"5,467",0.03,"1,326.31","1,338.72",585.29,164,,,,,
J0278,6,0.15,"20,500",0.01,727.06,738.00,405.26,205,,,,,
J0279,6,0.03,"2,050",0.10,"1,226.51",955.00,400.09,205,,,,,
J0280,6,0.30,"1,667",0.09,"1,286.90","1,525.75",797.45,150,,,,,
J0281,6,0.04,578,0.27,"1,445.25","1,234.15",563.66,156,,,,,
J0282,6,0.27,"1,206",0.17,964.29,999.00,431.95,205,,,,,
J0283,6,0.16,"3,480",0.00,"1,007.82","1,013.48",445.09,174,,,,,
J0285,6,0.05,829,0.21,"1,615.71","1,411.29",605.35,174,,,,,
J0290,6,0.13,874,0.23,548.98,534.00,272.16,201,,,,,
J0292,6,0.20,"8,650",0.02,329.06,349.00,172.64,173,,,,,
J0294,6,0.27,"3,700",0.05,329.72,366.00,160.88,185,,,,,
J0295,6,0.30,"3,583",0.06,792.62,849.39,344.54,215,,,,,
J0297,6,0.13,900,0.18,567.31,554.20,242.85,162,,,,,
J0300,6,0.11,"4,260",0.00,323.85,295.00,143.81,213,,,,,
J0301,6,0.18,"5,400",0.03,522.96,496.41,250.64,162,,,,,
J0302,6,0.22,"3,140",0.00,481.09,539.00,274.09,157,,,,,
J0306,6,0.01,"1,475",0.12,880.94,775.71,309.00,177,,,,,
J0308,6,0.25,"1,811",0.09,661.70,640.86,283.71,163,,,,,
J0310,6,0.18,"2,012",0.08,345.18,323.00,134.01,161,,,,,
J0328,6,0.21,"1,675",0.12,873.37,883.00,399.05,201,,,,,
J0329,6,0.06,"4,050",0.04,979.64,816.30,380.62,162,,,,,
J0331,6,0.21,412,0.41,661.98,790.33,337.62,169,,,,,
J0332,6,0.01,"3,760",0.05,827.81,660.31,331.65,188,,,,,
J0333,6,0.24,"3,220",0.05,826.17,885.00,483.09,161,,,,,
J0334,6,0.05,"2,162",0.08,686.26,582.09,256.28,173,,,,,
J0335,6,0.09,"2,612",0.08,995.95,930.81,483.92,209,,,,,
J0336,6,0.15,"5,400",0.03,593.80,647.73,252.69,162,,,,,
J0337,6,0.20,"1,700",0.10,478.46,535.11,207.53,170,,,,,
J0338,6,0.12,"2,275",0.08,967.48,795.08,313.64,182,,,,,
J0339,6,0.19,"1,192",0.13,752.36,778.54,379.21,155,,,,,
J0340,6,0.21,"2,762",0.08,615.64,642.27,351.56,221,,,,,
J0341,6,0.26,933,0.15,656.95,830.89,325.86,140,,,,,
J0342,6,0.09,"2,314",0.07,620.79,641.67,306.21,162,,,,,
J0343,6,0.27,"7,300",0.03,796.21,838.34,323.32,219,,,,,
J0344,6,0.20,233,0.60,555.21,560.45,216.44,140,,,,,
J0345,6,0.20,"3,217",0.06,465.13,473.45,191.74,193,,,,,
J0346,6,0.13,"2,033",0.09,471.55,477.50,238.72,183,,,,,
J0348,6,0.04,628,0.32,422.05,335.43,135.95,201,,,,,
J0349,6,0.23,"1,812",0.08,734.51,860.24,426.79,145,,,,,
J0350,6,0.22,"1,778",0.09,434.56,499.00,260.07,160,,,,,
J0351,6,0.16,"9,200",0.02,815.99,802.00,365.19,184,,,,,
J0352,6,0.06,"5,400",0.03,723.31,669.00,261.48,162,,,,,
J0353,6,0.11,449,0.41,620.20,613.10,264.66,184,,,,,
J0354,6,0.28,"3,533",0.06,564.27,614.27,278.32,212,,,,,
J0355,6,0.17,"2,533",0.06,650.76,613.57,327.33,152,,,,,
J0369,6,0.25,"1,246",0.13,"1,203.72","1,199.00",534.09,162,,,,,
J0370,6,0.29,"5,900",0.03,794.95,936.00,357.26,177,,,,,
J0372,6,0.08,"8,450",0.02,"1,065.73","1,077.00",497.45,169,,,,,
J0373,6,0.01,"1,780",0.10,645.81,569.33,228.22,178,,,,,
J0374,6,0.03,"3,533",0.06,829.64,614.00,249.52,212,,,,,
J0375,6,0.04,"1,382",0.11,"1,207.13",999.00,423.65,152,,,,,
J0376,6,0.20,"5,167",0.03,"1,086.62","1,046.11",451.40,155,,,,,
J0377,6,0.18,"1,767",0.09,"1,039.47","1,204.33",518.56,159,,,,,
J0378,6,0.20,"1,362",0.13,"1,128.92","1,146.00",560.26,177,,,,,
J0379,6,0.29,"1,040",0.15,"1,007.91","1,335.29",667.76,156,,,,,
J0380,6,0.06,"2,300",0.07,"1,215.96","1,035.50",427.05,161,,,,,
J0381,6,0.05,"5,267",0.03,"1,128.97",866.00,357.04,158,,,,,
J0382,6,0.18,"2,190",0.10,"1,501.12","1,318.00",530.62,219,,,,,
J0385,6,0.23,"2,820",0.05,813.60,852.67,379.54,141,,,,,
J0386,6,0.09,"1,536",0.11,"1,041.86",945.91,451.72,169,,,,,
J0388,6,0.08,"3,480",0.05,876.50,690.00,290.23,174,,,,,
J0389,6,0.19,"2,467",0.06,678.69,651.67,249.72,148,,,,,
J0390,6,0.26,"3,080",0.05,488.79,615.75,273.11,154,,,,,
J0391,6,0.23,"4,300",0.00,628.06,672.43,354.83,215,,,,,
J0392,6,0.04,"4,633",0.03,680.45,625.00,340.29,139,,,,,
J0395,6,0.13,"1,938",0.08,889.27,841.67,332.25,155,,,,,
J0396,6,0.25,662,0.24,743.79,820.00,379.72,159,,,,,
J0397,6,0.14,708,0.24,"1,055.58",979.00,454.98,170,,,,,
J0398,6,0.18,"1,013",0.15,801.54,832.00,344.69,152,,,,,
J0399,6,0.03,"3,500",0.06,778.45,724.63,318.48,210,,,,,
J0400,6,0.20,"2,288",0.08,808.71,824.33,355.01,183,,,,,
J0401,6,0.20,"3,775",0.04,911.48,849.90,352.47,151,,,,,
J0402,6,0.04,158,1.10,835.51,678.67,351.91,174,,,,,
J0413,6,0.12,"9,000",0.02,758.14,737.33,377.90,180,,,,,
J0414,6,0.22,"2,650",0.06,950.84,885.00,352.85,159,,,,,
J0415,6,0.15,"7,200",0.03,"1,011.22",868.84,427.94,216,,,,,
J0416,6,0.18,"2,075",0.08,731.69,794.38,386.19,166,,,,,
J0418,6,0.25,"1,464",0.11,577.07,723.29,284.58,161,,,,,
J0419,6,0.25,"1,360",0.15,753.76,767.50,339.69,204,,,,,
JNE09186,6,0.11,"3,133",0.06,"1,071.88",899.00,375.31,188,,,,,
JNE1000,6,0.04,"14,500",0.01,"1,297.21",973.00,492.18,145,,,,,
JNE1233,6,0.29,454,0.35,369.25,382.00,207.77,159,,,,,
JNE1234,6,0.15,"1,660",0.10,313.19,292.38,137.67,166,,,,,
JNE1408,6,0.02,"3,360",0.05,371.72,307.00,140.53,168,,,,,
JNE1525,6,0.15,"3,925",0.04,273.91,304.08,152.43,157,,,,,
JNE1906,6,0.23,"2,771",0.07,334.24,382.00,171.73,194,,,,,
JNE1977,6,0.05,"1,600",0.10,343.89,298.95,162.53,160,,,,,
JNE1998,6,0.13,"5,033",0.03,332.57,301.00,123.46,151,,,,,
JNE2009,6,0.16,"3,033",0.06,314.80,301.00,147.12,182,,,,,
JNE2014,6,0.24,"2,157",0.07,348.24,349.79,184.83,151,,,,,
JNE2032,6,0.18,"3,425",0.04,288.98,307.00,141.59,137,,,,,
JNE2086,6,0.21,"1,047",0.15,"1,089.29","1,105.08",567.25,157,,,,,
JNE2100,6,0.05,"1,373",0.11,392.24,382.00,169.65,151,,,,,
JNE2131,6,0.26,497,0.30,497.77,563.00,248.97,149,,,,,
JNE2153,6,0.04,"1,725",0.12,549.34,435.97,199.71,207,,,,,
JNE2170,6,0.11,"1,642",0.12,704.10,612.00,270.28,197,,,,,
JNE2171,6,0.24,"2,475",0.08,676.90,637.67,272.01,198,,,,,
JNE2199,6,0.01,"1,454",0.13,407.75,359.00,137.89,189,,,,,
JNE2205,6,0.29,581,0.31,283.68,326.33,150.84,180,,,,,
JNE2262,6,0.26,"2,500",0.06,277.68,322.00,133.57,150,,,,,
JNE2265,6,0.00,"1,167",0.15,390.16,324.00,163.28,175,,,,,
JNE2266,6,0.27,"1,119",0.16,341.51,346.55,164.74,179,,,,,
JNE2270,6,0.26,"5,800",0.03,504.78,529.00,283.89,174,,,,,
JNE2291,6,0.22,503,0.31,396.62,374.20,204.20,156,,,,,
JNE2294,6,0.21,"3,180",0.00,467.24,527.50,218.85,159,,,,,
JNE2305,6,0.06,"8,150",0.02,457.29,358.85,138.64,163,,,,,
JNE2309,6,0.07,814,0.22,594.58,597.00,265.77,179,,,,,
JNE2324,6,0.20,"17,400",0.01,687.04,631.00,261.61,174,,,,,
JNE3030,6,0.22,"2,643",0.07,668.90,736.00,300.20,185,,,,,
JNE3068,6,0.30,"1,193",0.15,565.20,696.00,362.30,179,,,,,
JNE3160,6,0.21,"2,356",0.09,692.71,713.33,373.36,212,,,,,
JNE3251,6,0.09,"1,491",0.11,400.38,319.00,149.34,164,,,,,
JNE3252,6,0.16,"14,800",0.01,429.21,479.00,243.07,148,,,,,
JNE3255,6,0.18,"1,656",0.09,468.54,487.00,222.38,149,,,,,
JNE3256,6,0.09,"15,900",0.01,569.71,463.81,198.75,159,,,,,
JNE3261,6,0.06,313,0.60,384.31,343.97,150.58,188,,,,,
JNE3265,6,0.24,"1,656",0.09,266.36,313.00,157.25,149,,,,,
JNE3270,6,0.13,"1,750",0.12,398.37,382.00,148.09,210,,,,,
JNE3273,6,0.22,"1,413",0.15,432.55,468.00,198.69,212,,,,,
JNE3279,6,0.05,"1,800",0.08,391.86,301.00,134.25,144,,,,,
JNE3284,6,0.22,209,0.97,332.75,324.00,171.74,203,,,,,
JNE3288,6,0.06,"8,950",0.02,491.26,426.00,203.91,179,,,,,
JNE3291,6,0.23,"1,215",0.13,474.47,441.42,224.19,158,,,,,
JNE3294,6,0.22,"2,733",0.06,424.76,449.00,219.78,164,,,,,
JNE3311,6,0.07,"4,450",0.04,740.87,744.25,313.45,178,,,,,
JNE3313,6,0.28,"14,800",0.01,478.46,582.00,318.68,148,,,,,
JNE3334,6,0.28,"1,345",0.11,271.64,313.71,170.09,148,,,,,
JNE3338,6,0.22,"1,100",0.13,259.41,301.00,159.14,143,,,,,
JNE3339,6,0.19,761,0.28,341.34,305.00,119.65,213,,,,,
JNE3359,6,0.09,"2,583",0.06,467.90,390.00,207.41,155,,,,,
JNE3362,6,0.09,669,0.29,376.82,362.00,156.91,194,,,,,
JNE3363,6,0.13,804,0.26,436.27,399.00,202.52,209,,,,,
JNE3364,6,0.17,67,2.62,423.82,392.04,158.61,176,,,,,
JNE3365,6,0.12,811,0.19,454.26,374.21,161.05,154,,,,,
JNE3366,6,0.11,"2,986",0.07,461.89,382.00,179.31,209,,,,,
JNE3368,6,0.15,"1,862",0.08,491.66,470.15,250.76,149,,,,,
JNE3369,6,0.12,"3,820",0.05,470.85,405.00,188.90,191,,,,,
JNE3371,6,0.11,"1,000",0.21,391.69,353.00,165.74,210,,,,,
JNE3373,6,0.06,"1,911",0.09,432.54,370.06,192.64,172,,,,,
JNE3375,6,0.23,"2,680",0.05,252.67,301.00,140.51,134,,,,,
JNE3376,6,0.16,278,0.64,382.71,416.40,198.31,178,,,,,
JNE3384,6,0.16,354,0.48,306.12,295.00,131.37,170,,,,,
JNE3386,6,0.01,"2,000",0.08,345.46,305.00,158.73,160,,,,,
JNE3389,6,0.04,791,0.22,458.81,452.00,199.80,174,,,,,
JNE3391,6,0.12,"15,500",0.01,495.35,432.00,234.27,155,,,,,
JNE3394,6,0.03,"2,200",0.08,430.34,418.00,214.18,176,,,,,
JNE3395,6,0.05,"1,167",0.12,386.12,323.00,155.89,140,,,,,
JNE3396,6,0.06,442,0.33,544.60,467.71,227.46,146,,,,,
JNE3399,6,0.23,"3,440",0.00,483.06,451.63,209.77,172,,,,,
JNE3400,6,0.08,"4,100",0.04,514.96,459.00,185.62,164,,,,,
JNE3401,6,0.10,"1,820",0.10,352.24,365.00,159.88,182,,,,,
JNE3403,6,0.02,"2,414",0.07,478.76,393.00,205.26,169,,,,,
JNE3404,6,0.07,"1,100",0.16,646.39,517.00,278.15,176,,,,,
JNE3405,6,0.02,421,0.33,557.44,406.62,179.23,139,,,,,
JNE3407,6,0.16,705,0.21,301.30,298.75,162.97,148,,,,,
JNE3408,6,0.27,824,0.17,389.39,459.00,206.74,140,,,,,
JNE3412,6,0.09,574,0.27,529.05,425.19,165.89,155,,,,,
JNE3420,6,0.23,"2,667",0.06,256.29,298.00,144.24,160,,,,,
JNE3421,6,0.04,"2,571",0.07,545.44,449.00,197.85,180,,,,,
JNE3422,6,0.14,"5,533",0.03,308.56,301.00,142.10,166,,,,,
JNE3423,6,0.15,"2,044",0.09,365.44,403.93,184.69,184,,,,,
JNE3424,6,0.01,"2,275",0.08,349.11,301.00,143.53,182,,,,,
JNE3425,6,0.17,"1,611",0.09,337.68,356.00,138.82,145,,,,,
JNE3429,6,0.08,247,0.57,377.44,318.00,125.96,141,,,,,
JNE3431,6,0.10,113,1.47,407.99,328.00,169.48,166,,,,,
JNE3437,6,0.05,"1,591",0.11,552.27,508.24,277.96,175,,,,,
JNE3439,6,0.30,"1,544",0.09,328.47,351.75,152.62,139,,,,,
JNE3440,6,0.24,812,0.17,336.48,414.01,222.70,138,,,,,
JNE3443,6,0.18,"2,125",0.08,524.98,517.00,256.32,170,,,,,
JNE3446,6,0.01,"1,458",0.12,338.33,318.00,173.64,175,,,,,
JNE3449,6,0.10,"1,956",0.09,361.63,291.82,146.52,176,,,,,
JNE3451,6,0.25,"5,933",0.03,354.27,358.33,189.89,178,,,,,
JNE3452,6,0.26,"1,725",0.08,285.17,301.00,129.90,138,,,,,
JNE3453,6,0.25,"1,445",0.11,498.88,497.00,266.39,159,,,,,
JNE3456,6,0.07,"3,640",0.05,357.37,301.00,130.73,182,,,,,
JNE3457,6,0.23,933,0.15,426.78,399.00,159.93,140,,,,,
JNE3458,6,0.24,81,1.78,369.47,373.99,158.96,144,,,,,
JNE3459,6,0.29,782,0.17,394.99,405.00,159.05,133,,,,,
JNE3461,6,0.25,351,0.59,350.61,379.76,157.00,207,,,,,
JNE3463,6,0.15,"3,080",0.00,509.06,548.95,275.60,154,,,,,
JNE3465,6,0.11,"1,536",0.11,563.35,512.59,266.46,169,,,,,
JNE3466,6,0.23,"5,833",0.03,618.78,734.29,310.16,175,,,,,
JNE3467,6,0.20,900,0.20,347.03,345.00,158.26,180,,,,,
JNE3468,6,0.11,"3,350",0.04,420.43,387.56,160.00,134,,,,,
JNE3470,6,0.14,"2,433",0.06,323.30,296.50,113.15,146,,,,,
JNE3472,6,0.13,"18,800",0.01,287.74,313.94,152.81,188,,,,,
JNE3473,6,0.27,"3,440",0.05,373.86,458.00,191.45,172,,,,,
JNE3475,6,0.22,"3,925",0.04,307.86,323.00,126.54,157,,,,,
JNE3476,6,0.29,"3,017",0.06,393.80,401.14,162.09,181,,,,,
JNE3477,6,0.26,"2,780",0.00,424.16,484.00,217.41,139,,,,,
JNE3479,6,0.16,"2,443",0.07,295.80,293.81,140.17,171,,,,,
JNE3480,6,0.19,403,0.36,0.00,0.00,0.00,145,,,,,
JNE3482,6,0.02,"1,383",0.12,383.81,310.50,130.95,166,,,,,
JNE3483,6,0.29,729,0.24,301.68,368.00,166.87,175,,,,,
JNE3484,6,0.13,"2,286",0.07,308.06,296.61,157.94,160,,,,,
JNE3485,6,0.21,170,0.93,417.27,469.00,241.96,158,,,,,
JNE3486,6,0.00,"3,700",0.04,598.27,431.00,194.55,148,,,,,
JNE3487,6,0.10,325,0.53,336.95,341.68,135.50,172,,,,,
JNE3489,6,0.18,"3,775",0.04,549.82,568.17,224.07,151,,,,,
JNE3500,6,0.19,573,0.26,298.52,348.00,172.47,149,,,,,
JNE3501,6,0.25,173,0.79,285.51,337.60,134.28,137,,,,,
JNE3503,6,0.23,"3,520",0.00,323.99,318.00,153.86,176,,,,,
JNE3504,6,0.09,"1,200",0.12,448.95,440.33,241.37,144,,,,,
JNE3506,6,0.06,"1,762",0.08,622.74,614.54,243.41,141,,,,,
JNE3510,6,0.24,"1,971",0.07,407.27,440.67,235.53,138,,,,,
JNE3515,6,0.12,467,0.36,434.80,469.00,232.49,168,,,,,
JNE3516,6,0.27,"1,925",0.08,276.64,351.00,136.36,154,,,,,
JNE3518,6,0.25,"1,242",0.12,482.48,482.72,187.49,149,,,,,
JNE3522,6,0.00,"3,900",0.04,430.98,326.50,147.75,156,,,,,
JNE3530,6,0.14,"2,044",0.09,419.53,356.00,178.05,184,,,,,
JNE3535,6,0.19,"2,620",0.05,512.50,469.00,255.24,131,,,,,
JNE3537,6,0.06,"1,012",0.17,431.39,356.00,147.89,172,,,,,
JNE3542,6,0.26,78,1.89,263.25,333.00,179.89,148,,,,,
JNE3543,6,0.27,885,0.20,320.24,331.33,151.28,177,,,,,
JNE3544,6,0.04,"3,525",0.04,400.55,310.00,147.23,141,,,,,
JNE3545,6,0.17,135,1.07,373.03,338.00,134.89,144,,,,,
JNE3546,6,0.05,"1,417",0.12,554.18,475.05,232.94,170,,,,,
JNE3547,6,0.06,"1,838",0.08,549.89,517.00,274.06,147,,,,,
JNE3548,6,0.18,45,3.82,553.46,501.50,263.63,170,,,,,
JNE3549,6,0.25,"3,080",0.05,306.23,313.00,131.63,154,,,,,
JNE3553,6,0.11,"1,489",0.09,602.64,486.00,258.95,134,,,,,
JNE3554,6,0.03,"3,200",0.06,540.61,504.60,270.32,192,,,,,
JNE3559,6,0.22,"5,233",0.03,403.32,458.00,179.93,157,,,,,
JNE3560,6,0.02,"2,488",0.08,574.33,521.33,280.28,199,,,,,
JNE3562,6,0.21,"3,950",0.04,491.81,469.00,192.42,158,,,,,
JNE3564,6,0.10,867,0.18,459.78,458.00,245.57,156,,,,,
JNE3565,6,0.11,"2,014",0.07,303.77,318.00,170.31,141,,,,,
JNE3566,6,0.16,971,0.14,426.15,362.50,139.53,136,,,,,
JNE3567,6,0.21,"2,433",0.06,318.88,381.27,145.75,146,,,,,
JNE3568,6,0.02,"3,200",0.04,396.16,301.15,146.47,128,,,,,
JNE3571,6,0.08,539,0.31,496.31,458.00,188.62,167,,,,,
JNE3575,6,0.09,"1,314",0.14,576.29,471.00,198.73,184,,,,,
JNE3577,6,0.28,321,0.42,598.37,668.00,357.92,135,,,,,
JNE3578,6,0.22,"1,300",0.11,642.28,603.00,251.98,143,,,,,
JNE3579,6,0.11,145,1.06,364.46,298.00,135.61,154,,,,,
JNE3581,6,0.30,"2,100",0.09,449.46,609.67,291.35,189,,,,,
JNE3601,6,0.13,"1,575",0.08,277.66,296.50,115.48,126,,,,,
JNE3602,6,0.04,"2,940",0.00,435.76,399.00,157.97,147,,,,,
JNE3603,6,0.14,"16,100",0.01,332.44,301.00,141.28,161,,,,,
JNE3605,6,0.17,"6,300",0.03,566.47,501.50,266.34,189,,,,,
JNE3606,6,0.17,368,0.40,462.15,459.80,214.38,147,,,,,
JNE3607,6,0.07,"2,371",0.07,554.70,472.46,258.94,166,,,,,
JNE3608,6,0.19,"2,286",0.07,324.51,359.00,168.85,160,,,,,
JNE3609,6,0.25,"2,850",0.06,606.80,607.53,328.33,171,,,,,
JNE3610,6,0.02,"2,088",0.08,432.73,318.00,168.48,167,,,,,
JNE3611,6,0.18,"2,560",0.00,395.97,422.10,223.72,128,,,,,
JNE3612,6,0.15,392,0.39,401.33,386.00,169.70,153,,,,,
JNE3613,6,0.01,"4,725",0.04,420.71,393.43,166.49,189,,,,,
JNE3614,6,0.15,"3,775",0.04,422.58,399.10,179.93,151,,,,,
JNE3615,6,0.22,"1,920",0.10,305.05,319.00,123.27,192,,,,,
JNE3616,6,0.14,"3,300",0.06,302.87,320.00,155.61,198,,,,,
JNE3617,6,0.00,"1,710",0.10,384.31,319.00,159.96,171,,,,,
JNE3618,6,0.19,906,0.17,353.14,373.61,150.32,154,,,,,
JNE3619,6,0.16,"2,317",0.06,303.96,293.56,150.30,139,,,,,
JNE3620,6,0.03,"1,408",0.13,390.22,320.56,123.82,183,,,,,
JNE3622,6,0.07,"1,144",0.16,336.87,344.00,132.48,183,,,,,
JNE3623,6,0.12,541,0.27,419.34,362.00,196.44,146,,,,,
JNE3625,6,0.06,"1,047",0.17,530.17,434.00,199.77,178,,,,,
JNE3627,6,0.08,462,0.29,356.62,329.00,125.41,134,,,,,
JNE3628,6,0.08,63,2.23,455.95,463.81,249.28,140,,,,,
JNE3629,6,0.29,"2,122",0.09,451.62,484.00,220.63,191,,,,,
JNE3630,6,0.23,"1,283",0.12,427.59,401.14,154.53,154,,,,,
JNE3633,6,0.08,"16,600",0.01,462.66,443.44,204.46,166,,,,,
JNE3634,6,0.13,"4,633",0.03,512.21,506.13,224.22,139,,,,,
JNE3636,6,0.15,847,0.17,418.84,442.20,209.04,144,,,,,
JNE3637,6,0.01,"1,518",0.11,604.52,487.75,216.23,167,,,,,
JNE3638,6,0.23,149,1.33,519.68,611.22,275.46,198,,,,,
JNE3639,6,0.06,"2,144",0.09,554.10,501.81,199.12,193,,,,,
JNE3640,6,0.28,"1,850",0.10,468.06,502.40,272.44,185,,,,,
JNE3641,6,0.00,"7,650",0.02,438.81,352.17,176.87,153,,,,,
JNE3642,6,0.05,"1,483",0.12,357.69,317.67,123.39,178,,,,,
JNE3643,6,0.14,"1,562",0.08,305.25,296.50,118.20,125,,,,,
JNE3645,6,0.22,"4,733",0.03,413.19,424.89,188.90,142,,,,,
JNE3647,6,0.08,"4,578",0.09,321.34,332.00,166.94,412,,,,,
JNE3648,6,0.10,"4,625",0.04,486.46,501.65,259.86,185,,,,,
JNE3651,6,0.10,307,0.45,619.09,506.38,238.59,138,,,,,
JNE3652,6,0.07,"1,233",0.12,332.90,332.29,162.80,148,,,,,
JNE3653,6,0.27,"1,950",0.10,335.27,354.00,159.58,195,,,,,
JNE3654,6,0.04,"3,240",0.00,479.15,363.79,195.27,162,,,,,
JNE3655,6,0.25,"2,122",0.09,272.16,317.00,121.84,191,,,,,
JNE3656,6,0.16,"2,520",0.00,548.53,553.56,211.65,126,,,,,
JNE3658,6,0.28,"3,675",0.04,308.48,343.00,157.39,147,,,,,
JNE3659,6,0.21,"1,960",0.10,513.84,478.75,238.12,196,,,,,
JNE3660,6,0.15,"1,464",0.11,435.08,371.00,152.72,161,,,,,
JNE3661,6,0.23,"4,250",0.04,298.82,296.50,128.56,170,,,,,
JNE3662,6,0.03,"1,127",0.11,403.29,384.86,201.03,124,,,,,
JNE3665,6,0.10,"3,600",0.04,598.12,517.50,212.26,144,,,,,
JNE3667,6,0.01,935,0.17,381.68,323.00,137.80,159,,,,,
JNE3669,6,0.24,"1,358",0.12,438.52,475.00,227.48,163,,,,,
JNE3670,6,0.03,"1,475",0.12,394.41,381.00,149.14,177,,,,,
JNE3671,6,0.15,"1,600",0.09,635.11,669.00,269.45,144,,,,,
JNE3672,6,0.17,"3,020",0.00,594.62,540.00,292.85,151,,,,,
JNE3673,6,0.05,148,1.26,"2,063.75","1,797.00",980.30,186,,,,,
JNE3674,6,0.17,"5,400",0.03,544.02,567.20,275.66,162,,,,,
JNE3675,6,0.24,853,0.17,503.08,558.89,230.38,145,,,,,
JNE3676,6,0.28,"1,186",0.14,353.67,364.12,139.15,166,,,,,
JNE3679,6,0.11,"5,933",0.03,430.42,368.57,165.49,178,,,,,
JNE3680,6,0.05,"1,930",0.10,485.56,446.27,216.55,193,,,,,
JNE3683,6,0.24,"1,220",0.15,289.41,349.00,140.81,183,,,,,
JNE3684,6,0.20,462,0.29,265.88,292.00,112.45,134,,,,,
JNE3687,6,0.05,"1,644",0.09,710.49,545.00,222.08,148,,,,,
JNE3688,6,0.27,421,0.34,515.20,563.00,264.79,143,,,,,
JNE3689,6,0.30,206,0.77,373.84,431.83,207.06,159,,,,,
JNE3690,6,0.06,"2,840",0.05,628.21,530.93,267.34,142,,,,,
JNE3691,6,0.00,"14,800",0.01,788.74,669.50,361.81,148,,,,,
JNE3695,6,0.22,"3,825",0.04,312.84,301.00,123.95,153,,,,,
JNE3697,6,0.01,"1,675",0.08,607.51,497.63,189.12,134,,,,,
JNE3698,6,0.28,168,0.88,307.73,391.80,149.11,148,,,,,
JNE3701,6,0.00,"12,900",0.01,364.69,333.00,139.62,129,,,,,
JNE3702,6,0.05,804,0.23,389.26,331.00,128.89,185,,,,,
JNE3703,6,0.20,676,0.21,313.82,284.71,115.47,142,,,,,
JNE3706,6,0.17,"3,217",0.06,420.69,437.73,207.22,193,,,,,
JNE3707,6,0.15,947,0.19,537.86,467.22,246.71,180,,,,,
JNE3708,6,0.29,"2,720",0.05,700.60,749.00,290.47,136,,,,,
JNE3709,6,0.18,971,0.14,738.24,792.00,353.98,136,,,,,
JNE3710,6,0.28,"3,080",0.00,532.72,696.23,355.86,154,,,,,
JNE3712,6,0.15,642,0.24,462.50,501.19,218.42,154,,,,,
JNE3713,6,0.03,403,0.38,435.48,344.03,153.06,153,,,,,
JNE3714,6,0.25,"14,000",0.01,399.90,476.13,232.88,140,,,,,
JNE3716,6,0.20,"15,100",0.01,337.31,357.33,155.74,151,,,,,
JNE3717,6,0.26,"1,975",0.08,259.99,286.67,132.31,158,,,,,
JNE3718,6,0.14,248,0.56,538.69,480.38,201.14,139,,,,,
JNE3720,6,0.29,"2,300",0.06,387.32,500.65,202.83,138,,,,,
JNE3721,6,0.28,449,0.37,257.01,299.41,136.58,166,,,,,
JNE3722,6,0.14,"2,025",0.08,274.65,261.82,119.03,162,,,,,
JNE3724,6,0.23,"2,175",0.08,469.13,491.62,197.13,174,,,,,
JNE3725,6,0.07,"1,544",0.09,556.81,448.00,215.67,139,,,,,
JNE3727,6,0.13,"1,245",0.11,530.21,549.00,299.26,137,,,,,
JNE3728,6,0.26,288,0.42,356.03,361.00,152.21,121,,,,,
JNE3729,6,0.15,"7,550",0.02,365.84,333.00,148.03,151,,,,,
JNE3730,6,0.30,684,0.25,259.11,297.42,147.45,171,,,,,
JNE3732,6,0.01,794,0.16,544.16,424.50,182.67,127,,,,,
JNE3733,6,0.13,195,0.92,545.45,525.00,214.77,179,,,,,
JNE3734,6,0.03,"1,131",0.13,340.96,320.00,161.13,147,,,,,
JNE3735,6,0.23,"1,180",0.15,338.97,343.11,176.29,177,,,,,
JNE3736,6,0.06,"1,069",0.13,343.54,296.25,161.07,139,,,,,
JNE3738,6,0.24,"3,000",0.05,363.67,375.67,197.91,150,,,,,
JNE3739,6,0.15,"1,442",0.12,444.86,447.97,245.28,173,,,,,
JNE3740,6,0.09,"1,364",0.11,374.55,301.00,147.61,150,,,,,
JNE3741,6,0.28,"3,600",0.00,406.51,449.67,202.22,180,,,,,
JNE3742,6,0.03,"2,567",0.06,445.71,425.50,205.65,154,,,,,
JNE3743,6,0.16,"13,900",0.01,321.51,317.00,150.77,139,,,,,
JNE3744,6,0.02,147,0.91,889.02,690.00,273.44,134,,,,,
JNE3745,6,0.10,565,0.23,348.98,292.00,143.31,130,,,,,
JNE3748,6,0.20,392,0.37,313.12,320.00,148.04,145,,,,,
JNE3749,6,0.04,"4,633",0.03,613.75,469.00,195.47,139,,,,,
JNE3750,6,0.04,"15,800",0.01,561.05,511.00,229.25,158,,,,,
JNE3751,6,0.06,"1,200",0.14,387.12,345.00,166.49,168,,,,,
JNE3752,6,0.06,"1,270",0.10,436.10,340.00,151.04,127,,,,,
JNE3753,6,0.21,"2,067",0.06,511.72,475.00,191.61,124,,,,,
JNE3756,6,0.21,992,0.13,496.30,487.00,189.24,129,,,,,
JNE3757,6,0.14,278,0.51,537.61,462.83,242.99,142,,,,,
JNE3758,6,0.00,"1,700",0.07,401.20,371.11,145.65,119,,,,,
JNE3759,6,0.06,"1,069",0.13,515.90,405.71,189.20,139,,,,,
JNE3761,6,0.07,"1,258",0.12,321.02,297.00,140.17,151,,,,,
JNE3762,6,0.04,614,0.21,351.35,329.00,126.14,129,,,,,
JNE3763,6,0.25,214,0.59,363.72,427.74,199.44,126,,,,,
JNE3764,6,0.20,771,0.21,376.59,393.50,194.43,162,,,,,
JNE3765,6,0.27,"2,212",0.08,429.46,517.00,228.68,177,,,,,
JNE3766,6,0.00,"5,850",0.02,600.86,517.00,263.24,117,,,,,
JNE3767,6,0.19,672,0.25,432.83,487.00,261.57,168,,,,,
JNE3768,6,0.21,"1,850",0.10,430.63,472.50,249.52,185,,,,,
JNE3769,6,0.09,"4,400",0.03,554.10,487.00,257.25,132,,,,,
JNE3770,6,0.26,"2,640",0.05,434.13,487.00,248.81,132,,,,,
JNE3771,6,0.17,686,0.21,328.61,338.00,177.17,144,,,,,
JNE3773,6,0.27,841,0.22,288.12,301.00,158.45,185,,,,,
JNE3774,6,0.05,"2,820",0.00,581.27,449.00,198.03,141,,,,,
JNE3775,6,0.01,"1,378",0.09,399.63,307.00,159.36,124,,,,,
JNE3776,6,0.19,568,0.31,227.47,240.80,118.29,176,,,,,
JNE3777,6,0.05,"1,445",0.11,398.41,320.00,169.44,159,,,,,
JNE3778,6,0.05,"2,014",0.07,466.37,445.00,176.91,141,,,,,
JNE3779,6,0.28,"1,500",0.09,270.31,342.67,160.86,135,,,,,
JNE3780,6,0.28,334,0.47,269.79,320.00,125.30,157,,,,,
JNE3781,6,0.27,73,2.31,475.88,489.15,213.52,168,,,,,
JNE3782,6,0.08,"3,080",0.05,534.16,511.00,266.08,154,,,,,
JNE3783,6,0.03,"1,467",0.12,532.29,511.83,264.78,176,,,,,
JNE3784,6,0.15,"13,600",0.01,396.98,426.09,231.39,136,,,,,
JNE3785,6,0.19,"2,000",0.07,370.12,338.33,176.37,140,,,,,
JNE3786,6,0.02,"2,300",0.05,427.38,342.90,172.35,115,,,,,
JNE3787,6,0.05,160,1.07,521.55,482.17,250.68,171,,,,,
JNE3790,6,0.24,"1,929",0.07,290.33,307.00,162.55,135,,,,,
JNE3791,6,0.14,"2,129",0.07,369.51,348.00,164.14,149,,,,,
JNE3792,6,0.22,"5,800",0.03,405.16,406.00,209.06,174,,,,,
JNE3793,6,0.25,"1,989",0.09,301.29,355.00,173.27,179,,,,,
JNE3794,6,0.11,"1,085",0.13,548.65,455.78,211.67,141,,,,,
JNE3795,6,0.16,"1,622",0.09,501.56,515.50,223.02,146,,,,,
JNE3796,6,0.08,342,0.50,302.90,254.64,138.35,171,,,,,
JNE3797,6,0.17,"1,077",0.13,651.72,743.81,308.01,140,,,,,
JNE3798,6,0.19,"3,200",0.04,692.91,724.69,321.22,128,,,,,
JNE3799,6,0.09,57,2.31,690.26,646.60,346.64,132,,,,,
JNE3800,6,0.15,"1,582",0.11,784.62,744.29,298.83,174,,,,,
JNE3801,6,0.12,34,3.77,694.95,734.31,288.91,128,,,,,
JNE3802,6,0.26,321,0.38,478.06,487.00,262.79,122,,,,,
JNE3803,6,0.21,"3,475",0.04,426.60,479.48,241.15,139,,,,,
JNE3804,6,0.05,"1,450",0.10,590.69,483.14,199.51,145,,,,,
JNE3805,6,0.11,718,0.17,574.84,485.22,205.15,122,,,,,
JNE3806,6,0.21,752,0.23,534.78,543.00,281.62,173,,,,,
JNE3807,6,0.00,"1,678",0.09,910.41,695.33,357.69,151,,,,,
JNE3810,6,0.14,"2,517",0.06,561.17,509.13,247.95,151,,,,,
JNE3813,6,0.14,"1,300",0.09,641.36,635.00,296.95,117,,,,,
JNE3816,6,0.03,"1,258",0.12,901.97,697.53,310.33,151,,,,,
JNE3817,6,0.27,106,1.26,371.58,441.42,215.10,134,,,,,
JNE3818,6,0.13,"1,489",0.09,511.46,470.33,221.70,134,,,,,
JNE3819,6,0.16,"1,150",0.10,253.81,230.50,113.46,115,,,,,
JNE3821,6,0.08,"2,883",0.06,526.60,484.00,263.18,173,,,,,
JNE3822,6,0.12,695,0.19,385.83,379.29,192.33,132,,,,,
JNE3823,6,0.09,610,0.29,533.27,484.00,207.51,177,,,,,
JNE3825,6,0.17,844,0.16,490.78,442.50,176.03,135,,,,,
JNE3835,6,0.14,705,0.22,740.50,626.00,332.89,155,,,,,
JNE3836,6,0.15,"13,600",0.01,679.81,644.57,305.49,136,,,,,
JNE3837,6,0.24,243,0.51,509.44,523.07,240.33,124,,,,,
JNE3838,6,0.05,121,1.14,509.67,392.71,199.80,138,,,,,
JNE3856,6,0.23,"16,400",0.01,556.15,666.00,335.82,164,,,,,
JNE3860,6,0.19,277,0.48,551.24,601.60,292.30,133,,,,,
JNE3861,6,0.26,655,0.20,702.35,731.16,399.64,131,,,,,
JNE3862,6,0.26,"4,467",0.03,578.96,584.60,311.34,134,,,,,
JNE3863,6,0.22,"1,420",0.10,527.47,500.94,248.09,142,,,,,
JNE3864,6,0.20,"1,029",0.14,572.78,599.00,307.92,144,,,,,
JNE3865,6,0.25,340,0.48,405.75,500.34,247.33,163,,,,,
JNE3866,6,0.11,78,2.25,791.59,739.20,391.51,176,,,,,
JNE3869,6,0.13,"2,460",0.00,687.84,699.20,278.71,123,,,,,
JNE3870,6,0.29,750,0.18,577.60,706.24,317.16,135,,,,,
JNE3875,6,0.06,397,0.31,743.40,599.00,232.62,123,,,,,
JNE3878,6,0.03,419,0.42,411.11,393.73,171.10,176,,,,,
JNE3879,6,0.25,"1,575",0.08,658.65,655.55,272.60,126,,,,,
JNE3880,6,0.01,900,0.13,676.59,569.67,265.05,117,,,,,
JNE3881,6,0.26,235,0.68,735.79,790.00,422.83,160,,,,,
JNE3885,6,0.04,"7,050",0.02,546.05,526.00,241.27,141,,,,,
JNE3886,6,0.15,554,0.28,514.30,518.00,241.61,155,,,,,
JNE3887,6,0.27,"1,410",0.10,408.22,517.11,232.82,141,,,,,
JNE3888,6,0.07,"2,540",0.05,897.48,696.00,364.93,127,,,,,
JNE3892,6,0.04,"12,800",0.01,812.74,635.33,342.37,128,,,,,
JNE3893,6,0.20,"3,040",0.00,583.16,602.00,324.53,152,,,,,
JNE3894,6,0.09,588,0.24,745.91,726.50,360.64,141,,,,,
JNE3895,6,0.29,568,0.25,614.82,629.00,266.24,142,,,,,
JNE3897,6,0.00,323,0.53,661.39,565.00,254.85,171,,,,,
JNE3899,6,0.11,500,0.30,556.33,565.00,284.91,150,,,,,
JNE3902,6,0.10,"2,420",0.05,639.99,570.20,222.76,121,,,,,
JNE3904,6,0.06,"12,700",0.01,763.19,588.20,280.28,127,,,,,
JNE3905,6,0.01,"6,400",0.02,635.11,610.20,237.72,128,,,,,
JNE3928,6,0.07,"1,886",0.07,598.68,568.00,271.87,132,,,,,
MEN5001,6,0.12,"1,240",0.10,770.28,635.00,302.65,124,,,,,
MEN5002,6,0.07,"1,675",0.08,766.72,742.81,392.44,134,,,,,
MEN5003,6,0.09,"8,800",0.02,547.46,552.11,277.03,176,,,,,
MEN5004,6,0.06,"2,680",0.00,779.64,663.75,324.09,134,,,,,
MEN5005,6,0.12,"3,240",0.00,726.46,610.75,268.85,162,,,,,
MEN5006,6,0.01,"1,230",0.10,659.64,547.50,248.00,123,,,,,
MEN5007,6,0.18,"1,067",0.15,716.52,625.00,305.91,160,,,,,
MEN5008,6,0.17,"1,140",0.10,748.55,700.36,267.74,114,,,,,
MEN5009,6,0.18,"2,400",0.06,515.01,583.74,260.94,144,,,,,
MEN5011,6,0.16,"3,200",0.04,821.28,699.63,372.69,128,,,,,
MEN5012,6,0.18,245,0.62,631.94,646.11,338.57,152,,,,,
MEN5013,6,0.25,"1,933",0.09,492.35,570.55,289.94,174,,,,,
MEN5014,6,0.20,"2,420",0.05,660.48,663.00,346.54,121,,,,,
MEN5015,6,0.23,"4,267",0.03,581.80,653.33,338.61,128,,,,,
MEN5018,6,0.03,334,0.38,686.34,655.00,260.40,127,,,,,
MEN5019,6,0.10,535,0.23,606.03,641.00,343.81,123,,,,,
MEN5020,6,0.18,"4,767",0.03,584.12,590.00,271.89,143,,,,,
MEN5021,6,0.11,"1,243",0.14,916.36,766.71,368.20,174,,,,,
MEN5022,6,0.04,228,0.69,810.20,675.00,258.52,157,,,,,
MEN5023,6,0.18,"15,700",0.01,806.88,703.00,373.26,157,,,,,
MEN5024,6,0.16,833,0.15,637.78,660.00,318.36,125,,,,,
MEN5025,6,0.18,561,0.31,722.71,767.63,295.68,174,,,,,
MEN5026,6,0.11,"1,350",0.12,680.13,691.00,278.38,162,,,,,
MEN5027,6,0.25,"1,308",0.12,508.82,612.61,251.84,157,,,,,
MEN5028,6,0.06,"2,467",0.06,808.35,747.90,378.56,148,,,,,
MEN5029,6,0.20,196,0.67,658.24,619.82,322.89,131,,,,,
MEN5030,6,0.11,827,0.15,695.92,572.00,249.58,124,,,,,
MEN5031,6,0.29,"2,540",0.05,694.92,703.50,275.78,127,,,,,
MEN5032,6,0.07,"1,925",0.08,841.03,799.38,364.00,154,,,,,
NW001,6,0.21,62,1.77,574.15,535.00,242.26,109,,,,,
NW002,6,0.11,195,0.64,464.46,448.00,225.08,125,,,,,
NW003,6,0.13,"1,540",0.10,386.25,407.50,170.82,154,,,,,
NW004,6,0.25,368,0.31,472.26,464.88,240.90,114,,,,,
NW005,6,0.07,"7,850",0.02,680.25,574.75,284.49,157,,,,,
NW006,6,0.11,"7,700",0.02,474.18,481.00,186.41,154,,,,,
NW008,6,0.15,"1,430",0.10,552.02,541.00,250.87,143,,,,,
NW009,6,0.05,742,0.19,595.29,544.63,277.10,141,,,,,
NW012,6,0.16,"16,600",0.01,582.40,530.12,281.22,166,,,,,
NW013,6,0.12,"15,900",0.01,500.65,470.69,210.02,159,,,,,
NW014,6,0.28,513,0.23,458.13,455.71,228.28,118,,,,,
NW015,6,0.12,922,0.18,468.91,498.38,224.86,166,,,,,
NW016,6,0.29,"2,333",0.06,444.37,533.00,279.16,140,,,,,
NW020,6,0.27,"3,280",0.05,454.76,511.18,239.34,164,,,,,
NW022,6,0.08,"6,600",0.02,645.22,572.00,262.81,132,,,,,
NW024,6,0.18,"1,817",0.06,527.54,554.33,273.16,109,,,,,
NW028,6,0.16,546,0.28,590.96,539.00,290.64,153,,,,,
NW029,6,0.22,513,0.23,475.91,449.90,171.73,118,,,,,
NW030,6,0.25,864,0.14,596.37,576.81,285.63,121,,,,,
NW031,6,0.28,"7,400",0.02,552.64,576.33,237.63,148,,,,,
NW032,6,0.27,747,0.19,487.98,496.00,251.33,142,,,,,
NW033,6,0.18,"1,158",0.12,559.94,549.50,238.56,139,,,,,
NW034,6,0.11,"2,960",0.00,721.52,605.42,254.74,148,,,,,
NW035,6,0.05,"2,320",0.00,620.60,565.00,253.54,116,,,,,
NW036,6,0.19,"2,350",0.06,346.21,359.33,144.97,141,,,,,
NW037,6,0.28,"2,567",0.06,338.45,404.92,190.24,154,,,,,
NW038,6,0.08,983,0.12,568.30,509.00,233.27,118,,,,,
NW039,6,0.30,"1,350",0.08,395.44,491.25,235.79,108,,,,,
PJNE1906,6,0.23,"3,533",0.03,865.87,811.00,317.90,106,,,,,
PJNE2014,6,0.07,"2,186",0.07,841.64,780.50,319.06,153,,,,,
PJNE2100,6,0.02,"5,350",0.02,795.48,748.60,288.92,107,,,,,
PJNE2171,6,0.14,"1,200",0.13,"1,146.85","1,080.33",571.36,156,,,,,
PJNE2199,6,0.24,"2,740",0.05,605.48,744.57,317.00,137,,,,,
PJNE2270,6,0.20,"1,464",0.11,918.85,"1,055.00",411.96,161,,,,,
PJNE3068,6,0.03,"1,390",0.10,"1,172.33","1,072.60",556.88,139,,,,,
PJNE3252,6,0.25,428,0.32,802.09,882.01,475.14,137,,,,,
PJNE3291,6,0.22,"2,080",0.05,794.92,848.11,359.61,104,,,,,
PJNE3363,6,0.05,"3,180",0.00,950.71,752.50,340.39,159,,,,,
PJNE3364,6,0.05,360,0.43,"1,039.46",836.00,340.16,155,,,,,
PJNE3368,6,0.24,"11,400",0.01,781.07,857.00,450.99,114,,,,,
PJNE3373,6,0.22,"2,200",0.00,747.51,821.35,340.70,110,,,,,
PJNE3399,6,0.05,"2,480",0.00,865.39,784.78,404.73,124,,,,,
PJNE3404,6,0.10,756,0.18,977.57,822.31,429.39,136,,,,,
PJNE3421,6,0.02,"2,620",0.05,968.35,925.00,383.33,131,,,,,
PJNE3423,6,0.14,"3,060",0.05,766.75,845.50,347.94,153,,,,,
PJNE3440,6,0.06,254,0.41,"1,118.87",896.00,391.48,104,,,,,
PJNE3445,6,0.27,223,0.48,821.78,925.00,459.95,107,,,,,
PJNE3568,6,0.08,500,0.25,766.24,760.05,350.44,125,,,,,
PJNE3607,6,0.20,355,0.31,768.25,848.00,414.67,110,,,,,
PSET043,6,0.01,"1,500",0.08,"2,086.16","1,531.00",613.74,120,,,,,
PSET264,6,0.03,"1,309",0.11,"1,782.99","1,360.75",559.51,144,,,,,
PSET268,6,0.01,727,0.15,"1,742.14","1,355.29",644.23,109,,,,,
SAR 36.00,6,0.15,375,0.28,763.50,737.00,348.32,105,,,,,
SAR 48.00,6,0.05,"12,500",0.01,633.02,540.81,237.20,125,,,,,
SAR 51.00,6,0.16,768,0.19,"1,034.32",885.00,392.58,146,,,,,
SAR 69.00,6,0.18,"4,133",0.03,946.96,832.00,448.07,124,,,,,
SAR 101.00,6,0.14,567,0.21,596.16,616.00,337.58,119,,,,,
SAR 135.00,6,0.14,"2,357",0.07,"2,360.82","2,058.00","1,010.89",165,,,,,
SAR 137.00,6,0.10,"3,533",0.03,"1,036.34","1,029.00",470.87,106,,,,,
SAR 149.00,6,0.27,"7,750",0.02,620.72,756.00,406.49,155,,,,,
SET004,6,0.14,626,0.23,786.72,711.00,281.48,144,,,,,
SET014,6,0.00,"1,700",0.09,976.04,819.00,363.54,153,,,,,
SET026,6,0.18,674,0.19,563.05,499.00,241.15,128,,,,,
SET037,6,0.28,"1,033",0.12,476.40,612.00,238.82,124,,,,,
SET043,6,0.26,394,0.33,908.58,999.00,492.57,130,,,,,
SET044,6,0.05,881,0.16,938.09,720.00,378.95,141,,,,,
SET048,6,0.22,724,0.17,680.53,638.50,264.99,123,,,,,
SET051,6,0.13,386,0.28,454.63,473.00,232.18,108,,,,,
SET053,6,0.08,"7,650",0.02,686.21,633.00,281.42,153,,,,,
SET055,6,0.07,712,0.16,748.05,635.00,291.66,114,,,,,
SET058,6,0.12,"1,644",0.09,766.01,787.20,313.33,148,,,,,
SET062,6,0.12,"1,320",0.10,837.17,685.00,284.92,132,,,,,
SET073,6,0.04,243,0.51,"1,083.85",824.00,431.95,124,,,,,
SET075,6,0.11,"3,375",0.04,680.69,690.00,342.94,135,,,,,
SET085,6,0.09,"1,950",0.06,384.71,387.00,196.50,117,,,,,
SET087,6,0.02,396,0.27,914.01,863.67,365.79,107,,,,,
SET094,6,0.25,"3,180",0.05,898.98,876.00,478.17,159,,,,,
SET097,6,0.13,"2,440",0.00,"1,052.20","1,082.00",490.27,122,,,,,
SET098,6,0.13,555,0.20,783.29,752.98,316.54,111,,,,,
SET110,6,0.10,252,0.44,755.35,695.29,341.97,111,,,,,
SET116,6,0.25,938,0.13,548.89,581.00,308.62,122,,,,,
SET121,6,0.18,93,1.50,409.06,464.00,186.57,139,,,,,
SET128,6,0.17,485,0.27,917.03,978.30,397.29,131,,,,,
SET130,6,0.29,261,0.54,614.52,629.00,332.32,141,,,,,
SET131,6,0.02,"1,311",0.09,892.83,666.00,321.32,118,,,,,
SET135,6,0.16,136,0.95,718.16,646.00,267.73,129,,,,,
SET138,6,0.07,218,0.56,789.20,803.00,410.35,122,,,,,
SET143,6,0.11,"1,023",0.13,535.80,517.00,226.48,133,,,,,
SET144,6,0.09,"2,271",0.07,894.36,774.00,330.96,159,,,,,
SET145,6,0.08,624,0.25,820.40,777.91,343.06,156,,,,,
SET147,6,0.28,"2,460",0.05,647.50,657.21,283.94,123,,,,,
SET154,6,0.28,277,0.53,734.42,802.00,438.20,147,,,,,
SET156,6,0.17,"2,000",0.08,588.98,660.00,264.86,160,,,,,
SET158,6,0.09,"5,550",0.02,974.85,783.00,384.63,111,,,,,
SET162,6,0.10,"12,200",0.01,564.75,453.00,212.19,122,,,,,
SET171,6,0.21,807,0.15,629.49,739.71,292.60,121,,,,,
SET172,6,0.14,"11,000",0.01,"1,182.32","1,112.00",501.32,110,,,,,
SET179,6,0.12,125,0.85,520.93,512.00,246.71,106,,,,,
SET182,6,0.25,"2,400",0.05,533.61,599.14,282.47,120,,,,,
SET183,6,0.27,"1,400",0.08,582.61,717.15,278.94,112,,,,,
SET184,6,0.20,76,1.43,526.61,525.63,275.39,108,,,,,
SET185,6,0.24,160,0.73,826.47,785.00,353.52,117,,,,,
SET186,6,0.00,448,0.27,719.71,587.00,272.37,121,,,,,
SET187,6,0.13,"4,000",0.03,649.93,692.34,308.82,120,,,,,
SET188,6,0.27,312,0.32,609.21,658.67,360.24,100,,,,,
SET192,6,0.08,"4,867",0.03,672.60,625.35,251.23,146,,,,,
SET194,6,0.05,710,0.21,832.08,649.00,294.60,149,,,,,
SET196,6,0.25,"2,340",0.00,600.02,665.50,261.66,117,,,,,
SET197,6,0.04,"1,788",0.08,814.25,759.00,326.19,143,,,,,
SET198,6,0.29,"1,250",0.12,465.48,587.00,307.63,150,,,,,
SET199,6,0.11,"1,929",0.07,678.18,577.68,243.26,135,,,,,
SET200,6,0.12,"1,160",0.10,546.15,543.00,245.45,116,,,,,
SET201,6,0.23,98,1.21,642.67,633.00,282.86,118,,,,,
SET203,6,0.25,985,0.13,355.37,422.28,201.81,128,,,,,
SET204,6,0.23,"2,740",0.00,587.25,656.00,278.67,137,,,,,
SET205,6,0.14,"1,671",0.07,462.10,443.00,173.28,117,,,,,
SET209,6,0.20,289,0.45,559.61,506.85,239.92,130,,,,,
SET210,6,0.22,33,3.00,518.59,483.14,256.43,100,,,,,
SET214,6,0.18,"3,050",0.04,555.90,604.00,270.59,122,,,,,
SET217,6,0.27,"3,375",0.04,659.99,769.20,294.28,135,,,,,
SET218,6,0.25,"1,388",0.08,534.89,647.00,263.58,111,,,,,
SET219,6,0.12,"2,600",0.06,354.05,327.50,173.18,156,,,,,
SET220,6,0.08,"4,300",0.03,"1,284.49","1,152.73",453.55,129,,,,,
SET221,6,0.14,"1,058",0.12,820.72,699.00,281.08,127,,,,,
SET223,6,0.24,"2,040",0.00,672.44,643.25,297.05,102,,,,,
SET224,6,0.10,"1,267",0.09,"1,194.26","1,120.50",503.65,114,,,,,
SET227,6,0.15,"3,200",0.04,637.82,614.00,296.05,128,,,,,
SET228,6,0.24,645,0.20,796.99,769.00,415.79,129,,,,,
SET229,6,0.15,468,0.22,987.54,872.00,429.91,103,,,,,
SET230,6,0.26,"3,767",0.03,639.55,822.10,339.95,113,,,,,
SET233,6,0.17,"3,500",0.04,516.56,535.58,264.21,140,,,,,
SET236,6,0.00,"2,071",0.07,943.73,788.00,380.06,145,,,,,
SET238,6,0.05,"3,120",0.00,490.76,457.00,183.97,156,,,,,
SET239,6,0.17,700,0.15,640.72,689.33,316.16,105,,,,,
SET240,6,0.07,"1,222",0.09,564.87,571.27,224.87,110,,,,,
SET241,6,0.22,"11,300",0.01,355.09,357.00,147.87,113,,,,,
SET244,6,0.22,"1,220",0.10,688.48,773.00,379.56,122,,,,,
SET246,6,0.05,"6,250",0.02,431.76,425.42,201.27,125,,,,,
SET247,6,0.19,"1,020",0.10,589.59,643.67,329.44,102,,,,,
SET248,6,0.22,"2,050",0.06,635.21,612.00,289.53,123,,,,,
SET249,6,0.05,595,0.19,843.84,658.93,346.63,113,,,,,
SET250,6,0.16,456,0.27,678.05,662.14,344.32,123,,,,,
SET251,6,0.02,"1,045",0.11,862.38,736.00,342.44,115,,,,,
SET252,6,0.10,"1,750",0.06,951.05,759.00,363.40,105,,,,,
SET253,6,0.15,221,0.58,699.84,735.00,289.94,128,,,,,
SET254,6,0.03,"1,180",0.10,937.70,859.00,419.53,118,,,,,
SET257,6,0.30,980,0.10,455.68,565.00,254.98,98,,,,,
SET258,6,0.08,"1,160",0.10,889.34,870.51,385.21,116,,,,,
SET264,6,0.29,"2,043",0.07,672.75,801.11,416.36,143,,,,,
SET265,6,0.14,883,0.12,970.49,824.43,318.74,106,,,,,
SET266,6,0.28,"6,000",0.02,776.23,852.00,447.07,120,,,,,
SET267,6,0.14,"12,300",0.01,892.46,869.00,416.70,123,,,,,
SET268,6,0.18,"11,100",0.01,847.42,750.48,401.87,111,,,,,
SET269,6,0.16,126,0.77,676.05,754.31,287.04,97,,,,,
SET270,6,0.05,104,1.21,606.29,568.00,263.91,126,,,,,
SET272,6,0.18,583,0.18,871.95,852.00,458.88,105,,,,,
SET273,6,0.16,"2,000",0.05,689.26,648.43,273.97,100,,,,,
SET275,6,0.24,"1,767",0.06,505.53,625.25,248.43,106,,,,,
SET276,6,0.18,"2,160",0.00,"1,160.94","1,188.67",612.31,108,,,,,
SET277,6,0.04,568,0.22,"1,609.01","1,312.29",679.22,125,,,,,
SET278,6,0.11,"2,560",0.05,"1,634.00","1,418.47",771.34,128,,,,,
SET279,6,0.03,736,0.14,929.96,752.92,353.68,103,,,,,
SET280,6,0.03,"1,767",0.06,910.88,808.00,366.81,106,,,,,
SET281,6,0.11,"1,021",0.14,480.85,499.00,268.88,143,,,,,
SET282,6,0.27,472,0.29,900.51,"1,028.41",430.04,137,,,,,
SET285,6,0.24,"1,880",0.05,366.79,440.72,208.44,94,,,,,
SET286,6,0.26,"2,086",0.07,610.56,597.17,275.21,146,,,,,
SET287,6,0.11,"1,050",0.12,647.81,598.43,284.30,126,,,,,
SET288,6,0.27,864,0.11,575.00,678.41,326.91,95,,,,,
SET289,6,0.12,"1,400",0.08,636.85,549.00,249.72,112,,,,,
SET290,6,0.16,"1,250",0.10,830.11,807.19,422.65,125,,,,,
SET291,6,0.13,"1,400",0.10,589.32,584.69,303.50,140,,,,,
SET293,6,0.28,"1,138",0.13,679.50,707.36,285.42,148,,,,,
SET295,6,0.19,746,0.13,857.12,781.80,304.25,97,,,,,
SET297,6,0.14,308,0.38,852.40,771.00,375.12,117,,,,,
SET299,6,0.07,632,0.22,801.69,808.33,329.56,139,,,,,
SET300,6,0.04,"1,400",0.10,"1,122.00",936.34,471.89,140,,,,,
SET302,6,0.25,"2,020",0.00,785.92,795.57,333.80,101,,,,,
SET303,6,0.09,738,0.13,855.32,856.20,377.17,96,,,,,
SET304,6,0.26,775,0.12,962.13,"1,150.56",552.86,93,,,,,
SET305,6,0.10,"1,191",0.11,"1,147.16",938.00,511.85,131,,,,,
SET306,6,0.25,"1,145",0.11,520.06,656.00,343.39,126,,,,,
SET307,6,0.27,"1,156",0.09,456.40,476.00,203.86,104,,,,,
SET308,6,0.09,439,0.33,762.31,689.00,301.77,145,,,,,
SET310,6,0.23,"1,227",0.11,918.69,989.00,539.39,135,,,,,
SET313,6,0.06,"3,125",0.04,724.85,732.67,375.32,125,,,,,
SET316,6,0.05,161,0.76,"1,525.21","1,201.00",523.37,122,,,,,
SET317,6,0.15,"4,033",0.03,"1,142.44","1,142.95",624.79,121,,,,,
SET319,6,0.03,945,0.11,"1,100.48",915.47,379.02,104,,,,,
SET320,6,0.27,138,0.87,766.91,816.25,424.16,120,,,,,
SET321,6,0.07,"2,220",0.05,"1,165.43",967.00,424.55,111,,,,,
SET322,6,0.01,667,0.18,"1,492.52","1,088.83",554.77,120,,,,,
SET323,6,0.26,694,0.16,901.13,985.25,525.23,111,,,,,
SET324,6,0.24,855,0.11,546.38,604.18,307.32,94,,,,,
SET325,6,0.10,"3,233",0.03,829.45,666.00,284.52,97,,,,,
SET326,6,0.25,"2,640",0.00,636.73,666.00,269.42,132,,,,,
SET327,6,0.12,465,0.26,"1,014.81",999.00,408.45,121,,,,,
SET328,6,0.17,419,0.31,490.59,540.15,260.61,130,,,,,
SET329,6,0.28,864,0.11,644.90,666.00,290.66,95,,,,,
SET330,6,0.14,496,0.25,559.85,553.20,284.98,124,,,,,
SET331,6,0.19,605,0.19,615.19,592.81,296.50,115,,,,,
SET332,6,0.08,"1,457",0.07,608.69,544.64,216.56,102,,,,,
SET333,6,0.06,"1,657",0.07,983.03,934.05,511.66,116,,,,,
SET334,6,0.23,908,0.12,607.63,626.00,335.20,109,,,,,
SET335,6,0.17,"5,150",0.02,673.83,757.86,326.96,103,,,,,
SET337,6,0.15,869,0.13,887.52,874.00,476.76,113,,,,,
SET339,6,0.25,575,0.20,670.50,720.20,373.90,115,,,,,
SET340,6,0.04,"5,650",0.02,903.98,783.00,353.04,113,,,,,
SET341,6,0.30,"1,514",0.07,777.06,846.08,404.73,106,,,,,
SET342,6,0.12,"1,060",0.10,993.73,842.86,335.66,106,,,,,
SET343,6,0.04,"2,750",0.04,"1,063.24",839.09,344.89,110,,,,,
SET344,6,0.29,197,0.64,664.99,880.62,433.17,126,,,,,
SET345,6,0.15,"1,070",0.10,616.36,648.63,328.14,107,,,,,
SET346,6,0.15,780,0.15,806.29,766.33,372.02,117,,,,,
SET347,6,0.30,"1,120",0.10,796.77,826.50,371.64,112,,,,,
SET348,6,0.19,326,0.31,932.58,857.78,432.69,101,,,,,
SET349,6,0.24,"1,023",0.13,"1,135.57","1,111.00",493.17,133,,,,,
SET350,6,0.29,613,0.15,879.61,"1,071.58",514.79,92,,,,,
SET351,6,0.27,"2,550",0.04,524.86,599.00,273.24,102,,,,,
SET352,6,0.29,536,0.22,419.16,486.00,265.47,118,,,,,
SET355,6,0.15,"1,117",0.12,"1,090.83","1,161.30",580.58,134,,,,,
SET356,6,0.02,807,0.15,"1,019.76",980.86,381.32,121,,,,,
SET357,6,0.04,955,0.11,997.73,752.35,326.80,105,,,,,
SET358,6,0.00,"3,367",0.03,"1,615.55","1,424.33",598.49,101,,,,,
SET359,6,0.07,800,0.14,930.42,882.25,464.22,112,,,,,
SET360,6,0.07,"1,940",0.05,"1,304.40","1,299.67",522.93,97,,,,,
SET361,6,0.05,"2,350",0.04,"1,860.51","1,424.33",665.36,94,,,,,
SET363,6,0.04,"1,091",0.11,"1,351.06","1,123.27",446.98,120,,,,,
SET364,6,0.18,"1,250",0.10,"1,618.30","1,537.67",636.63,125,,,,,
SET365,6,0.19,195,0.59,"1,254.08","1,130.89",540.24,115,,,,,
SET366,6,0.04,"2,360",0.00,"1,525.44","1,357.00",741.17,118,,,,,
SET369,6,0.24,337,0.27,"1,329.86","1,380.50",696.22,91,,,,,
SET372,6,0.18,"1,200",0.10,575.90,660.33,310.06,120,,,,,
SET374,6,0.06,"2,100",0.05,629.95,600.84,265.76,105,,,,,
SET375,6,0.28,823,0.13,656.68,680.17,344.27,107,,,,,
SET376,6,0.25,873,0.15,550.91,557.17,293.24,131,,,,,
SET377,6,0.01,"4,467",0.03,"1,210.96","1,043.03",425.62,134,,,,,
SET378,6,0.19,"1,567",0.06,"1,221.87","1,276.33",488.39,94,,,,,
SET380,6,0.08,"2,760",0.00,"1,153.31","1,013.63",466.91,138,,,,,
SET383,6,0.00,"1,500",0.06,594.13,565.79,294.67,90,,,,,
SET384,6,0.14,"1,467",0.06,613.66,629.00,316.83,88,,,,,
SET385,6,0.06,"1,600",0.08,663.91,629.00,343.98,128,,,,,
SET386,6,0.01,"2,575",0.04,663.60,589.19,232.48,103,,,,,
SET388,6,0.14,"1,378",0.09,"1,674.52","1,461.73",774.69,124,,,,,
SET389,6,0.12,368,0.25,620.32,614.09,277.57,92,,,,,
SET390,6,0.14,119,0.91,847.29,882.00,444.01,108,,,,,
SET392,6,0.29,750,0.12,695.78,799.00,364.18,90,,,,,
SET393,6,0.13,739,0.18,"1,329.44","1,129.43",496.11,133,,,,,
SET394,6,0.29,"1,400",0.08,865.46,"1,074.47",439.40,112,,,,,
SET395,6,0.00,583,0.18,"1,017.79",944.60,486.38,105,,,,,
SET396,6,0.29,"1,840",0.05,815.72,978.00,536.07,92,,,,,
SET397,6,0.25,"1,880",0.05,956.06,971.84,511.90,94,,,,,
SET398,6,0.23,"1,122",0.09,"1,093.60","1,142.84",453.71,101,,,,,
SET400,6,0.19,"1,720",0.05,"1,129.44","1,043.79",419.02,86,,,,,
SET401,6,0.26,300,0.35,"1,003.71",978.71,433.89,105,,,,,
SET402,6,0.16,"1,443",0.07,"1,086.86",974.73,437.11,101,,,,,
SET403,6,0.27,"6,200",0.02,910.64,989.00,442.99,124,,,,,
SET404,6,0.01,594,0.17,"1,407.75","1,163.00",517.34,101,,,,,
SET405,6,0.07,"10,100",0.01,731.47,739.20,322.99,101,,,,,
SET408,6,0.18,175,0.59,564.89,494.00,256.97,103,,,,,
SET409,6,0.03,560,0.20,736.31,641.00,257.35,112,,,,,
SET410,6,0.00,"1,044",0.09,601.66,545.33,272.89,94,,,,,
SET413,6,0.29,"1,111",0.09,641.04,703.52,277.58,100,,,,,
SET414,6,0.26,"1,110",0.10,849.78,999.00,385.02,111,,,,,
SET415,6,0.12,530,0.20,"1,037.05",939.00,405.51,106,,,,,
SET433,6,0.22,706,0.18,536.14,547.53,209.54,127,,,,,
SET435,6,0.19,"1,967",0.06,"1,325.60","1,357.00",572.71,118,,,,,
SET436,6,0.23,"2,775",0.04,"1,383.13","1,337.86",693.63,111,,,,,
AN202,7,0.02,"4,900",0.02,337.08,301.00,116.90,98,,,,,
AN204,7,0.06,"1,036",0.11,353.75,311.78,125.89,114,,,,,
AN205,7,0.27,"2,340",0.00,272.07,301.00,128.09,117,,,,,
AN209,7,0.21,"4,800",0.02,304.91,301.00,157.57,96,,,,,
AN211,7,0.27,"4,367",0.03,291.01,301.00,125.65,131,,,,,
AN213,7,0.12,"1,425",0.08,309.73,296.22,160.00,114,,,,,
BL006,7,0.28,236,0.42,356.50,388.00,173.75,99,,,,,
BL009,7,0.25,"2,140",0.05,284.50,344.00,188.00,107,,,,,
BL021,7,0.22,"1,571",0.07,448.77,418.00,193.03,110,,,,,
BL025,7,0.28,920,0.10,330.78,388.00,210.30,92,,,,,
BL035,7,0.09,"9,500",0.01,447.82,377.00,193.74,95,,,,,
BL036,7,0.30,900,0.11,309.31,418.00,212.93,99,,,,,
BL041,7,0.11,544,0.18,387.39,388.00,206.11,98,,,,,
BL087,7,0.00,106,1.03,609.02,499.00,211.84,109,,,,,
BL089,7,0.26,954,0.13,302.34,301.00,158.96,124,,,,,
BL090,7,0.21,41,2.27,486.67,499.00,272.93,92,,,,,
BL098,7,0.12,154,0.56,364.33,301.00,115.01,86,,,,,
BL099,7,0.29,"4,600",0.02,260.58,301.00,138.70,92,,,,,
BL103,7,0.24,"1,070",0.10,463.30,499.00,249.75,107,,,,,
BL104,7,0.15,36,2.85,485.13,522.70,233.12,102,,,,,
BL110,7,0.22,94,1.06,345.70,333.00,162.41,100,,,,,
BL111,7,0.05,"12,700",0.01,324.96,301.00,142.21,127,,,,,
BL113,7,0.07,535,0.20,312.89,246.50,102.67,107,,,,,
BTM002,7,0.02,350,0.26,694.85,518.00,247.23,91,,,,,
BTM008,7,0.22,"1,880",0.00,557.64,518.00,219.43,94,,,,,
BTM029,7,0.26,"1,475",0.08,472.28,518.00,267.32,118,,,,,
BTM037,7,0.18,"3,100",0.03,364.09,345.00,179.75,93,,,,,
BTM038,7,0.13,"1,310",0.10,422.22,366.97,197.77,131,,,,,
BTM039,7,0.01,700,0.13,569.11,524.57,203.90,91,,,,,
BTM041,7,0.02,"1,178",0.09,408.83,331.00,136.56,106,,,,,
BTM042,7,0.12,907,0.14,296.26,317.00,157.93,127,,,,,
BTM043,7,0.24,"1,238",0.08,344.21,369.98,197.34,99,,,,,
BTM044,7,0.29,"1,375",0.08,295.56,377.00,163.50,110,,,,,
BTM046,7,0.22,545,0.22,320.64,369.00,180.64,120,,,,,
CH201,7,0.13,196,0.56,308.42,301.00,163.52,110,,,,,
CH208,7,0.22,"5,300",0.02,282.05,301.00,150.35,106,,,,,
J0001,7,0.03,"1,300",0.07,848.75,690.00,321.42,91,,,,,
J0002,7,0.02,"2,375",0.04,"1,307.52","1,239.91",674.70,95,,,,,
J0003,7,0.27,"1,357",0.07,601.23,671.62,265.57,95,,,,,
J0004,7,0.18,936,0.11,"1,083.31","1,186.00",600.12,103,,,,,
J0005,7,0.28,"1,067",0.09,806.06,894.99,391.44,96,,,,,
J0006,7,0.21,100,1.14,896.19,891.07,442.87,114,,,,,
J0007,7,0.24,909,0.11,"1,071.91","1,133.00",522.98,100,,,,,
J0008,7,0.01,102,1.20,"1,434.98","1,107.82",506.34,122,,,,,
J0009,7,0.15,"2,040",0.00,907.99,915.00,474.50,102,,,,,
J0010,7,0.02,"1,075",0.12,"1,285.75",995.60,383.48,129,,,,,
J0011,7,0.10,750,0.16,"1,571.01","1,452.86",607.62,120,,,,,
J0012,7,0.14,424,0.21,"1,257.44","1,199.00",467.95,89,,,,,
J0013,7,0.18,614,0.21,"1,122.39","1,072.00",426.53,129,,,,,
J0014,7,0.09,"4,900",0.02,"1,584.30","1,648.00",738.89,98,,,,,
J0023,7,0.01,44,2.42,489.98,387.00,207.03,106,,,,,
J0025,7,0.09,81,1.54,652.33,566.00,292.44,125,,,,,
J0033,7,0.10,"2,450",0.04,416.00,399.00,201.04,98,,,,,
J0034,7,0.27,"1,900",0.00,565.30,717.00,293.34,95,,,,,
J0040,7,0.11,893,0.14,619.10,643.00,273.57,125,,,,,
J0041,7,0.00,"3,700",0.03,862.32,628.00,315.40,111,,,,,
J0043,7,0.22,"3,933",0.03,615.38,611.00,238.13,118,,,,,
J0049,7,0.22,"3,900",0.03,274.04,321.00,122.70,117,,,,,
J0057,7,0.20,"1,860",0.05,439.36,467.46,240.02,93,,,,,
J0062,7,0.18,864,0.11,489.75,475.00,260.80,95,,,,,
J0072,7,0.20,383,0.24,341.52,318.00,160.72,92,,,,,
J0073,7,0.20,"2,400",0.04,283.79,333.00,136.99,96,,,,,
J0074,7,0.07,618,0.17,317.11,301.00,129.38,105,,,,,
J0077,7,0.10,"1,200",0.08,"1,346.57","1,099.00",460.35,96,,,,,
J0078,7,0.19,"1,920",0.00,832.62,976.00,524.51,96,,,,,
J0080,7,0.30,"1,362",0.08,429.04,547.00,267.52,109,,,,,
J0081,7,0.16,692,0.12,756.76,650.17,344.79,83,,,,,
J0082,7,0.03,"1,022",0.09,441.63,360.00,194.85,92,,,,,
J0083,7,0.05,808,0.13,612.75,565.00,263.07,105,,,,,
J0085,7,0.15,"1,133",0.09,315.70,346.00,139.53,102,,,,,
J0089,7,0.06,75,1.42,340.61,341.88,184.34,106,,,,,
J0090,7,0.19,"2,650",0.04,495.82,539.00,267.95,106,,,,,
J0091,7,0.07,656,0.18,380.29,301.00,148.91,118,,,,,
J0092,7,0.16,"4,600",0.02,829.92,826.39,352.01,92,,,,,
J0094,7,0.23,"2,150",0.04,604.59,603.00,240.70,86,,,,,
J0095,7,0.06,782,0.11,818.79,635.16,298.35,86,,,,,
J0096,7,0.05,"4,700",0.02,719.57,635.00,336.34,94,,,,,
J0097,7,0.20,890,0.10,506.71,567.07,243.13,89,,,,,
J0098,7,0.03,855,0.11,372.07,311.60,131.08,94,,,,,
J0103,7,0.24,"1,850",0.06,695.46,669.00,280.27,111,,,,,
J0104,7,0.18,"8,600",0.01,512.08,469.00,218.58,86,,,,,
J0105,7,0.18,782,0.11,879.01,999.00,460.67,86,,,,,
J0106,7,0.21,294,0.31,"1,013.04",992.20,473.60,91,,,,,
J0108,7,0.20,"1,767",0.06,"1,111.00","1,110.86",606.17,106,,,,,
J0110,7,0.19,"1,700",0.06,"1,037.98",937.00,503.38,102,,,,,
J0111,7,0.11,230,0.37,411.43,423.00,230.39,85,,,,,
J0112,7,0.25,"1,100",0.08,323.76,349.00,154.19,88,,,,,
J0113,7,0.13,316,0.32,627.32,531.05,263.70,101,,,,,
J0116,7,0.08,109,0.82,395.29,360.00,167.68,89,,,,,
J0117,7,0.25,"2,180",0.05,495.85,542.49,251.47,109,,,,,
J0118,7,0.16,130,0.69,451.01,499.61,197.70,90,,,,,
J0119,7,0.13,"4,900",0.02,566.60,567.62,288.14,98,,,,,
J0120,7,0.25,"2,600",0.04,318.53,365.00,175.29,104,,,,,
J0122,7,0.13,152,0.67,396.43,330.00,139.11,102,,,,,
J0123,7,0.21,"4,133",0.03,273.20,301.00,153.84,124,,,,,
J0124,7,0.19,340,0.25,552.60,563.22,302.40,85,,,,,
J0126,7,0.26,"1,529",0.07,744.53,783.00,392.08,107,,,,,
J0127,7,0.20,423,0.26,"1,050.10","1,186.00",619.79,110,,,,,
J0129,7,0.17,"2,050",0.06,738.34,729.00,285.73,123,,,,,
J0130,7,0.12,"1,278",0.09,839.42,729.00,300.80,115,,,,,
J0131,7,0.25,664,0.14,374.55,369.00,163.22,93,,,,,
J0132,7,0.05,442,0.24,415.98,345.00,138.64,106,,,,,
J0133,7,0.19,255,0.33,378.62,364.00,150.47,84,,,,,
J0134,7,0.08,"1,700",0.06,733.86,729.00,377.83,102,,,,,
J0135,7,0.13,770,0.10,702.32,584.54,232.80,77,,,,,
J0136,7,0.20,30,3.18,498.20,568.00,260.32,94,,,,,
J0137,7,0.30,467,0.21,640.31,692.38,285.77,98,,,,,
J0142,7,0.04,"1,033",0.09,431.82,393.64,187.92,93,,,,,
J0143,7,0.09,72,1.24,808.09,645.00,265.05,89,,,,,
J0144,7,0.04,"8,400",0.01,623.70,499.00,237.56,84,,,,,
J0145,7,0.09,800,0.12,589.43,493.00,199.01,96,,,,,
J0147,7,0.00,"1,275",0.08,656.85,583.00,319.96,102,,,,,
J0148,7,0.28,"1,060",0.10,519.72,599.00,277.44,106,,,,,
J0150,7,0.15,127,0.83,429.44,399.00,204.38,105,,,,,
J0151,7,0.00,"1,175",0.08,524.50,397.50,210.53,94,,,,,
J0152,7,0.22,289,0.35,761.80,899.00,442.85,101,,,,,
J0153,7,0.10,"1,933",0.06,552.93,443.00,172.64,116,,,,,
J0154,7,0.16,379,0.29,426.05,372.51,184.41,110,,,,,
J0157,7,0.12,"1,089",0.09,692.01,687.01,295.75,98,,,,,
J0158,7,0.22,159,0.64,849.27,813.77,397.27,102,,,,,
J0159,7,0.06,"1,078",0.09,670.21,579.00,222.80,97,,,,,
J0162,7,0.11,522,0.18,"1,292.94","1,199.00",558.10,94,,,,,
J0164,7,0.19,"2,925",0.04,365.00,388.45,194.84,117,,,,,
J0165,7,0.07,"1,350",0.08,397.47,341.00,185.41,108,,,,,
J0167,7,0.03,745,0.11,398.88,315.00,146.33,82,,,,,
J0168,7,0.07,"1,050",0.08,491.84,443.00,225.09,84,,,,,
J0172,7,0.17,"1,333",0.06,546.12,518.00,260.36,80,,,,,
J0173,7,0.18,"1,550",0.06,438.84,413.33,163.51,93,,,,,
J0174,7,0.02,"1,314",0.07,538.44,423.00,175.16,92,,,,,
J0175,7,0.24,586,0.14,386.43,476.00,205.59,82,,,,,
J0176,7,0.03,153,0.49,507.12,387.00,197.09,75,,,,,
J0179,7,0.26,"1,475",0.08,623.40,696.00,324.89,118,,,,,
J0180,7,0.04,"7,900",0.01,477.93,436.00,194.75,79,,,,,
J0181,7,0.25,"1,386",0.07,334.14,392.67,150.17,97,,,,,
J0183,7,0.10,"2,450",0.04,486.04,443.00,225.42,98,,,,,
J0184,7,0.27,"7,600",0.01,402.20,405.00,176.47,76,,,,,
J0185,7,0.19,"13,600",0.02,733.65,766.00,385.86,272,,,,,
J0188,7,0.20,"2,800",0.03,400.02,381.00,176.34,84,,,,,
J0189,7,0.04,677,0.13,329.85,317.00,161.54,88,,,,,
J0190,7,0.17,"1,010",0.10,348.38,345.00,147.04,101,,,,,
J0194,7,0.11,"1,300",0.09,830.60,668.00,326.41,117,,,,,
J0196,7,0.11,"3,233",0.03,515.51,438.92,194.23,97,,,,,
J0197,7,0.18,"4,050",0.02,575.89,625.00,276.44,81,,,,,
J0198,7,0.28,"8,700",0.01,551.48,625.00,286.82,87,,,,,
J0201,7,0.05,"9,100",0.01,667.42,620.75,253.26,91,,,,,
J0203,7,0.19,709,0.11,554.83,574.00,297.50,78,,,,,
J0204,7,0.23,"1,520",0.05,744.86,731.17,397.07,76,,,,,
J0205,7,0.13,"1,100",0.09,444.41,387.00,173.98,99,,,,,
J0207,7,0.16,873,0.11,839.92,885.00,384.81,96,,,,,
J0209,7,0.15,411,0.18,619.60,531.00,245.82,74,,,,,
J0210,7,0.18,"9,100",0.01,863.00,837.00,428.12,91,,,,,
J0212,7,0.03,"1,162",0.08,907.66,791.00,411.60,93,,,,,
J0213,7,0.17,407,0.29,609.37,599.00,259.09,118,,,,,
J0215,7,0.11,745,0.11,612.02,545.00,212.96,82,,,,,
J0216,7,0.13,"1,760",0.05,677.49,625.00,329.14,88,,,,,
J0217,7,0.14,111,0.72,558.29,532.00,261.75,80,,,,,
J0219,7,0.23,"10,200",0.01,565.80,599.00,317.89,102,,,,,
J0220,7,0.09,"2,800",0.04,632.30,625.00,245.50,112,,,,,
J0223,7,0.10,"1,175",0.08,"1,418.39","1,181.00",553.08,94,,,,,
J0224,7,0.23,121,0.67,"1,301.94","1,364.00",537.49,81,,,,,
J0225,7,0.12,"5,750",0.02,619.13,642.00,304.43,115,,,,,
J0226,7,0.01,330,0.23,"1,956.16","1,499.00",600.88,76,,,,,
J0228,7,0.12,"1,471",0.07,"2,056.61","1,698.00",859.44,103,,,,,
J0230,7,0.15,"3,000",0.03,"1,522.62","1,296.60",532.99,90,,,,,
J0231,7,0.16,"3,267",0.03,"1,226.23","1,238.00",564.05,98,,,,,
J0233,7,0.15,229,0.34,"1,211.73","1,299.00",661.04,78,,,,,
J0234,7,0.29,"2,225",0.04,"1,019.85","1,166.45",623.09,89,,,,,
J0235,7,0.17,"2,867",0.03,984.69,"1,089.00",432.85,86,,,,,
J0236,7,0.11,317,0.24,"1,156.42",943.68,374.58,76,,,,,
J0237,7,0.12,44,2.05,"1,342.36","1,369.00",605.61,91,,,,,
J0238,7,0.19,990,0.10,"2,395.77","2,598.00","1,279.16",99,,,,,
J0239,7,0.22,727,0.11,"1,270.11","1,365.69",670.06,80,,,,,
J0243,7,0.19,956,0.09,958.17,999.00,417.00,86,,,,,
J0244,7,0.23,"5,500",0.02,"1,234.75","1,207.39",532.28,110,,,,,
J0247,7,0.23,911,0.09,723.76,777.00,406.00,82,,,,,
J0248,7,0.27,"4,750",0.02,691.85,854.00,339.25,95,,,,,
J0249,7,0.01,"1,720",0.05,"1,063.03",939.00,419.65,86,,,,,
J0251,7,0.09,"1,056",0.09,810.30,725.00,381.89,95,,,,,
J0254,7,0.26,166,0.68,611.39,750.00,399.56,113,,,,,
J0277,7,0.15,533,0.18,"1,465.57","1,364.00",596.35,96,,,,,
J0278,7,0.20,"1,467",0.06,759.79,761.00,417.90,88,,,,,
J0280,7,0.03,82,1.38,"1,962.34","1,556.00",813.26,113,,,,,
J0281,7,0.07,332,0.28,"1,893.10","1,477.00",674.57,93,,,,,
J0282,7,0.01,277,0.30,"1,332.75",983.14,425.09,83,,,,,
J0283,7,0.20,"1,088",0.08,947.56,857.60,376.63,87,,,,,
J0284,7,0.03,"1,925",0.04,"1,326.15","1,203.87",616.23,77,,,,,
J0285,7,0.04,264,0.33,"1,546.91","1,470.16",630.60,87,,,,,
J0290,7,0.10,"2,867",0.03,555.48,534.00,272.16,86,,,,,
J0291,7,0.27,77,1.00,854.87,859.00,333.69,77,,,,,
J0292,7,0.28,"1,583",0.06,356.91,356.57,176.39,95,,,,,
J0293,7,0.01,"1,660",0.00,601.77,450.00,190.39,83,,,,,
J0294,7,0.24,"2,375",0.04,311.88,377.00,165.72,95,,,,,
J0295,7,0.21,368,0.22,931.99,853.89,346.36,81,,,,,
J0296,7,0.08,412,0.17,572.10,519.00,246.10,70,,,,,
J0297,7,0.08,"2,000",0.05,556.20,574.00,251.53,100,,,,,
J0298,7,0.01,"2,800",0.04,554.36,464.76,210.72,112,,,,,
J0300,7,0.06,113,0.78,301.65,301.00,146.73,88,,,,,
J0301,7,0.01,"3,533",0.03,623.27,507.56,256.28,106,,,,,
J0302,7,0.12,171,0.42,548.96,533.87,271.48,72,,,,,
J0304,7,0.03,"1,300",0.08,354.95,301.00,115.76,104,,,,,
J0305,7,0.02,"1,740",0.00,726.24,586.00,283.14,87,,,,,
J0306,7,0.23,933,0.09,824.73,791.00,315.10,84,,,,,
J0307,7,0.11,392,0.26,590.87,518.00,269.35,102,,,,,
J0308,7,0.27,"3,633",0.03,580.00,661.04,292.65,109,,,,,
J0310,7,0.02,"1,650",0.06,423.15,323.00,134.01,99,,,,,
J0323,7,0.21,613,0.15,576.66,534.00,284.17,92,,,,,
J0328,7,0.19,"9,800",0.01,830.50,939.00,424.36,98,,,,,
J0329,7,0.17,677,0.13,874.17,852.00,397.26,88,,,,,
J0330,7,0.10,"8,900",0.01,594.91,575.00,297.16,89,,,,,
J0331,7,0.02,463,0.19,869.56,832.00,355.42,88,,,,,
J0332,7,0.05,"1,467",0.06,814.82,668.00,335.52,88,,,,,
J0333,7,0.07,"1,820",0.05,"1,112.74",885.00,483.09,91,,,,,
J0334,7,0.08,274,0.38,607.41,596.41,262.58,104,,,,,
J0335,7,0.21,"1,300",0.07,"1,037.31",984.04,511.59,91,,,,,
J0336,7,0.04,"2,756",0.09,861.00,665.00,259.43,248,,,,,
J0337,7,0.01,238,0.42,739.19,545.00,211.37,100,,,,,
J0338,7,0.24,514,0.14,780.84,899.00,354.63,72,,,,,
J0339,7,0.22,613,0.15,849.46,797.03,388.21,92,,,,,
J0340,7,0.17,"2,667",0.03,626.87,649.84,355.71,80,,,,,
J0341,7,0.28,"2,725",0.04,789.70,882.16,345.97,109,,,,,
J0342,7,0.25,557,0.14,530.39,662.36,316.08,78,,,,,
J0343,7,0.02,"1,680",0.00,923.99,885.00,341.32,84,,,,,
J0344,7,0.07,900,0.08,692.18,571.59,220.74,72,,,,,
J0345,7,0.02,"1,417",0.06,564.74,478.00,193.58,85,,,,,
J0346,7,0.15,"2,500",0.03,463.06,478.00,238.97,75,,,,,
J0348,7,0.27,264,0.39,389.64,478.00,193.74,103,,,,,
J0349,7,0.05,"4,150",0.02,"1,083.59",888.00,440.56,83,,,,,
J0350,7,0.05,"1,380",0.00,497.82,499.00,260.07,69,,,,,
J0351,7,0.22,"3,633",0.03,864.45,832.00,378.85,109,,,,,
J0352,7,0.16,"3,433",0.03,605.65,669.00,261.48,103,,,,,
J0353,7,0.23,50,1.48,539.67,627.44,270.85,74,,,,,
J0354,7,0.16,530,0.20,632.18,635.00,287.71,106,,,,,
J0355,7,0.30,830,0.10,540.01,632.48,337.42,83,,,,,
J0370,7,0.25,971,0.07,0.00,0.00,0.00,68,,,,,
J0372,7,0.10,862,0.08,"1,149.58","1,099.00",507.61,69,,,,,
J0373,7,0.27,"1,600",0.05,578.39,571.09,228.92,80,,,,,
J0374,7,0.10,645,0.11,704.32,614.00,249.52,71,,,,,
J0376,7,0.23,"1,717",0.06,857.31,"1,052.15",454.01,103,,,,,
J0377,7,0.07,385,0.27,"1,111.32",995.34,428.57,104,,,,,
J0378,7,0.18,"1,820",0.00,"1,274.50","1,146.00",560.26,91,,,,,
J0379,7,0.29,580,0.15,"1,093.06","1,332.33",666.28,87,,,,,
J0381,7,0.17,368,0.28,778.51,866.00,357.04,103,,,,,
J0382,7,0.09,"3,133",0.03,"1,601.65","1,338.00",538.68,94,,,,,
J0385,7,0.03,957,0.07,"1,087.13",888.00,395.27,67,,,,,
J0386,7,0.26,200,0.34,885.68,957.79,457.39,68,,,,,
J0388,7,0.12,53,1.91,648.95,690.00,290.23,101,,,,,
J0389,7,0.07,395,0.19,679.78,665.00,254.83,75,,,,,
J0390,7,0.04,153,0.47,760.74,625.00,277.21,72,,,,,
J0391,7,0.02,938,0.08,759.20,690.00,364.10,75,,,,,
J0395,7,0.02,"1,183",0.06,"1,032.43",859.00,339.09,71,,,,,
J0396,7,0.13,238,0.40,927.22,859.00,397.78,95,,,,,
J0397,7,0.14,348,0.21,980.63,992.20,461.12,73,,,,,
J0399,7,0.05,106,0.72,"1,038.47",791.00,347.65,76,,,,,
J0400,7,0.01,755,0.11,"1,143.68",859.00,369.94,83,,,,,
J0401,7,0.17,"3,450",0.02,887.12,820.38,340.22,69,,,,,
J0402,7,0.22,592,0.13,578.12,688.00,356.75,77,,,,,
J0413,7,0.01,"1,580",0.00,797.52,741.00,379.78,79,,,,,
J0414,7,0.08,383,0.24,995.34,885.00,352.85,92,,,,,
J0415,7,0.29,"1,683",0.06,706.11,899.00,442.79,101,,,,,
J0416,7,0.02,300,0.27,"1,125.75",825.00,401.07,81,,,,,
J0418,7,0.23,"2,300",0.03,637.56,749.00,294.70,69,,,,,
J0419,7,0.28,265,0.26,695.16,791.00,350.09,69,,,,,
JNE1408,7,0.17,"1,520",0.00,300.02,307.00,140.53,76,,,,,
JNE1906,7,0.17,332,0.25,403.87,382.00,171.73,83,,,,,
JNE1951,7,0.13,288,0.25,370.64,389.00,211.93,72,,,,,
JNE1977,7,0.18,"2,000",0.04,296.33,301.00,163.64,80,,,,,
JNE1998,7,0.05,"8,900",0.01,327.74,301.00,123.46,89,,,,,
JNE2009,7,0.06,142,0.62,385.00,301.00,147.12,88,,,,,
JNE2014,7,0.05,880,0.10,341.82,338.11,178.65,88,,,,,
JNE2032,7,0.20,692,0.13,160.20,146.19,67.43,90,,,,,
JNE2049,7,0.18,"2,667",0.03,480.51,436.80,183.06,80,,,,,
JNE2086,7,0.17,733,0.12,653.66,682.36,350.26,88,,,,,
JNE2100,7,0.06,"1,157",0.07,317.49,254.67,113.10,81,,,,,
JNE2113,7,0.09,850,0.12,523.27,542.00,293.34,102,,,,,
JNE2131,7,0.26,"1,088",0.08,615.42,599.00,264.89,87,,,,,
JNE2153,7,0.25,"9,700",0.01,410.10,443.00,202.93,97,,,,,
JNE2171,7,0.27,29,2.56,442.25,524.00,223.52,74,,,,,
JNE2199,7,0.21,60,1.25,328.48,353.30,135.70,75,,,,,
JNE2205,7,0.01,621,0.14,378.25,356.00,164.55,87,,,,,
JNE2251,7,0.20,"1,178",0.09,445.69,399.00,197.54,106,,,,,
JNE2265,7,0.00,"1,760",0.00,344.66,324.00,163.28,88,,,,,
JNE2270,7,0.16,700,0.11,568.43,529.00,283.89,77,,,,,
JNE2291,7,0.23,400,0.25,354.43,382.00,208.45,100,,,,,
JNE2305,7,0.02,49,1.52,459.92,339.56,131.19,74,,,,,
JNE3030,7,0.21,426,0.19,660.57,736.00,300.20,81,,,,,
JNE3042,7,0.16,618,0.11,307.61,296.22,127.87,68,,,,,
JNE3068,7,0.08,"2,020",0.05,780.44,696.00,362.30,101,,,,,
JNE3160,7,0.07,856,0.09,897.38,744.54,389.70,77,,,,,
JNE3252,7,0.07,"2,933",0.03,478.35,479.00,243.07,88,,,,,
JNE3255,7,0.08,"1,825",0.04,500.83,487.00,222.38,73,,,,,
JNE3256,7,0.23,488,0.16,401.81,463.81,198.75,78,,,,,
JNE3261,7,0.18,61,1.31,407.04,379.40,166.09,80,,,,,
JNE3265,7,0.27,345,0.20,259.11,318.00,159.77,69,,,,,
JNE3270,7,0.01,811,0.09,465.49,375.94,145.74,73,,,,,
JNE3273,7,0.14,382,0.17,459.70,475.00,201.66,65,,,,,
JNE3284,7,0.25,"1,460",0.05,320.61,316.29,167.65,73,,,,,
JNE3288,7,0.17,126,0.53,487.86,426.00,203.91,67,,,,,
JNE3291,7,0.25,660,0.10,430.15,465.73,236.54,66,,,,,
JNE3294,7,0.11,870,0.10,441.58,422.87,206.99,87,,,,,
JNE3311,7,0.17,120,0.61,562.76,599.00,252.28,73,,,,,
JNE3313,7,0.15,"2,200",0.04,528.05,582.00,318.68,88,,,,,
JNE3323,7,0.08,867,0.09,316.79,301.00,159.61,78,,,,,
JNE3334,7,0.24,690,0.10,309.10,318.00,172.41,69,,,,,
JNE3338,7,0.17,527,0.15,0.00,0.00,0.00,79,,,,,
JNE3339,7,0.19,513,0.15,341.03,305.00,119.65,77,,,,,
JNE3342,7,0.24,"7,900",0.01,383.05,424.00,215.75,79,,,,,
JNE3363,7,0.29,557,0.14,293.00,319.20,162.01,78,,,,,
JNE3364,7,0.23,962,0.08,299.35,318.33,128.79,77,,,,,
JNE3365,7,0.12,767,0.12,419.48,387.73,166.87,92,,,,,
JNE3366,7,0.24,493,0.15,332.05,382.00,179.31,74,,,,,
JNE3368,7,0.05,178,0.37,527.58,459.25,244.95,66,,,,,
JNE3370,7,0.14,"1,078",0.09,318.64,305.00,116.59,97,,,,,
JNE3371,7,0.10,825,0.08,409.71,350.90,164.75,66,,,,,
JNE3373,7,0.16,988,0.08,442.57,382.00,198.85,79,,,,,
JNE3375,7,0.13,950,0.08,305.15,301.00,140.51,76,,,,,
JNE3376,7,0.29,822,0.09,326.59,432.00,205.74,74,,,,,
JNE3384,7,0.01,234,0.32,364.65,301.00,134.04,75,,,,,
JNE3389,7,0.19,173,0.41,443.38,441.24,195.04,71,,,,,
JNE3391,7,0.08,425,0.16,430.25,421.72,228.70,68,,,,,
JNE3395,7,0.09,980,0.10,398.84,333.00,160.72,98,,,,,
JNE3396,7,0.06,60,1.39,634.68,484.10,235.43,84,,,,,
JNE3399,7,0.13,"2,667",0.03,546.73,455.04,211.35,80,,,,,
JNE3400,7,0.05,650,0.10,487.93,459.00,185.62,65,,,,,
JNE3401,7,0.19,569,0.13,330.70,301.00,131.84,74,,,,,
JNE3403,7,0.07,"1,700",0.00,481.12,399.00,208.40,85,,,,,
JNE3404,7,0.15,692,0.13,518.58,504.69,271.52,90,,,,,
JNE3405,7,0.20,962,0.08,403.65,407.17,179.47,77,,,,,
JNE3407,7,0.27,288,0.26,293.71,298.61,162.89,75,,,,,
JNE3412,7,0.15,900,0.10,450.37,435.00,169.72,90,,,,,
JNE3413,7,0.23,"2,667",0.03,453.48,498.84,261.31,80,,,,,
JNE3416,7,0.05,"1,043",0.07,349.61,301.00,123.80,73,,,,,
JNE3421,7,0.27,912,0.08,410.60,449.00,197.85,73,,,,,
JNE3422,7,0.12,840,0.10,295.65,301.00,142.10,84,,,,,
JNE3423,7,0.27,789,0.09,337.21,338.33,154.70,71,,,,,
JNE3429,7,0.18,179,0.42,335.33,318.00,125.96,75,,,,,
JNE3431,7,0.06,412,0.16,398.05,333.00,172.07,66,,,,,
JNE3434,7,0.21,148,0.46,288.81,337.00,181.38,68,,,,,
JNE3435,7,0.01,165,0.43,608.19,487.00,264.59,71,,,,,
JNE3437,7,0.09,"3,500",0.02,513.91,517.00,282.75,70,,,,,
JNE3438,7,0.04,46,1.71,474.81,459.00,245.08,78,,,,,
JNE3439,7,0.30,"1,680",0.05,405.31,469.00,203.49,84,,,,,
JNE3440,7,0.03,577,0.13,477.37,413.22,222.27,75,,,,,
JNE3445,7,0.15,507,0.14,519.96,487.00,197.90,71,,,,,
JNE3446,7,0.22,"2,433",0.03,265.63,314.97,171.99,73,,,,,
JNE3449,7,0.24,"2,400",0.03,274.71,301.00,151.13,72,,,,,
JNE3451,7,0.05,447,0.19,382.13,362.00,191.83,85,,,,,
JNE3452,7,0.00,640,0.10,413.38,296.22,127.84,64,,,,,
JNE3454,7,0.18,778,0.09,450.72,441.00,195.40,70,,,,,
JNE3456,7,0.28,"1,033",0.06,279.70,301.00,130.73,62,,,,,
JNE3457,7,0.20,"2,075",0.04,371.52,399.00,159.93,83,,,,,
JNE3458,7,0.24,231,0.29,308.75,375.06,159.42,67,,,,,
JNE3459,7,0.20,231,0.36,450.86,405.00,159.05,83,,,,,
JNE3461,7,0.08,615,0.13,422.21,399.00,164.95,80,,,,,
JNE3463,7,0.23,"1,150",0.06,529.64,574.00,288.18,69,,,,,
JNE3465,7,0.20,462,0.16,513.11,502.08,261.00,74,,,,,
JNE3466,7,0.09,61,1.10,736.86,764.88,323.08,67,,,,,
JNE3467,7,0.11,609,0.11,0.00,0.00,0.00,67,,,,,
JNE3468,7,0.03,812,0.08,475.56,396.08,163.52,65,,,,,
JNE3470,7,0.07,"2,333",0.03,214.12,200.67,76.58,70,,,,,
JNE3472,7,0.01,655,0.11,338.41,319.00,155.28,72,,,,,
JNE3473,7,0.29,473,0.15,382.72,487.00,203.57,71,,,,,
JNE3475,7,0.22,789,0.09,354.09,333.00,130.46,71,,,,,
JNE3476,7,0.01,347,0.19,504.95,395.36,159.75,66,,,,,
JNE3479,7,0.02,"6,900",0.01,331.54,297.42,141.89,69,,,,,
JNE3480,7,0.24,875,0.08,245.45,301.00,156.31,70,,,,,
JNE3481,7,0.03,"4,500",0.02,359.19,286.67,121.08,90,,,,,
JNE3482,7,0.02,"1,500",0.06,389.66,318.00,134.11,90,,,,,
JNE3484,7,0.24,664,0.14,271.87,300.20,159.85,93,,,,,
JNE3487,7,0.25,"1,214",0.07,296.70,336.04,133.26,85,,,,,
JNE3489,7,0.09,670,0.10,498.96,487.00,192.06,67,,,,,
JNE3500,7,0.10,"1,575",0.04,402.26,348.00,172.47,63,,,,,
JNE3501,7,0.25,"1,317",0.06,349.97,335.77,133.55,79,,,,,
JNE3504,7,0.04,"1,420",0.05,489.77,459.00,251.60,71,,,,,
JNE3506,7,0.05,"7,200",0.01,759.49,635.00,251.51,72,,,,,
JNE3510,7,0.15,166,0.41,479.81,471.00,251.74,68,,,,,
JNE3515,7,0.30,237,0.27,396.04,469.00,232.49,64,,,,,
JNE3516,7,0.09,450,0.16,363.79,351.00,136.36,72,,,,,
JNE3517,7,0.06,59,1.45,567.57,451.00,237.12,85,,,,,
JNE3518,7,0.13,710,0.10,515.19,485.45,188.55,71,,,,,
JNE3520,7,0.24,248,0.25,394.93,419.00,194.91,62,,,,,
JNE3522,7,0.14,"1,000",0.07,279.98,281.46,127.37,70,,,,,
JNE3526,7,0.28,"1,233",0.06,241.35,301.00,133.92,74,,,,,
JNE3530,7,0.17,"2,367",0.03,319.14,356.00,178.05,71,,,,,
JNE3532,7,0.04,"8,700",0.01,448.01,359.00,156.41,87,,,,,
JNE3534,7,0.06,686,0.14,362.79,345.00,145.62,96,,,,,
JNE3543,7,0.01,609,0.11,441.53,345.32,157.67,67,,,,,
JNE3544,7,0.00,44,1.83,379.72,320.00,151.98,80,,,,,
JNE3546,7,0.26,711,0.09,378.95,428.34,210.04,64,,,,,
JNE3548,7,0.21,"1,925",0.04,495.92,517.00,271.78,77,,,,,
JNE3549,7,0.05,492,0.12,178.04,159.00,66.87,59,,,,,
JNE3550,7,0.23,710,0.10,251.52,301.00,133.92,71,,,,,
JNE3553,7,0.14,396,0.23,515.03,517.00,275.46,91,,,,,
JNE3554,7,0.02,"1,300",0.07,649.69,517.00,276.96,91,,,,,
JNE3559,7,0.16,583,0.12,524.86,487.00,191.32,70,,,,,
JNE3560,7,0.25,609,0.11,430.17,498.67,268.10,67,,,,,
JNE3562,7,0.23,583,0.12,443.87,476.00,195.30,70,,,,,
JNE3563,7,0.05,"4,000",0.02,483.13,455.00,195.62,80,,,,,
JNE3564,7,0.14,"2,950",0.02,459.39,475.41,254.90,59,,,,,
JNE3565,7,0.08,76,0.84,309.55,318.00,170.31,64,,,,,
JNE3567,7,0.27,223,0.31,340.50,342.00,130.74,69,,,,,
JNE3568,7,0.26,"3,900",0.02,310.06,372.86,181.35,78,,,,,
JNE3571,7,0.22,"2,933",0.03,429.10,487.00,200.56,88,,,,,
JNE3573,7,0.03,"2,133",0.03,404.02,362.86,141.14,64,,,,,
JNE3574,7,0.01,"1,575",0.04,326.18,301.00,115.10,63,,,,,
JNE3577,7,0.15,"2,300",0.03,735.61,679.43,364.04,69,,,,,
JNE3578,7,0.17,487,0.15,546.72,612.00,255.75,73,,,,,
JNE3579,7,0.29,134,0.47,234.43,301.00,136.98,63,,,,,
JNE3581,7,0.12,862,0.08,712.84,635.00,303.46,69,,,,,
JNE3601,7,0.13,988,0.08,300.27,295.27,115.00,79,,,,,
JNE3602,7,0.16,642,0.12,434.96,399.00,157.97,77,,,,,
JNE3603,7,0.15,"2,467",0.03,318.56,301.00,141.28,74,,,,,
JNE3605,7,0.14,790,0.10,506.69,517.00,274.58,79,,,,,
JNE3606,7,0.28,"1,380",0.00,440.93,479.27,223.46,69,,,,,
JNE3607,7,0.02,"4,600",0.02,502.92,470.51,257.87,92,,,,,
JNE3608,7,0.01,214,0.28,418.95,341.90,160.81,60,,,,,
JNE3609,7,0.04,"3,300",0.02,655.97,568.00,306.96,66,,,,,
JNE3611,7,0.26,"3,000",0.02,396.95,469.00,248.58,60,,,,,
JNE3612,7,0.22,473,0.15,379.78,386.00,169.70,71,,,,,
JNE3613,7,0.27,"1,800",0.05,300.45,303.75,128.54,90,,,,,
JNE3614,7,0.17,100,0.81,533.21,459.00,206.93,81,,,,,
JNE3615,7,0.00,63,0.98,402.81,319.00,123.27,62,,,,,
JNE3616,7,0.18,288,0.25,312.69,320.00,155.61,72,,,,,
JNE3618,7,0.20,"1,329",0.07,349.40,386.91,155.67,93,,,,,
JNE3619,7,0.27,"1,700",0.05,247.51,297.42,152.27,85,,,,,
JNE3620,7,0.30,"8,900",0.01,277.05,325.00,125.53,89,,,,,
JNE3621,7,0.13,558,0.12,499.46,487.12,266.91,67,,,,,
JNE3622,7,0.10,950,0.08,430.27,349.00,134.41,76,,,,,
JNE3623,7,0.24,582,0.11,308.89,344.76,187.09,64,,,,,
JNE3625,7,0.03,173,0.49,489.16,427.11,196.59,85,,,,,
JNE3627,7,0.19,900,0.07,315.59,329.00,125.41,63,,,,,
JNE3629,7,0.29,540,0.15,475.75,499.00,227.47,81,,,,,
JNE3631,7,0.04,875,0.08,597.53,487.12,213.72,70,,,,,
JNE3633,7,0.12,469,0.13,425.79,382.50,176.36,61,,,,,
JNE3634,7,0.25,206,0.35,444.37,507.73,224.93,72,,,,,
JNE3636,7,0.24,650,0.10,466.14,459.00,216.98,65,,,,,
JNE3637,7,0.21,800,0.08,419.21,499.00,221.21,64,,,,,
JNE3638,7,0.28,197,0.29,500.87,513.48,231.41,57,,,,,
JNE3639,7,0.10,281,0.27,573.18,518.00,205.54,76,,,,,
JNE3640,7,0.11,479,0.14,548.33,518.00,280.90,67,,,,,
JNE3641,7,0.13,13,4.60,373.38,350.63,176.10,61,,,,,
JNE3642,7,0.00,"1,875",0.04,412.03,321.00,124.69,75,,,,,
JNE3644,7,0.22,111,0.65,250.86,305.00,144.12,72,,,,,
JNE3645,7,0.27,550,0.12,487.67,493.00,219.18,66,,,,,
JNE3648,7,0.26,664,0.11,458.02,513.07,265.78,73,,,,,
JNE3649,7,0.13,"8,800",0.01,383.76,377.00,199.05,88,,,,,
JNE3651,7,0.06,388,0.16,534.83,518.00,244.07,62,,,,,
JNE3652,7,0.28,180,0.35,292.96,338.00,165.60,63,,,,,
JNE3654,7,0.19,291,0.23,329.21,332.13,178.28,67,,,,,
JNE3656,7,0.12,"8,000",0.01,596.01,568.53,217.38,80,,,,,
JNE3658,7,0.06,"2,950",0.02,414.84,342.76,157.28,59,,,,,
JNE3659,7,0.21,914,0.07,465.08,491.70,244.56,64,,,,,
JNE3660,7,0.17,43,1.40,426.94,371.00,152.72,60,,,,,
JNE3665,7,0.25,500,0.13,514.92,545.00,223.54,65,,,,,
JNE3668,7,0.30,"1,450",0.04,483.21,518.00,230.88,58,,,,,
JNE3670,7,0.09,431,0.13,384.25,388.00,151.88,56,,,,,
JNE3671,7,0.21,119,0.52,704.51,750.00,302.08,62,,,,,
JNE3672,7,0.25,"1,260",0.05,502.78,574.00,311.29,63,,,,,
JNE3673,7,0.19,"1,067",0.06,606.16,599.00,326.77,64,,,,,
JNE3674,7,0.22,833,0.09,605.04,574.00,278.96,75,,,,,
JNE3675,7,0.30,203,0.32,432.91,574.00,236.61,65,,,,,
JNE3678,7,0.09,"1,750",0.04,533.35,545.00,285.81,70,,,,,
JNE3679,7,0.25,"3,350",0.02,403.27,399.00,179.15,67,,,,,
JNE3684,7,0.17,"1,520",0.05,280.93,301.00,115.92,76,,,,,
JNE3686,7,0.06,195,0.44,512.98,425.00,172.91,86,,,,,
JNE3687,7,0.26,154,0.48,500.09,545.00,222.08,74,,,,,
JNE3688,7,0.17,"1,217",0.06,635.20,570.48,268.31,73,,,,,
JNE3689,7,0.30,440,0.15,328.33,428.83,205.62,66,,,,,
JNE3690,7,0.17,"1,500",0.05,495.52,545.00,274.42,75,,,,,
JNE3691,7,0.15,900,0.08,724.78,684.94,370.16,72,,,,,
JNE3695,7,0.24,"1,320",0.00,315.97,301.00,123.95,66,,,,,
JNE3697,7,0.04,750,0.12,555.01,483.69,183.83,90,,,,,
JNE3698,7,0.24,"2,300",0.03,353.10,399.00,151.85,69,,,,,
JNE3701,7,0.26,"1,140",0.00,311.07,333.00,139.62,57,,,,,
JNE3703,7,0.05,"3,050",0.02,393.37,301.00,122.07,61,,,,,
JNE3704,7,0.07,"2,400",0.03,608.22,487.00,247.37,72,,,,,
JNE3706,7,0.22,115,0.55,483.21,443.00,209.72,63,,,,,
JNE3707,7,0.16,276,0.25,422.10,475.00,250.82,69,,,,,
JNE3708,7,0.08,"3,100",0.02,750.75,749.00,290.47,62,,,,,
JNE3709,7,0.16,"6,000",0.01,840.46,792.00,353.98,60,,,,,
JNE3710,7,0.19,825,0.08,757.11,699.00,357.28,66,,,,,
JNE3712,7,0.18,"1,200",0.05,581.43,616.67,268.75,60,,,,,
JNE3713,7,0.05,"6,000",0.01,381.27,354.00,157.50,60,,,,,
JNE3714,7,0.24,673,0.11,490.57,487.00,238.20,74,,,,,
JNE3716,7,0.02,956,0.09,452.88,432.00,188.28,86,,,,,
JNE3718,7,0.01,"3,350",0.02,527.96,452.21,189.34,67,,,,,
JNE3720,7,0.15,388,0.17,532.80,510.85,206.96,66,,,,,
JNE3721,7,0.16,"1,100",0.06,314.27,300.23,136.96,66,,,,,
JNE3722,7,0.22,237,0.35,306.39,301.00,136.85,83,,,,,
JNE3724,7,0.17,"1,675",0.04,486.32,499.00,200.08,67,,,,,
JNE3726,7,0.01,658,0.12,413.09,330.00,173.98,79,,,,,
JNE3729,7,0.03,462,0.13,405.34,333.00,148.03,60,,,,,
JNE3730,7,0.12,"3,900",0.02,328.89,301.00,149.22,78,,,,,
JNE3732,7,0.22,"2,500",0.03,428.35,431.00,185.46,75,,,,,
JNE3734,7,0.29,"1,075",0.08,349.10,431.00,217.03,86,,,,,
JNE3735,7,0.13,"1,800",0.04,310.77,330.86,169.99,72,,,,,
JNE3738,7,0.24,330,0.20,317.79,383.00,201.77,66,,,,,
JNE3739,7,0.06,"1,062",0.08,485.54,457.68,250.59,85,,,,,
JNE3740,7,0.11,393,0.15,328.18,301.00,147.61,59,,,,,
JNE3741,7,0.18,300,0.75,505.91,459.00,206.42,225,,,,,
JNE3742,7,0.27,"1,360",0.05,408.53,432.00,208.79,68,,,,,
JNE3745,7,0.20,194,0.32,0.00,0.00,0.00,62,,,,,
JNE3748,7,0.10,"2,850",0.02,454.95,431.00,199.39,57,,,,,
JNE3749,7,0.07,"3,650",0.02,519.75,469.00,195.47,73,,,,,
JNE3750,7,0.19,410,0.20,523.39,544.00,244.06,82,,,,,
JNE3751,7,0.10,"1,360",0.00,233.93,232.67,112.28,68,,,,,
JNE3752,7,0.16,571,0.14,310.50,345.00,153.26,80,,,,,
JNE3753,7,0.23,786,0.07,459.68,475.00,191.61,55,,,,,
JNE3756,7,0.20,912,0.08,543.97,487.00,189.24,73,,,,,
JNE3757,7,0.27,35,1.68,394.04,487.00,255.67,59,,,,,
JNE3758,7,0.05,"1,600",0.00,380.90,376.00,147.57,80,,,,,
JNE3759,7,0.02,622,0.09,731.33,564.14,263.08,56,,,,,
JNE3760,7,0.30,"1,100",0.07,349.04,438.00,221.67,77,,,,,
JNE3761,7,0.01,886,0.07,397.83,299.81,141.49,62,,,,,
JNE3763,7,0.24,"1,100",0.05,452.23,459.00,214.01,55,,,,,
JNE3764,7,0.14,311,0.18,473.87,399.00,197.15,56,,,,,
JNE3765,7,0.10,406,0.17,541.94,504.69,223.24,69,,,,,
JNE3766,7,0.27,744,0.09,483.72,517.00,263.24,67,,,,,
JNE3767,7,0.21,80,0.88,466.56,487.00,261.57,70,,,,,
JNE3768,7,0.07,943,0.07,575.52,487.00,257.18,66,,,,,
JNE3769,7,0.28,630,0.10,423.35,487.00,257.25,63,,,,,
JNE3770,7,0.11,259,0.32,483.72,487.00,248.81,83,,,,,
JNE3771,7,0.20,274,0.23,339.85,346.00,181.37,63,,,,,
JNE3773,7,0.19,"1,140",0.05,293.94,293.84,154.67,57,,,,,
JNE3774,7,0.07,"2,833",0.03,539.24,434.75,191.75,85,,,,,
JNE3776,7,0.21,91,0.82,310.89,301.00,147.86,75,,,,,
JNE3777,7,0.05,700,0.09,394.70,324.00,171.56,63,,,,,
JNE3778,7,0.14,246,0.26,322.61,344.25,136.86,64,,,,,
JNE3780,7,0.08,197,0.35,389.36,325.00,127.26,69,,,,,
JNE3781,7,0.12,79,0.75,464.85,431.18,188.22,59,,,,,
JNE3782,7,0.05,305,0.19,704.36,544.00,283.26,58,,,,,
JNE3783,7,0.09,109,0.57,645.46,517.00,267.45,62,,,,,
JNE3784,7,0.05,"1,580",0.05,509.47,501.53,272.35,79,,,,,
JNE3785,7,0.05,"2,050",0.04,365.23,287.50,149.87,82,,,,,
JNE3786,7,0.27,"2,433",0.03,270.87,349.00,175.42,73,,,,,
JNE3787,7,0.28,126,0.53,412.14,485.71,252.53,67,,,,,
JNE3788,7,0.10,183,0.41,534.78,479.27,257.33,75,,,,,
JNE3789,7,0.09,"3,300",0.02,488.30,487.00,260.51,66,,,,,
JNE3790,7,0.16,118,0.57,270.51,245.60,130.04,67,,,,,
JNE3791,7,0.10,106,0.63,372.96,393.57,185.63,67,,,,,
JNE3792,7,0.27,"1,167",0.06,349.74,432.00,222.45,70,,,,,
JNE3793,7,0.29,678,0.09,314.33,353.25,172.41,61,,,,,
JNE3794,7,0.14,"1,029",0.07,394.29,352.67,163.79,72,,,,,
JNE3795,7,0.26,221,0.34,536.62,529.00,228.86,75,,,,,
JNE3797,7,0.02,71,0.97,957.81,753.60,312.07,69,,,,,
JNE3798,7,0.07,700,0.09,879.90,736.22,326.33,63,,,,,
JNE3799,7,0.02,179,0.42,768.47,660.05,353.86,75,,,,,
JNE3800,7,0.28,"1,260",0.05,572.80,757.35,304.07,63,,,,,
JNE3801,7,0.02,690,0.10,841.37,786.16,309.32,69,,,,,
JNE3802,7,0.25,"1,400",0.04,451.85,487.00,262.79,56,,,,,
JNE3803,7,0.07,983,0.06,436.93,365.25,183.70,59,,,,,
JNE3804,7,0.19,"7,600",0.01,0.00,0.00,0.00,76,,,,,
JNE3805,7,0.17,"1,280",0.05,527.79,487.00,205.90,64,,,,,
JNE3806,7,0.07,462,0.13,624.77,545.00,282.65,60,,,,,
JNE3807,7,0.30,252,0.27,545.54,724.32,372.60,68,,,,,
JNE3810,7,0.23,"1,550",0.04,504.97,587.00,285.88,62,,,,,
JNE3811,7,0.05,600,0.10,605.20,474.00,204.59,60,,,,,
JNE3813,7,0.15,48,1.72,703.68,635.00,296.95,83,,,,,
JNE3817,7,0.16,582,0.11,514.13,449.00,218.79,64,,,,,
JNE3818,7,0.06,"1,440",0.00,483.33,471.23,222.12,72,,,,,
JNE3819,7,0.20,658,0.12,530.70,475.00,233.81,79,,,,,
JNE3820,7,0.22,311,0.18,416.18,475.00,200.89,56,,,,,
JNE3821,7,0.07,119,0.54,489.19,499.00,271.34,64,,,,,
JNE3822,7,0.12,"1,000",0.06,550.79,447.36,226.85,60,,,,,
JNE3823,7,0.03,482,0.11,542.61,487.12,208.84,53,,,,,
JNE3825,7,0.05,633,0.09,541.09,443.66,176.49,57,,,,,
JNE3833,7,0.14,"3,050",0.02,636.82,666.00,308.37,61,,,,,
JNE3834,7,0.04,675,0.08,763.02,634.29,291.48,54,,,,,
JNE3835,7,0.22,"6,500",0.01,709.82,666.00,354.17,65,,,,,
JNE3836,7,0.06,"2,433",0.03,727.50,666.00,315.64,73,,,,,
JNE3837,7,0.25,"2,267",0.03,505.36,524.54,241.00,68,,,,,
JNE3838,7,0.18,558,0.12,304.21,332.50,169.17,67,,,,,
JNE3856,7,0.28,456,0.18,608.36,666.00,335.82,82,,,,,
JNE3860,7,0.17,327,0.26,595.11,614.00,298.32,85,,,,,
JNE3861,7,0.13,600,0.10,798.00,816.11,446.08,60,,,,,
JNE3862,7,0.13,"1,725",0.04,604.31,599.00,319.01,69,,,,,
JNE3863,7,0.19,"3,400",0.02,513.18,569.45,282.02,68,,,,,
JNE3864,7,0.09,"1,050",0.08,744.41,599.00,307.92,84,,,,,
JNE3865,7,0.07,300,0.24,567.27,513.00,253.59,72,,,,,
JNE3869,7,0.09,256,0.27,745.24,721.00,287.40,69,,,,,
JNE3870,7,0.30,736,0.11,609.14,721.00,323.79,81,,,,,
JNE3875,7,0.06,"2,100",0.03,654.38,599.00,232.62,63,,,,,
JNE3878,7,0.24,"1,850",0.04,392.25,393.82,171.13,74,,,,,
JNE3879,7,0.09,710,0.10,836.05,661.00,274.87,71,,,,,
JNE3880,7,0.11,"1,700",0.05,622.22,581.00,270.32,85,,,,,
JNE3881,7,0.02,988,0.08,"1,082.17",817.14,437.35,79,,,,,
JNE3886,7,0.24,720,0.10,498.92,526.00,245.34,72,,,,,
JNE3887,7,0.24,238,0.26,438.74,522.42,235.21,62,,,,,
JNE3888,7,0.20,914,0.07,719.23,696.00,364.93,64,,,,,
JNE3889,7,0.21,30,1.92,715.00,736.00,316.91,57,,,,,
JNE3891,7,0.14,128,0.64,682.38,621.00,282.47,82,,,,,
JNE3892,7,0.13,"2,300",0.03,767.50,648.00,349.20,69,,,,,
JNE3893,7,0.16,"2,650",0.02,628.13,621.00,334.77,53,,,,,
JNE3894,7,0.07,371,0.14,951.11,749.00,371.80,52,,,,,
JNE3895,7,0.20,"3,950",0.02,680.52,648.00,274.28,79,,,,,
JNE3896,7,0.11,"3,150",0.02,632.46,582.00,232.17,63,,,,,
JNE3898,7,0.11,"1,833",0.03,653.24,582.00,319.13,55,,,,,
JNE3899,7,0.20,347,0.15,541.94,582.00,293.49,52,,,,,
JNE3902,7,0.27,"1,040",0.00,609.67,599.00,234.01,52,,,,,
JNE3904,7,0.08,644,0.09,707.35,599.00,285.43,58,,,,,
JNE3905,7,0.13,214,0.28,560.50,604.73,235.59,60,,,,,
JNE3928,7,0.03,611,0.09,641.49,568.00,271.87,55,,,,,
MEN5001,7,0.26,678,0.09,614.68,655.00,312.18,61,,,,,
MEN5002,7,0.11,971,0.07,672.08,705.93,372.95,68,,,,,
MEN5003,7,0.23,914,0.07,429.88,527.50,264.68,64,,,,,
MEN5004,7,0.28,405,0.20,532.35,612.32,298.98,81,,,,,
MEN5005,7,0.08,89,0.80,670.70,625.00,275.12,71,,,,,
MEN5006,7,0.05,360,0.20,760.25,665.00,301.22,72,,,,,
MEN5008,7,0.05,518,0.11,769.16,709.00,271.05,57,,,,,
MEN5009,7,0.30,975,0.08,485.05,625.59,279.65,78,,,,,
MEN5010,7,0.20,536,0.11,638.37,618.00,314.98,59,,,,,
MEN5011,7,0.06,"2,850",0.02,737.83,638.10,339.91,57,,,,,
MEN5013,7,0.19,829,0.07,643.24,709.00,360.30,58,,,,,
MEN5014,7,0.02,971,0.07,851.83,748.13,391.03,68,,,,,
MEN5015,7,0.09,"3,400",0.02,652.07,570.00,295.42,68,,,,,
MEN5017,7,0.26,620,0.10,603.94,759.00,395.08,62,,,,,
MEN5018,7,0.20,513,0.15,742.17,842.14,334.79,77,,,,,
MEN5019,7,0.13,491,0.11,612.95,655.00,351.32,54,,,,,
MEN5021,7,0.04,"1,040",0.05,995.29,777.00,373.14,52,,,,,
MEN5022,7,0.06,573,0.11,959.24,777.00,297.59,63,,,,,
MEN5023,7,0.22,296,0.24,743.08,725.20,385.05,71,,,,,
MEN5024,7,0.08,324,0.21,795.78,665.00,320.77,68,,,,,
MEN5025,7,0.05,912,0.08,947.99,777.00,299.29,73,,,,,
MEN5026,7,0.14,"2,133",0.03,965.81,922.83,371.77,64,,,,,
MEN5027,7,0.12,"7,500",0.01,701.14,625.00,256.94,75,,,,,
MEN5028,7,0.14,223,0.30,648.41,709.00,358.86,67,,,,,
MEN5029,7,0.19,393,0.15,641.68,625.00,325.59,59,,,,,
MEN5030,7,0.07,167,0.33,725.52,590.00,257.44,55,,,,,
MEN5031,7,0.29,580,0.10,621.07,714.00,279.89,58,,,,,
MEN5032,7,0.18,337,0.19,773.51,802.72,365.52,64,,,,,
NW001,7,0.13,"2,633",0.03,534.25,535.33,242.41,79,,,,,
NW002,7,0.14,295,0.21,498.90,455.00,228.59,62,,,,,
NW003,7,0.08,917,0.06,588.60,495.00,207.50,55,,,,,
NW004,7,0.16,"3,200",0.02,535.43,470.48,243.80,64,,,,,
NW005,7,0.03,121,0.52,657.00,579.00,286.59,63,,,,,
NW006,7,0.17,689,0.09,543.18,496.00,192.22,62,,,,,
NW008,7,0.29,252,0.27,493.83,558.00,258.75,68,,,,,
NW009,7,0.20,971,0.07,608.83,560.00,284.92,68,,,,,
NW012,7,0.22,883,0.06,489.03,507.78,269.36,53,,,,,
NW013,7,0.13,786,0.07,508.78,475.00,211.94,55,,,,,
NW014,7,0.20,670,0.10,537.97,537.00,269.00,67,,,,,
NW015,7,0.24,467,0.12,515.61,517.00,233.26,56,,,,,
NW016,7,0.08,"3,400",0.02,602.12,471.65,247.03,68,,,,,
NW020,7,0.13,407,0.15,483.86,517.00,242.06,61,,,,,
NW022,7,0.02,"1,100",0.07,608.11,580.63,266.78,77,,,,,
NW024,7,0.25,533,0.12,505.32,488.89,240.91,64,,,,,
NW027,7,0.01,74,0.70,749.76,613.00,323.14,52,,,,,
NW028,7,0.22,197,0.33,531.92,539.00,290.64,65,,,,,
NW029,7,0.25,"8,000",0.01,415.93,455.00,173.68,80,,,,,
NW030,7,0.19,554,0.13,508.23,579.48,286.96,72,,,,,
NW031,7,0.03,750,0.08,744.53,582.00,239.97,60,,,,,
NW032,7,0.25,267,0.24,487.89,496.00,251.33,64,,,,,
NW034,7,0.16,"1,750",0.04,555.05,570.07,239.86,70,,,,,
NW035,7,0.02,106,0.63,660.01,582.00,261.17,67,,,,,
NW036,7,0.16,"1,450",0.04,608.17,539.00,217.45,58,,,,,
NW037,7,0.21,"1,833",0.03,382.28,450.00,211.42,55,,,,,
NW038,7,0.19,493,0.14,568.85,517.00,236.93,69,,,,,
NW039,7,0.29,"1,140",0.00,400.59,495.00,237.59,57,,,,,
PJ0096,7,0.21,"1,580",0.00,"1,091.81","1,099.00",539.27,79,,,,,
PJNE2014,7,0.19,"3,950",0.02,883.38,791.67,323.63,79,,,,,
PJNE2100,7,0.05,460,0.15,934.35,764.00,294.86,69,,,,,
PJNE2171,7,0.24,670,0.10,998.15,"1,099.00",581.23,67,,,,,
PJNE2199,7,0.08,282,0.22,907.65,764.00,325.27,62,,,,,
PJNE2270,7,0.17,675,0.08,"1,067.60","1,099.00",429.14,54,,,,,
PJNE3068,7,0.29,950,0.08,813.66,999.09,518.72,76,,,,,
PJNE3252,7,0.19,609,0.11,"1,048.08",925.00,498.29,67,,,,,
PJNE3291,7,0.12,"1,100",0.05,"1,003.91",869.00,368.46,55,,,,,
PJNE3363,7,0.25,252,0.23,730.95,764.00,345.59,58,,,,,
PJNE3364,7,0.04,"6,600",0.01,942.49,836.00,340.16,66,,,,,
PJNE3368,7,0.03,527,0.11,878.16,848.31,446.41,58,,,,,
PJNE3373,7,0.08,500,0.11,812.70,832.68,345.40,55,,,,,
PJNE3399,7,0.21,509,0.11,784.22,798.00,411.55,56,,,,,
PJNE3405,7,0.24,353,0.17,764.54,764.00,398.87,60,,,,,
PJNE3421,7,0.11,"1,033",0.06,"1,019.25",925.00,383.33,62,,,,,
PJNE3423,7,0.11,47,1.32,"1,039.68",869.00,357.61,62,,,,,
PJNE3439,7,0.12,857,0.07,864.22,925.00,457.41,60,,,,,
PJNE3440,7,0.20,585,0.13,871.99,925.00,404.15,76,,,,,
PJNE3568,7,0.24,"1,060",0.05,687.13,798.00,367.94,53,,,,,
PJNE3607,7,0.29,"1,460",0.05,744.43,869.00,424.94,73,,,,,
PSET058,7,0.14,840,0.10,"1,124.60","1,216.07",587.71,84,,,,,
PSET264,7,0.23,"1,080",0.05,"1,490.83","1,399.00",575.24,54,,,,,
PSET268,7,0.22,318,0.22,"1,231.05","1,399.00",665.01,70,,,,,
SAR 32.00,7,0.27,"1,100",0.07,773.66,772.00,356.66,77,,,,,
SAR 62.00,7,0.25,971,0.07,"1,591.76","1,770.00",822.23,68,,,,,
SAR 69.00,7,0.09,"3,600",0.02,"1,123.41",885.00,476.62,72,,,,,
SAR 76.00,7,0.06,"2,025",0.04,"1,075.74",920.00,492.26,81,,,,,
SAR 137.00,7,0.15,"1,540",0.00,0.00,0.00,0.00,77,,,,,
SET004,7,0.20,611,0.09,598.30,711.00,281.48,55,,,,,
SET014,7,0.14,200,0.32,924.01,819.00,363.54,64,,,,,
SET037,7,0.19,112,0.69,677.19,612.00,238.82,77,,,,,
SET043,7,0.11,"1,025",0.08,977.04,999.00,492.57,82,,,,,
SET044,7,0.11,"1,767",0.03,590.24,612.00,322.11,53,,,,,
SET048,7,0.14,309,0.22,667.96,648.00,268.93,68,,,,,
SET053,7,0.23,"2,033",0.03,655.08,617.93,274.72,61,,,,,
SET058,7,0.12,911,0.09,891.12,816.75,325.10,82,,,,,
SET062,7,0.18,627,0.11,693.48,685.00,284.92,69,,,,,
SET070,7,0.02,650,0.10,952.43,884.00,339.90,65,,,,,
SET073,7,0.09,198,0.41,787.54,824.00,431.95,81,,,,,
SET083,7,0.27,"2,000",0.03,644.45,662.00,255.06,60,,,,,
SET087,7,0.00,"1,167",0.06,952.05,881.00,373.13,70,,,,,
SET094,7,0.02,"1,120",0.00,"1,091.86",876.00,478.17,56,,,,,
SET098,7,0.24,407,0.14,790.34,759.00,319.07,57,,,,,
SET100,7,0.28,130,0.44,703.17,869.64,348.68,57,,,,,
SET110,7,0.26,"1,029",0.07,0.00,0.00,0.00,72,,,,,
SET116,7,0.12,775,0.08,560.41,591.00,313.93,62,,,,,
SET128,7,0.07,"1,086",0.07,"1,155.43",985.00,400.01,76,,,,,
SET130,7,0.22,"5,900",0.01,543.30,629.00,332.32,59,,,,,
SET131,7,0.01,494,0.16,862.14,666.00,321.32,79,,,,,
SET132,7,0.17,"6,400",0.01,603.22,629.00,260.70,64,,,,,
SET135,7,0.06,"1,867",0.03,736.09,646.00,267.73,56,,,,,
SET138,7,0.21,"3,450",0.02,799.18,803.00,410.35,69,,,,,
SET143,7,0.15,"1,240",0.00,487.77,517.00,226.48,62,,,,,
SET144,7,0.02,"1,380",0.05,"1,011.30",788.00,336.94,69,,,,,
SET145,7,0.11,"1,500",0.00,808.92,786.29,346.76,75,,,,,
SET152,7,0.12,"1,833",0.03,529.04,469.00,189.03,55,,,,,
SET154,7,0.18,186,0.37,596.14,657.68,359.34,69,,,,,
SET156,7,0.05,75,0.75,833.88,680.00,272.88,56,,,,,
SET158,7,0.01,221,0.28,857.38,791.00,388.56,62,,,,,
SET171,7,0.16,341,0.22,822.76,817.00,323.18,75,,,,,
SET172,7,0.18,"1,200",0.00,"1,036.33","1,112.00",501.32,60,,,,,
SET182,7,0.11,900,0.08,816.17,699.00,329.55,72,,,,,
SET183,7,0.12,76,0.80,762.57,759.00,295.22,61,,,,,
SET184,7,0.01,44,1.56,804.00,597.76,313.18,68,,,,,
SET185,7,0.02,871,0.07,997.99,747.62,336.68,61,,,,,
SET186,7,0.17,438,0.13,556.21,599.00,277.94,57,,,,,
SET187,7,0.16,812,0.08,736.77,693.45,309.32,65,,,,,
SET188,7,0.27,"5,800",0.01,524.63,665.00,363.70,58,,,,,
SET191,7,0.18,933,0.09,718.35,738.00,361.91,84,,,,,
SET192,7,0.16,500,0.13,707.43,648.00,260.33,65,,,,,
SET194,7,0.16,720,0.10,698.24,649.00,294.60,72,,,,,
SET196,7,0.26,"1,500",0.04,627.12,668.00,262.64,60,,,,,
SET197,7,0.29,275,0.28,616.67,755.99,324.90,77,,,,,
SET198,7,0.22,575,0.12,541.33,587.00,307.63,69,,,,,
SET199,7,0.18,555,0.11,510.30,573.03,241.30,61,,,,,
SET200,7,0.02,660,0.10,687.95,539.31,243.78,66,,,,,
SET201,7,0.28,"3,350",0.02,558.93,633.00,282.86,67,,,,,
SET203,7,0.00,"1,420",0.00,553.56,426.45,203.80,71,,,,,
SET204,7,0.23,443,0.14,583.14,666.00,282.92,62,,,,,
SET209,7,0.09,591,0.11,553.77,523.00,247.57,65,,,,,
SET210,7,0.03,712,0.08,650.88,575.00,305.18,57,,,,,
SET214,7,0.09,352,0.21,582.07,604.00,270.59,74,,,,,
SET217,7,0.28,736,0.11,598.74,711.14,272.07,81,,,,,
SET218,7,0.25,850,0.08,665.91,667.00,271.73,68,,,,,
SET219,7,0.14,800,0.09,768.37,655.00,346.37,72,,,,,
SET220,7,0.07,618,0.11,"1,373.07","1,199.00",471.75,68,,,,,
SET223,7,0.10,"1,340",0.05,705.34,648.00,299.24,67,,,,,
SET224,7,0.23,469,0.13,899.86,"1,101.68",495.19,61,,,,,
SET226,7,0.11,"1,140",0.00,965.49,799.00,323.92,57,,,,,
SET227,7,0.23,"1,900",0.03,493.30,607.50,292.92,57,,,,,
SET228,7,0.17,"6,700",0.01,881.24,769.00,415.79,67,,,,,
SET229,7,0.06,878,0.09,"1,032.01",899.00,443.22,79,,,,,
SET230,7,0.25,"3,740",0.05,729.88,832.00,344.04,187,,,,,
SET233,7,0.21,341,0.17,500.37,461.15,227.49,58,,,,,
SET235,7,0.25,108,0.65,395.44,498.10,271.14,70,,,,,
SET236,7,0.26,353,0.17,730.94,788.00,380.06,60,,,,,
SET238,7,0.28,212,0.32,408.71,457.00,183.97,68,,,,,
SET239,7,0.14,446,0.13,667.53,688.88,315.95,58,,,,,
SET240,7,0.16,"3,950",0.02,583.69,579.00,227.91,79,,,,,
SET241,7,0.08,"2,050",0.04,419.84,357.00,147.87,82,,,,,
SET242,7,0.21,175,0.32,578.14,561.00,275.52,56,,,,,
SET243,7,0.27,"1,060",0.00,397.91,519.00,197.40,53,,,,,
SET244,7,0.03,51,1.41,"1,033.16",773.00,379.56,72,,,,,
SET246,7,0.02,550,0.10,472.16,435.00,205.81,55,,,,,
SET247,7,0.26,"1,300",0.05,649.06,775.00,396.66,65,,,,,
SET248,7,0.27,314,0.22,510.30,612.00,289.53,69,,,,,
SET249,7,0.02,644,0.09,686.59,658.93,346.63,58,,,,,
SET250,7,0.24,778,0.09,560.74,675.00,351.01,70,,,,,
SET251,7,0.03,508,0.12,"1,027.20",759.00,353.15,61,,,,,
SET254,7,0.26,900,0.07,760.76,886.00,432.72,63,,,,,
SET257,7,0.16,856,0.09,460.77,503.09,227.04,77,,,,,
SET258,7,0.02,838,0.08,938.88,881.00,389.86,67,,,,,
SET260,7,0.01,"2,600",0.02,702.39,545.00,298.54,52,,,,,
SET262,7,0.27,656,0.09,623.41,633.00,310.41,59,,,,,
SET264,7,0.19,329,0.17,694.41,752.06,390.87,56,,,,,
SET265,7,0.03,"1,120",0.05,797.79,777.88,300.74,56,,,,,
SET266,7,0.07,"1,450",0.04,893.85,852.00,447.07,58,,,,,
SET267,7,0.28,35,1.52,669.34,869.00,416.70,53,,,,,
SET268,7,0.24,44,1.32,567.25,687.16,367.97,58,,,,,
SET269,7,0.21,300,0.18,774.37,816.15,310.57,54,,,,,
SET270,7,0.17,"1,240",0.00,532.95,568.00,263.91,62,,,,,
SET272,7,0.11,289,0.18,933.13,852.00,458.88,52,,,,,
SET273,7,0.18,381,0.16,571.46,612.00,258.57,61,,,,,
SET274,7,0.02,400,0.21,960.99,711.00,365.68,84,,,,,
SET275,7,0.10,670,0.10,768.98,625.00,248.33,67,,,,,
SET276,7,0.24,228,0.25,"1,174.58","1,238.00",637.73,57,,,,,
SET277,7,0.16,91,0.75,"1,319.54","1,338.00",692.53,68,,,,,
SET278,7,0.10,589,0.09,"1,560.85","1,465.50",796.92,53,,,,,
SET279,7,0.24,"7,000",0.01,805.91,888.00,417.14,70,,,,,
SET280,7,0.22,"3,850",0.02,823.97,809.69,367.58,77,,,,,
SET281,7,0.07,95,0.65,553.00,492.21,265.22,62,,,,,
SET282,7,0.17,844,0.09,"1,151.11","1,027.43",429.63,76,,,,,
SET285,7,0.25,"3,250",0.02,514.39,496.84,234.98,65,,,,,
SET286,7,0.14,413,0.15,668.74,666.00,306.93,62,,,,,
SET287,7,0.24,586,0.14,624.79,659.66,313.38,82,,,,,
SET288,7,0.25,515,0.13,556.53,685.00,330.08,67,,,,,
SET289,7,0.22,933,0.06,479.68,549.00,249.72,56,,,,,
SET290,7,0.14,"6,200",0.01,854.84,832.00,435.64,62,,,,,
SET291,7,0.08,762,0.08,624.60,605.00,314.04,61,,,,,
SET293,7,0.06,"1,733",0.03,904.78,709.41,286.25,52,,,,,
SET295,7,0.17,224,0.25,733.07,799.00,310.94,56,,,,,
SET299,7,0.09,829,0.07,908.02,825.00,336.36,58,,,,,
SET300,7,0.29,"1,267",0.06,866.45,967.00,487.34,76,,,,,
SET302,7,0.16,"2,667",0.03,861.34,793.56,332.96,80,,,,,
SET304,7,0.09,900,0.09,"1,227.39","1,139.10",547.36,81,,,,,
SET305,7,0.02,690,0.10,"1,283.31",967.00,527.68,69,,,,,
SET306,7,0.21,829,0.07,657.10,666.00,348.62,58,,,,,
SET307,7,0.18,"1,129",0.07,726.53,736.00,315.22,79,,,,,
SET308,7,0.09,"1,233",0.06,679.93,696.00,304.84,74,,,,,
SET310,7,0.16,744,0.09,"1,011.54",993.05,541.61,67,,,,,
SET315,7,0.03,477,0.13,935.24,721.00,368.23,62,,,,,
SET316,7,0.08,415,0.13,"1,440.89","1,238.00",539.49,54,,,,,
SET317,7,0.26,170,0.33,"1,190.04","1,199.00",655.43,56,,,,,
SET318,7,0.23,77,1.00,"1,084.76","1,152.00",613.21,77,,,,,
SET319,7,0.06,115,0.54,916.38,893.18,369.79,62,,,,,
SET320,7,0.02,244,0.27,865.44,837.25,435.07,66,,,,,
SET321,7,0.19,911,0.09,905.56,967.00,424.55,82,,,,,
SET322,7,0.20,446,0.13,"1,137.95","1,099.00",559.95,58,,,,,
SET323,7,0.20,90,0.69,"1,050.11",989.49,527.49,62,,,,,
SET324,7,0.22,"1,040",0.00,529.07,588.02,299.10,52,,,,,
SET325,7,0.13,"1,029",0.07,702.16,659.66,281.82,72,,,,,
SET326,7,0.03,383,0.18,773.54,666.00,269.42,69,,,,,
SET327,7,0.14,373,0.15,"1,025.54",999.00,408.45,56,,,,,
SET328,7,0.25,491,0.11,424.55,500.51,241.49,54,,,,,
SET329,7,0.27,564,0.11,528.61,659.66,287.89,62,,,,,
SET330,7,0.24,"3,100",0.02,476.18,560.00,288.49,62,,,,,
SET331,7,0.30,627,0.11,477.08,637.34,318.77,69,,,,,
SET332,7,0.22,429,0.14,479.33,549.00,218.29,60,,,,,
SET333,7,0.12,"1,140",0.05,896.25,967.00,529.71,57,,,,,
SET335,7,0.20,862,0.08,783.05,771.00,332.63,69,,,,,
SET336,7,0.21,580,0.10,763.84,833.00,428.71,58,,,,,
SET337,7,0.23,206,0.31,935.85,874.00,476.76,64,,,,,
SET338,7,0.10,226,0.31,"1,005.01",999.00,467.95,70,,,,,
SET339,7,0.05,162,0.37,818.79,736.00,382.10,60,,,,,
SET340,7,0.20,"1,600",0.04,746.11,793.56,357.80,64,,,,,
SET341,7,0.03,711,0.09,875.31,857.00,409.95,64,,,,,
SET342,7,0.13,762,0.08,993.68,850.00,338.51,61,,,,,
SET343,7,0.28,300,0.17,649.45,850.00,349.38,51,,,,,
SET344,7,0.28,"5,800",0.01,870.32,876.53,431.15,58,,,,,
SET345,7,0.25,"1,140",0.00,620.74,607.57,307.37,57,,,,,
SET346,7,0.24,"1,625",0.04,727.91,774.00,375.74,65,,,,,
SET347,7,0.18,281,0.21,851.29,837.05,376.38,59,,,,,
SET348,7,0.06,195,0.39,"1,070.39",890.44,449.16,76,,,,,
SET349,7,0.08,610,0.10,"1,211.53","1,110.86",493.10,61,,,,,
SET351,7,0.29,814,0.07,529.97,584.74,266.73,57,,,,,
SET352,7,0.03,328,0.25,502.38,486.00,265.47,82,,,,,
SET353,7,0.14,"1,500",0.00,783.22,852.00,405.43,75,,,,,
SET355,7,0.00,730,0.10,"1,487.13","1,229.00",614.43,73,,,,,
SET356,7,0.05,406,0.16,"1,171.05",992.20,385.73,65,,,,,
SET357,7,0.25,"4,250",0.02,779.82,764.12,331.91,85,,,,,
SET358,7,0.15,971,0.07,"1,364.21","1,477.00",620.62,68,,,,,
SET359,7,0.29,"3,050",0.02,853.99,899.00,473.04,61,,,,,
SET360,7,0.13,"5,500",0.01,"1,237.78","1,266.32",509.52,55,,,,,
SET361,7,0.25,750,0.08,"1,315.93","1,477.00",689.96,60,,,,,
SET363,7,0.24,305,0.22,"1,006.43","1,140.79",453.95,67,,,,,
SET364,7,0.22,493,0.15,"1,241.99","1,338.00",553.96,74,,,,,
SET365,7,0.13,"3,200",0.02,"1,246.16","1,299.00",620.55,64,,,,,
SET366,7,0.04,700,0.12,"1,632.36","1,386.64",757.36,84,,,,,
SET369,7,0.07,"2,500",0.03,"1,731.17","1,399.00",705.55,75,,,,,
SET372,7,0.06,"3,250",0.02,755.22,667.00,313.19,65,,,,,
SET374,7,0.21,315,0.20,642.25,665.43,294.33,63,,,,,
SET375,7,0.09,418,0.17,808.28,659.37,333.75,71,,,,,
SET376,7,0.03,600,0.14,691.17,549.33,289.12,84,,,,,
SET377,7,0.19,"1,500",0.04,"1,047.40","1,058.46",431.92,60,,,,,
SET378,7,0.23,443,0.14,"1,134.35","1,292.04",494.40,62,,,,,
SET380,7,0.09,"1,200",0.06,"1,467.50","1,186.00",546.31,72,,,,,
SET383,7,0.12,"4,250",0.02,656.79,596.15,310.48,85,,,,,
SET384,7,0.22,66,0.95,553.13,629.00,316.83,63,,,,,
SET385,7,0.08,413,0.15,662.12,629.00,343.98,62,,,,,
SET386,7,0.26,"1,060",0.05,587.68,596.62,235.41,53,,,,,
SET388,7,0.11,"1,050",0.08,"1,066.07","1,124.25",595.83,84,,,,,
SET389,7,0.13,450,0.12,782.15,643.43,290.82,54,,,,,
SET390,7,0.14,176,0.34,831.05,882.00,444.01,60,,,,,
SET392,7,0.01,"3,600",0.02,"1,044.70",794.24,362.01,72,,,,,
SET393,7,0.27,738,0.08,943.74,"1,088.05",477.93,59,,,,,
SET394,7,0.18,542,0.12,"1,069.06","1,066.64",436.20,65,,,,,
SET395,7,0.23,575,0.12,"1,006.09",962.00,495.34,69,,,,,
SET396,7,0.07,"3,150",0.02,"1,083.15",975.02,534.44,63,,,,,
SET397,7,0.22,"6,700",0.01,943.97,977.46,514.86,67,,,,,
SET398,7,0.00,500,0.11,"1,226.84","1,149.53",456.36,55,,,,,
SET400,7,0.16,"1,620",0.05,841.71,953.57,382.80,81,,,,,
SET401,7,0.21,778,0.09,896.29,999.00,442.88,70,,,,,
SET402,7,0.17,473,0.15,"1,045.79",978.09,438.62,71,,,,,
SET403,7,0.07,"1,080",0.00,"1,014.96",999.00,447.46,54,,,,,
SET404,7,0.03,141,0.39,"1,267.49","1,199.00",533.36,55,,,,,
SET405,7,0.00,"1,160",0.00,920.45,771.00,336.88,58,,,,,
SET408,7,0.10,252,0.29,573.39,499.00,259.57,73,,,,,
SET410,7,0.12,158,0.36,649.40,568.00,284.24,57,,,,,
SET413,7,0.01,412,0.16,794.06,721.00,284.47,66,,,,,
SET414,7,0.17,"1,200",0.06,893.73,999.00,385.02,72,,,,,
SET415,7,0.06,900,0.07,"1,295.09",999.00,431.42,63,,,,,
SET433,7,0.28,886,0.07,460.15,560.00,214.32,62,,,,,
SET435,7,0.18,"2,400",0.03,"1,547.17","1,399.00",590.43,72,,,,,
SET436,7,0.19,"2,200",0.03,"1,532.32","1,399.00",725.33,66,,,,,
AN202,8,0.28,"2,167",0.03,286.15,301.00,116.90,65,,,,,
AN203,8,0.04,265,0.26,320.48,301.00,161.53,69,,,,,
AN207,8,0.12,957,0.07,379.03,322.00,155.37,67,,,,,
AN208,8,0.07,590,0.10,369.29,301.00,157.57,59,,,,,
AN211,8,0.01,986,0.07,625.21,501.67,209.41,69,,,,,
AN213,8,0.04,"5,800",0.01,337.51,301.00,162.58,58,,,,,
BL009,8,0.27,410,0.20,286.75,344.00,188.00,82,,,,,
BL013,8,0.14,333,0.18,354.26,377.00,180.51,60,,,,,
BL021,8,0.14,767,0.09,441.59,418.00,193.03,69,,,,,
BL024,8,0.28,406,0.16,350.55,388.00,155.89,65,,,,,
BL035,8,0.10,750,0.08,398.94,377.00,193.74,60,,,,,
BL036,8,0.07,"1,575",0.04,472.85,418.00,212.93,63,,,,,
BL041,8,0.27,342,0.24,333.44,388.00,206.11,82,,,,,
BL057,8,0.28,388,0.16,339.05,369.52,191.71,62,,,,,
BL075,8,0.04,"2,133",0.03,571.52,436.00,229.96,64,,,,,
BL090,8,0.27,"1,300",0.05,0.00,0.00,0.00,65,,,,,
BL098,8,0.03,348,0.23,345.54,301.00,115.01,80,,,,,
BL103,8,0.28,181,0.37,394.96,499.00,249.75,67,,,,,
BL104,8,0.02,492,0.13,642.08,516.41,230.31,64,,,,,
BL107,8,0.11,267,0.24,382.15,329.00,173.15,64,,,,,
BL109,8,0.07,750,0.10,662.96,518.00,259.17,75,,,,,
BL110,8,0.20,870,0.10,305.72,333.00,162.41,87,,,,,
BTM004,8,0.23,555,0.11,371.54,349.00,158.28,61,,,,,
BTM008,8,0.01,771,0.07,549.82,518.00,219.43,54,,,,,
BTM026,8,0.05,"3,150",0.02,620.57,518.00,250.62,63,,,,,
BTM029,8,0.05,413,0.15,518.19,509.78,263.07,62,,,,,
BTM032,8,0.25,"1,500",0.04,293.01,286.67,128.80,60,,,,,
BTM035,8,0.23,"1,675",0.04,286.34,301.00,125.31,67,,,,,
BTM037,8,0.26,"2,233",0.03,327.87,345.00,179.75,67,,,,,
BTM038,8,0.22,756,0.09,396.44,379.00,204.26,68,,,,,
BTM039,8,0.27,"7,800",0.01,289.77,360.00,139.93,78,,,,,
BTM042,8,0.00,364,0.22,224.75,211.33,105.29,80,,,,,
BTM043,8,0.06,857,0.07,483.66,379.00,202.16,60,,,,,
BTM045,8,0.02,231,0.26,376.35,331.00,165.81,60,,,,,
CH208,8,0.12,938,0.08,290.08,301.00,150.35,75,,,,,
J0001,8,0.08,"1,250",0.06,770.62,690.00,321.42,75,,,,,
J0002,8,0.21,682,0.11,"1,168.50","1,174.45",639.08,75,,,,,
J0003,8,0.23,220,0.40,552.99,676.98,267.69,88,,,,,
J0004,8,0.13,"4,400",0.02,"1,182.69","1,186.00",600.12,88,,,,,
J0005,8,0.08,447,0.19,839.01,859.14,375.76,85,,,,,
J0006,8,0.11,406,0.18,885.19,830.82,412.93,73,,,,,
J0007,8,0.16,444,0.16,"1,297.47","1,133.00",522.98,71,,,,,
J0008,8,0.23,"1,250",0.06,"1,187.43","1,106.31",505.65,75,,,,,
J0009,8,0.01,268,0.25,"1,022.43",811.30,420.72,67,,,,,
J0010,8,0.12,870,0.10,972.81,999.00,384.79,87,,,,,
J0011,8,0.20,444,0.16,"1,833.85","1,676.84",701.30,71,,,,,
J0012,8,0.18,110,0.63,"1,161.59","1,151.04",449.23,69,,,,,
J0013,8,0.13,436,0.14,"1,029.46","1,072.00",426.53,61,,,,,
J0014,8,0.04,"1,460",0.05,"2,171.57","1,648.00",738.89,73,,,,,
J0019,8,0.16,600,0.12,639.62,579.00,302.01,72,,,,,
J0023,8,0.05,833,0.09,480.19,387.00,207.03,75,,,,,
J0024,8,0.20,"2,133",0.03,166.69,160.50,61.23,64,,,,,
J0025,8,0.01,"1,071",0.07,627.65,566.00,292.44,75,,,,,
J0026,8,0.30,500,0.14,250.17,318.00,139.02,70,,,,,
J0033,8,0.18,89,0.76,422.36,399.00,201.04,68,,,,,
J0034,8,0.20,326,0.23,646.39,717.00,293.34,75,,,,,
J0038,8,0.04,"5,400",0.01,630.84,546.00,267.19,54,,,,,
J0040,8,0.27,356,0.18,591.74,612.38,260.54,64,,,,,
J0041,8,0.00,700,0.10,855.05,645.62,324.26,70,,,,,
J0048,8,0.03,338,0.16,392.75,335.00,180.00,54,,,,,
J0049,8,0.21,384,0.19,332.57,317.18,121.23,73,,,,,
J0057,8,0.22,453,0.17,497.77,475.00,243.89,77,,,,,
J0062,8,0.28,506,0.16,437.48,475.00,260.80,81,,,,,
J0072,8,0.11,97,0.67,319.80,318.00,160.72,65,,,,,
J0074,8,0.14,875,0.08,296.63,301.00,129.38,70,,,,,
J0077,8,0.14,600,0.10,"1,096.55","1,099.00",460.35,60,,,,,
J0079,8,0.15,654,0.13,"1,260.89","1,359.82",597.72,85,,,,,
J0081,8,0.27,405,0.21,445.47,532.67,282.48,85,,,,,
J0082,8,0.20,"1,200",0.05,323.52,360.00,194.85,60,,,,,
J0083,8,0.24,667,0.12,515.18,560.52,260.99,80,,,,,
J0085,8,0.22,525,0.12,363.32,340.51,137.32,63,,,,,
J0088,8,0.08,917,0.06,398.86,399.00,197.01,55,,,,,
J0089,8,0.22,421,0.14,347.69,342.34,184.59,59,,,,,
J0090,8,0.23,862,0.08,526.05,529.38,263.17,69,,,,,
J0091,8,0.26,422,0.18,241.34,301.00,148.91,76,,,,,
J0092,8,0.23,277,0.22,880.59,833.00,354.83,61,,,,,
J0093,8,0.20,256,0.25,598.50,599.00,264.53,64,,,,,
J0094,8,0.14,50,1.33,610.53,603.00,240.70,66,,,,,
J0095,8,0.07,261,0.33,774.26,633.21,297.43,86,,,,,
J0096,8,0.03,123,0.57,702.23,635.00,336.34,70,,,,,
J0097,8,0.30,"1,500",0.00,513.99,568.00,243.53,75,,,,,
J0098,8,0.08,"1,480",0.05,390.54,399.00,167.85,74,,,,,
J0102,8,0.27,"1,360",0.05,"1,163.43","1,186.00",630.81,68,,,,,
J0103,8,0.22,875,0.08,"1,225.79","1,302.16",545.52,70,,,,,
J0104,8,0.08,367,0.18,549.21,469.00,218.58,66,,,,,
J0105,8,0.22,"6,500",0.01,872.54,992.20,457.54,65,,,,,
J0106,8,0.05,"2,850",0.02,"1,221.40",999.00,476.84,57,,,,,
J0108,8,0.27,"2,100",0.03,888.24,921.60,502.90,63,,,,,
J0111,8,0.28,343,0.21,369.19,421.82,229.74,72,,,,,
J0112,8,0.27,"1,140",0.05,322.59,349.00,154.19,57,,,,,
J0113,8,0.15,"1,250",0.06,590.22,574.00,285.03,75,,,,,
J0114,8,0.04,900,0.08,423.93,324.00,138.09,72,,,,,
J0117,8,0.25,"3,050",0.02,490.97,534.72,247.86,61,,,,,
J0118,8,0.29,388,0.16,493.26,516.67,204.45,62,,,,,
J0119,8,0.30,232,0.25,529.99,569.07,288.87,58,,,,,
J0122,8,0.11,"1,300",0.00,347.80,327.38,138.01,65,,,,,
J0123,8,0.19,725,0.08,275.63,301.00,153.84,58,,,,,
J0124,8,0.29,"1,071",0.07,482.45,570.00,306.04,75,,,,,
J0126,8,0.01,978,0.09,"1,038.09",783.00,392.08,88,,,,,
J0127,8,0.00,37,1.56,"1,291.94","1,143.64",597.66,57,,,,,
J0130,8,0.19,"8,000",0.01,728.40,729.00,300.80,80,,,,,
J0131,8,0.05,"1,160",0.00,466.98,369.00,163.22,58,,,,,
J0132,8,0.09,550,0.14,368.49,345.00,138.64,77,,,,,
J0134,8,0.26,"3,750",0.02,687.69,729.00,377.83,75,,,,,
J0135,8,0.26,"1,975",0.04,494.99,588.84,234.51,79,,,,,
J0136,8,0.10,911,0.09,556.31,568.00,260.32,82,,,,,
J0138,8,0.04,335,0.20,636.18,499.00,198.43,67,,,,,
J0139,8,0.25,492,0.12,324.58,399.00,197.88,59,,,,,
J0140,8,0.14,812,0.08,616.41,626.00,332.59,65,,,,,
J0141,8,0.07,"8,000",0.01,567.19,452.00,231.09,80,,,,,
J0142,8,0.15,35,2.27,394.25,396.00,189.05,79,,,,,
J0143,8,0.28,978,0.09,645.78,645.00,265.05,88,,,,,
J0147,8,0.30,"1,450",0.06,553.22,567.39,311.39,87,,,,,
J0148,8,0.11,158,0.43,605.67,594.93,275.55,68,,,,,
J0150,8,0.03,800,0.11,409.97,397.10,203.41,88,,,,,
J0151,8,0.01,929,0.07,604.04,470.51,249.19,65,,,,,
J0152,8,0.07,"4,150",0.02,"1,009.84",899.00,442.85,83,,,,,
J0153,8,0.09,"1,200",0.05,434.53,439.99,171.46,60,,,,,
J0154,8,0.29,756,0.09,344.58,374.01,185.15,68,,,,,
J0157,8,0.03,"1,012",0.08,709.10,689.06,296.63,81,,,,,
J0158,8,0.09,"1,460",0.00,"1,016.94",825.00,402.75,73,,,,,
J0161,8,0.01,850,0.10,514.41,473.00,239.90,85,,,,,
J0162,8,0.17,543,0.14,"1,089.27","1,199.00",558.10,76,,,,,
J0164,8,0.27,"7,000",0.01,290.54,358.08,179.60,70,,,,,
J0165,8,0.25,"1,450",0.04,354.49,341.00,185.41,58,,,,,
J0166,8,0.19,618,0.11,446.03,426.00,190.16,68,,,,,
J0167,8,0.08,525,0.12,385.57,315.00,146.33,63,,,,,
J0168,8,0.30,682,0.11,368.76,443.00,225.09,75,,,,,
J0171,8,0.03,620,0.10,553.88,489.00,264.67,62,,,,,
J0172,8,0.01,583,0.12,580.55,518.00,260.36,70,,,,,
J0173,8,0.22,"1,725",0.04,399.09,420.00,166.15,69,,,,,
J0174,8,0.13,"3,150",0.02,457.49,423.00,175.16,63,,,,,
J0175,8,0.04,"1,700",0.04,580.85,476.00,205.59,68,,,,,
J0176,8,0.26,"1,100",0.06,324.92,385.16,196.15,66,,,,,
J0177,8,0.28,740,0.10,342.30,344.00,149.24,74,,,,,
J0178,8,0.16,736,0.11,289.82,311.00,163.39,81,,,,,
J0179,8,0.05,"2,733",0.03,917.73,696.00,324.89,82,,,,,
J0181,8,0.17,"2,200",0.03,349.45,399.00,152.59,66,,,,,
J0183,8,0.17,378,0.18,447.99,443.00,225.42,68,,,,,
J0186,8,0.08,129,0.45,910.20,848.00,381.31,58,,,,,
J0189,8,0.17,475,0.12,317.62,317.00,161.54,57,,,,,
J0190,8,0.13,983,0.06,375.11,345.00,147.04,59,,,,,
J0192,8,0.13,"1,240",0.00,314.89,301.00,146.73,62,,,,,
J0196,8,0.25,862,0.08,387.10,431.84,191.09,69,,,,,
J0197,8,0.04,292,0.26,771.43,615.08,272.05,76,,,,,
J0198,8,0.15,864,0.11,623.04,568.18,260.75,95,,,,,
J0199,8,0.13,533,0.12,573.11,491.00,262.51,64,,,,,
J0201,8,0.27,"2,033",0.03,518.98,625.00,255.00,61,,,,,
J0204,8,0.23,"1,000",0.07,728.60,749.00,406.76,70,,,,,
J0205,8,0.18,412,0.17,393.46,382.39,171.90,70,,,,,
J0207,8,0.29,"4,600",0.02,741.08,885.00,384.81,92,,,,,
J0209,8,0.29,"3,300",0.02,766.66,885.00,409.71,66,,,,,
J0210,8,0.25,962,0.08,728.08,837.00,428.12,77,,,,,
J0212,8,0.19,22,2.87,704.55,791.00,411.60,64,,,,,
J0213,8,0.29,691,0.11,478.38,599.00,259.09,76,,,,,
J0215,8,0.03,407,0.15,574.61,545.00,212.96,61,,,,,
J0216,8,0.03,405,0.22,777.37,621.69,327.40,89,,,,,
J0217,8,0.17,395,0.20,703.23,661.27,325.36,79,,,,,
J0219,8,0.15,625,0.12,819.82,697.54,370.19,75,,,,,
J0220,8,0.27,"2,367",0.03,446.69,468.75,184.13,71,,,,,
J0224,8,0.17,166,0.38,"1,209.35","1,364.00",537.49,63,,,,,
J0225,8,0.28,538,0.13,"1,256.82","1,284.00",608.87,70,,,,,
J0226,8,0.27,"1,740",0.05,"1,479.38","1,499.00",600.88,87,,,,,
J0228,8,0.22,331,0.26,"1,596.16","1,698.00",859.44,86,,,,,
J0229,8,0.26,"1,383",0.06,"1,104.27","1,189.00",520.55,83,,,,,
J0230,8,0.10,213,0.31,"1,687.16","1,347.07",553.74,66,,,,,
J0231,8,0.03,183,0.35,"1,444.87","1,204.84",548.94,64,,,,,
J0233,8,0.07,523,0.13,"1,611.95","1,268.07",645.30,68,,,,,
J0234,8,0.25,620,0.15,952.48,"1,176.92",628.68,93,,,,,
J0236,8,0.23,"3,750",0.02,813.54,945.99,375.49,75,,,,,
J0237,8,0.09,"1,540",0.00,"1,500.26","1,369.00",605.61,77,,,,,
J0239,8,0.19,"8,700",0.01,"1,421.77","1,399.00",686.40,87,,,,,
J0240,8,0.04,216,0.32,"2,114.43","1,649.00",703.44,69,,,,,
J0241,8,0.06,325,0.24,"1,755.64","1,338.00",531.84,78,,,,,
J0243,8,0.28,900,0.10,853.14,999.00,417.00,90,,,,,
J0244,8,0.20,"1,271",0.07,975.10,"1,142.77",503.80,89,,,,,
J0247,8,0.18,933,0.09,842.61,772.38,403.58,84,,,,,
J0248,8,0.02,500,0.13,"1,055.80",854.00,339.25,65,,,,,
J0249,8,0.02,736,0.11,772.63,704.25,314.73,81,,,,,
J0250,8,0.03,457,0.14,860.21,725.00,370.32,64,,,,,
J0251,8,0.05,"1,780",0.05,902.13,725.00,381.89,89,,,,,
J0252,8,0.05,"1,200",0.06,"1,127.04",899.00,493.04,72,,,,,
J0277,8,0.12,292,0.24,"1,470.23","1,364.00",596.35,70,,,,,
J0278,8,0.15,775,0.08,748.29,761.00,417.90,62,,,,,
J0279,8,0.17,216,0.32,"1,102.43",955.00,400.09,69,,,,,
J0280,8,0.09,215,0.33,"1,800.55","1,543.18",806.56,71,,,,,
J0281,8,0.20,"8,800",0.01,"1,409.51","1,477.00",674.57,88,,,,,
J0282,8,0.28,"2,433",0.03,819.29,991.07,428.52,73,,,,,
J0283,8,0.15,"6,000",0.01,"1,070.93",964.80,423.71,60,,,,,
J0284,8,0.16,800,0.08,"1,137.00","1,192.82",610.57,64,,,,,
J0285,8,0.27,158,0.53,"1,109.74","1,369.42",587.38,84,,,,,
J0291,8,0.09,533,0.15,965.73,859.00,333.69,80,,,,,
J0292,8,0.29,145,0.49,290.82,355.72,175.97,71,,,,,
J0294,8,0.07,417,0.18,445.32,377.00,165.72,75,,,,,
J0295,8,0.17,260,0.25,773.93,854.46,346.59,65,,,,,
J0297,8,0.25,426,0.19,548.69,571.90,250.61,81,,,,,
J0298,8,0.07,300,0.27,509.11,476.38,215.98,81,,,,,
J0300,8,0.23,142,0.55,243.38,301.00,146.73,78,,,,,
J0301,8,0.18,480,0.15,445.04,495.90,250.39,72,,,,,
J0306,8,0.24,"1,620",0.05,413.83,395.50,157.55,81,,,,,
J0308,8,0.20,565,0.17,716.98,662.12,293.13,96,,,,,
J0319,8,0.29,767,0.09,699.89,871.00,404.62,69,,,,,
J0323,8,0.23,817,0.12,530.81,521.29,277.41,98,,,,,
J0328,8,0.06,950,0.08,"1,114.80",939.00,424.36,76,,,,,
J0329,8,0.13,270,0.33,"1,030.19",852.00,397.26,89,,,,,
J0330,8,0.07,514,0.14,631.41,575.00,297.16,72,,,,,
J0331,8,0.04,"1,343",0.07,"1,020.25",824.80,352.34,94,,,,,
J0332,8,0.10,346,0.26,644.63,668.00,335.52,90,,,,,
J0333,8,0.09,"1,725",0.04,945.91,874.47,477.34,69,,,,,
J0334,8,0.17,"3,067",0.03,689.74,599.00,263.72,92,,,,,
J0335,8,0.25,"1,480",0.05,896.89,965.45,501.93,74,,,,,
J0336,8,0.05,375,0.24,726.99,665.00,259.43,90,,,,,
J0337,8,0.15,"1,300",0.07,505.91,545.00,211.37,91,,,,,
J0338,8,0.08,838,0.08,"1,072.09",899.00,354.63,67,,,,,
J0339,8,0.17,418,0.17,859.04,811.31,395.17,71,,,,,
J0340,8,0.06,"1,620",0.05,738.56,665.36,364.20,81,,,,,
J0341,8,0.23,"1,400",0.05,929.43,872.88,342.33,70,,,,,
J0342,8,0.02,72,1.23,689.35,665.00,317.34,88,,,,,
J0343,8,0.08,53,1.50,940.47,884.06,340.96,80,,,,,
J0344,8,0.09,219,0.37,692.13,554.21,214.03,81,,,,,
J0345,8,0.02,347,0.19,544.48,478.00,193.58,66,,,,,
J0346,8,0.19,533,0.12,438.97,476.10,238.02,64,,,,,
J0348,8,0.24,538,0.13,449.37,478.00,193.74,70,,,,,
J0349,8,0.03,"1,960",0.05,"1,096.64",844.75,419.10,98,,,,,
J0351,8,0.03,296,0.27,876.53,832.00,378.85,80,,,,,
J0352,8,0.15,"4,700",0.02,784.77,669.00,261.48,94,,,,,
J0353,8,0.02,"1,300",0.07,818.71,628.95,271.50,91,,,,,
J0354,8,0.26,"1,220",0.05,523.20,635.00,287.71,61,,,,,
J0355,8,0.25,571,0.14,534.04,548.07,292.38,80,,,,,
J0369,8,0.04,98,0.65,"1,363.68","1,199.00",534.09,64,,,,,
J0370,8,0.15,"1,800",0.04,947.40,936.00,357.26,72,,,,,
J0371,8,0.04,"1,033",0.06,"1,524.15","1,199.00",630.90,62,,,,,
J0372,8,0.12,"1,500",0.05,"1,341.37","1,099.00",507.61,75,,,,,
J0373,8,0.27,458,0.19,459.34,575.00,230.49,87,,,,,
J0374,8,0.19,650,0.12,595.43,614.00,249.52,78,,,,,
J0375,8,0.25,"1,267",0.06,912.83,999.00,423.65,76,,,,,
J0376,8,0.20,184,0.38,"1,004.93","1,063.00",458.69,70,,,,,
J0377,8,0.30,546,0.13,823.16,999.00,430.15,71,,,,,
J0378,8,0.09,296,0.24,"1,114.08","1,146.00",560.26,71,,,,,
J0379,8,0.20,"1,850",0.04,"1,130.19","1,095.20",547.70,74,,,,,
J0380,8,0.11,"4,350",0.02,"1,539.21","1,438.00",593.04,87,,,,,
J0381,8,0.23,"1,625",0.04,"1,118.44","1,299.00",535.55,65,,,,,
J0382,8,0.18,638,0.13,"1,227.86","1,121.13",451.36,83,,,,,
J0385,8,0.00,362,0.21,"1,181.84",888.00,395.27,76,,,,,
J0386,8,0.13,"1,317",0.06,855.48,805.83,384.83,79,,,,,
J0388,8,0.19,533,0.15,645.23,690.00,290.23,80,,,,,
J0389,8,0.12,700,0.12,745.15,665.00,254.83,84,,,,,
J0390,8,0.07,"7,200",0.01,668.93,625.00,277.21,72,,,,,
J0391,8,0.04,"2,167",0.03,750.24,690.00,364.10,65,,,,,
J0392,8,0.10,767,0.09,734.45,625.00,340.29,69,,,,,
J0395,8,0.12,87,0.91,804.38,859.00,339.09,79,,,,,
J0396,8,0.21,439,0.18,735.05,859.00,397.78,79,,,,,
J0397,8,0.18,388,0.17,855.24,991.07,460.59,66,,,,,
J0398,8,0.00,"1,138",0.08,976.62,885.00,366.65,91,,,,,
J0399,8,0.14,"1,800",0.04,728.02,788.10,346.38,72,,,,,
J0400,8,0.25,259,0.29,901.00,859.00,369.94,75,,,,,
J0401,8,0.00,"1,133",0.09,"1,016.01",882.66,366.05,102,,,,,
J0402,8,0.29,"1,150",0.08,538.42,688.00,356.75,92,,,,,
J0413,8,0.15,564,0.14,714.47,741.00,379.78,79,,,,,
J0414,8,0.08,242,0.31,"1,121.68",885.00,352.85,75,,,,,
J0415,8,0.06,342,0.24,"1,041.16",899.00,442.79,82,,,,,
J0416,8,0.24,250,0.34,735.70,821.98,399.61,85,,,,,
J0417,8,0.07,600,0.11,997.28,791.00,342.34,66,,,,,
J0418,8,0.22,469,0.16,694.20,749.00,294.70,75,,,,,
J0419,8,0.10,"2,533",0.03,830.97,791.00,350.09,76,,,,,
JNE09210,8,0.21,"1,100",0.07,797.25,899.00,440.94,77,,,,,
JNE1233,8,0.10,"2,500",0.03,406.45,382.00,207.77,75,,,,,
JNE1408,8,0.27,"1,660",0.05,260.16,307.00,140.53,83,,,,,
JNE1906,8,0.20,"1,086",0.07,393.32,382.00,171.73,76,,,,,
JNE1951,8,0.16,109,0.80,376.22,389.00,211.93,87,,,,,
JNE1977,8,0.29,243,0.28,315.99,355.47,193.25,68,,,,,
JNE1998,8,0.03,"1,460",0.00,313.30,301.00,123.46,73,,,,,
JNE2009,8,0.27,"1,183",0.06,245.43,301.00,147.12,71,,,,,
JNE2014,8,0.11,778,0.09,381.05,359.00,189.70,70,,,,,
JNE2032,8,0.27,333,0.24,308.81,307.00,141.59,80,,,,,
JNE2049,8,0.30,86,0.93,364.90,441.00,184.82,80,,,,,
JNE2086,8,0.07,"6,400",0.01,833.67,699.00,358.80,64,,,,,
JNE2100,8,0.26,744,0.09,322.05,382.00,169.65,67,,,,,
JNE2113,8,0.00,791,0.11,593.20,542.00,293.34,87,,,,,
JNE2132,8,0.25,442,0.19,454.42,566.00,260.17,84,,,,,
JNE2153,8,0.06,"2,175",0.04,477.93,439.48,201.32,87,,,,,
JNE2170,8,0.01,136,0.66,669.61,612.00,270.28,90,,,,,
JNE2171,8,0.30,519,0.16,407.48,524.00,223.52,83,,,,,
JNE2199,8,0.04,"1,480",0.05,453.64,359.00,137.89,74,,,,,
JNE2205,8,0.12,"1,800",0.04,328.71,353.88,163.57,72,,,,,
JNE2266,8,0.13,"9,400",0.01,384.59,355.00,168.76,94,,,,,
JNE2270,8,0.16,314,0.22,525.59,529.00,283.89,69,,,,,
JNE2291,8,0.06,231,0.32,440.70,382.00,208.45,74,,,,,
JNE2305,8,0.23,727,0.11,366.79,382.00,147.59,80,,,,,
JNE3030,8,0.16,"1,420",0.00,716.96,736.00,300.20,71,,,,,
JNE3042,8,0.11,988,0.08,308.95,301.00,129.94,79,,,,,
JNE3065,8,0.14,"1,300",0.00,441.64,393.00,188.83,65,,,,,
JNE3068,8,0.08,"1,043",0.07,826.29,662.86,345.05,73,,,,,
JNE3157,8,0.27,525,0.16,505.74,620.00,256.62,84,,,,,
JNE3160,8,0.24,304,0.28,611.50,742.14,388.44,85,,,,,
JNE3252,8,0.19,476,0.21,529.31,479.00,243.07,100,,,,,
JNE3255,8,0.02,309,0.23,559.57,487.00,222.38,71,,,,,
JNE3257,8,0.09,550,0.16,493.16,436.00,188.38,88,,,,,
JNE3261,8,0.29,"8,800",0.01,318.91,382.00,167.23,88,,,,,
JNE3265,8,0.16,554,0.13,292.24,318.00,159.77,72,,,,,
JNE3273,8,0.26,"2,567",0.03,441.58,475.00,201.66,77,,,,,
JNE3279,8,0.23,"4,500",0.02,279.15,293.84,131.05,90,,,,,
JNE3281,8,0.11,"1,825",0.04,449.98,451.00,232.70,73,,,,,
JNE3291,8,0.10,"1,200",0.06,542.58,499.00,253.43,72,,,,,
JNE3294,8,0.25,"1,675",0.04,445.74,447.22,218.91,67,,,,,
JNE3296,8,0.12,880,0.10,476.62,431.00,186.33,88,,,,,
JNE3311,8,0.24,327,0.30,493.44,599.00,252.28,98,,,,,
JNE3313,8,0.18,29,3.50,592.64,582.00,318.68,102,,,,,
JNE3334,8,0.15,"4,050",0.02,348.63,316.49,171.59,81,,,,,
JNE3355,8,0.11,"1,186",0.07,529.28,448.00,233.64,83,,,,,
JNE3359,8,0.14,631,0.13,405.74,371.43,197.53,82,,,,,
JNE3363,8,0.19,277,0.26,356.62,399.00,202.52,72,,,,,
JNE3364,8,0.16,764,0.11,416.68,382.00,154.55,84,,,,,
JNE3365,8,0.05,"2,700",0.03,458.79,375.22,161.49,81,,,,,
JNE3366,8,0.19,557,0.14,327.54,382.00,179.31,78,,,,,
JNE3368,8,0.27,608,0.13,410.57,471.00,251.22,79,,,,,
JNE3371,8,0.03,657,0.14,395.63,349.64,164.16,92,,,,,
JNE3373,8,0.25,933,0.09,371.02,385.19,200.51,84,,,,,
JNE3376,8,0.25,65,1.56,364.71,432.00,205.74,101,,,,,
JNE3383,8,0.28,"1,400",0.07,366.48,405.00,195.31,98,,,,,
JNE3384,8,0.09,910,0.10,375.15,301.00,134.04,91,,,,,
JNE3388,8,0.15,"2,025",0.04,340.08,301.00,160.20,81,,,,,
JNE3389,8,0.16,880,0.10,521.11,452.00,199.80,88,,,,,
JNE3390,8,0.18,"5,775",0.04,348.26,305.00,156.30,231,,,,,
JNE3396,8,0.02,"1,486",0.07,502.91,487.00,236.84,104,,,,,
JNE3398,8,0.11,432,0.19,350.32,310.43,137.71,82,,,,,
JNE3399,8,0.04,"1,212",0.08,525.30,458.09,212.77,97,,,,,
JNE3400,8,0.10,"1,620",0.05,558.08,459.00,185.62,81,,,,,
JNE3401,8,0.22,"3,650",0.02,267.21,301.00,131.84,73,,,,,
JNE3403,8,0.17,506,0.17,461.44,399.00,208.40,86,,,,,
JNE3404,8,0.10,823,0.13,588.51,517.00,278.15,107,,,,,
JNE3405,8,0.07,396,0.23,501.97,406.52,179.19,91,,,,,
JNE3407,8,0.11,"1,667",0.06,285.87,297.42,162.24,100,,,,,
JNE3412,8,0.03,"1,540",0.05,436.56,403.93,157.60,77,,,,,
JNE3415,8,0.27,"1,200",0.07,282.16,293.84,132.86,84,,,,,
JNE3416,8,0.08,"1,840",0.05,292.90,301.00,123.80,92,,,,,
JNE3421,8,0.10,"2,833",0.03,539.84,449.00,197.85,85,,,,,
JNE3422,8,0.02,250,0.34,311.17,301.00,142.10,85,,,,,
JNE3423,8,0.10,583,0.12,429.53,372.86,170.49,70,,,,,
JNE3425,8,0.09,354,0.24,381.55,356.00,138.82,85,,,,,
JNE3426,8,0.14,"1,333",0.06,391.34,360.00,137.55,80,,,,,
JNE3428,8,0.04,778,0.09,373.80,301.00,116.37,70,,,,,
JNE3429,8,0.19,247,0.34,301.33,318.00,125.96,84,,,,,
JNE3430,8,0.29,394,0.18,257.19,333.00,170.44,71,,,,,
JNE3431,8,0.04,259,0.29,343.46,333.00,172.07,75,,,,,
JNE3434,8,0.23,361,0.23,325.95,337.00,181.38,83,,,,,
JNE3436,8,0.26,82,0.95,289.97,318.00,169.45,78,,,,,
JNE3437,8,0.08,250,0.30,739.79,613.94,335.76,75,,,,,
JNE3438,8,0.28,337,0.27,402.74,455.36,243.14,91,,,,,
JNE3439,8,0.27,"1,840",0.00,410.11,469.00,203.49,92,,,,,
JNE3440,8,0.08,33,2.77,442.75,404.64,217.66,92,,,,,
JNE3445,8,0.13,"1,018",0.11,448.80,487.00,197.90,112,,,,,
JNE3449,8,0.23,"3,167",0.03,268.43,298.61,149.93,95,,,,,
JNE3451,8,0.25,"1,300",0.06,377.82,362.00,191.83,78,,,,,
JNE3452,8,0.18,"1,070",0.10,326.66,293.84,126.81,107,,,,,
JNE3453,8,0.21,210,0.39,457.52,497.00,266.39,82,,,,,
JNE3454,8,0.26,438,0.21,409.79,441.00,195.40,92,,,,,
JNE3456,8,0.08,"1,229",0.07,372.89,301.00,130.73,86,,,,,
JNE3457,8,0.27,"2,180",0.05,350.82,399.00,159.93,109,,,,,
JNE3458,8,0.18,"1,222",0.09,329.14,380.00,161.51,110,,,,,
JNE3459,8,0.17,158,0.55,361.72,405.00,159.05,87,,,,,
JNE3460,8,0.22,718,0.11,460.00,480.00,236.10,79,,,,,
JNE3461,8,0.06,193,0.45,518.82,397.27,164.24,87,,,,,
JNE3463,8,0.17,"2,140",0.05,615.83,574.00,288.18,107,,,,,
JNE3465,8,0.21,"1,189",0.09,443.27,522.04,271.38,107,,,,,
JNE3466,8,0.08,"1,217",0.06,791.80,771.00,325.67,73,,,,,
JNE3467,8,0.13,"1,533",0.06,386.75,336.79,154.49,92,,,,,
JNE3468,8,0.08,"1,650",0.06,472.86,382.28,157.82,99,,,,,
JNE3470,8,0.10,221,0.34,343.01,301.00,114.87,75,,,,,
JNE3471,8,0.13,553,0.15,352.89,318.00,152.59,83,,,,,
JNE3472,8,0.21,392,0.26,267.11,319.00,155.28,102,,,,,
JNE3473,8,0.17,"1,700",0.05,541.64,487.00,203.57,85,,,,,
JNE3475,8,0.05,210,0.48,419.45,333.00,130.46,101,,,,,
JNE3476,8,0.02,528,0.18,452.73,405.00,163.65,95,,,,,
JNE3479,8,0.19,809,0.11,316.47,301.00,143.60,89,,,,,
JNE3480,8,0.26,571,0.14,246.65,296.22,153.83,80,,,,,
JNE3482,8,0.16,"1,480",0.00,283.12,316.74,133.58,74,,,,,
JNE3483,8,0.22,165,0.48,321.60,368.00,166.87,79,,,,,
JNE3484,8,0.03,138,0.61,324.12,300.35,159.93,84,,,,,
JNE3485,8,0.25,878,0.09,410.92,469.00,241.96,79,,,,,
JNE3487,8,0.17,540,0.15,334.26,336.59,133.48,81,,,,,
JNE3500,8,0.14,258,0.33,315.01,298.29,147.83,85,,,,,
JNE3501,8,0.05,"1,620",0.00,432.31,373.97,148.75,81,,,,,
JNE3503,8,0.13,791,0.11,316.70,318.00,153.86,87,,,,,
JNE3504,8,0.25,"1,050",0.08,364.98,459.00,251.60,84,,,,,
JNE3506,8,0.15,"1,820",0.00,681.05,635.00,251.51,91,,,,,
JNE3510,8,0.07,465,0.17,520.14,470.58,251.52,79,,,,,
JNE3515,8,0.15,815,0.13,460.26,469.00,232.49,106,,,,,
JNE3518,8,0.13,"5,750",0.02,573.43,487.00,189.15,115,,,,,
JNE3522,8,0.16,779,0.14,364.61,331.00,149.78,109,,,,,
JNE3524,8,0.09,"1,660",0.05,697.90,568.00,251.39,83,,,,,
JNE3526,8,0.27,"3,900",0.02,268.78,301.00,133.92,78,,,,,
JNE3530,8,0.02,187,0.39,382.31,356.00,178.05,73,,,,,
JNE3539,8,0.14,740,0.10,401.64,361.00,192.95,74,,,,,
JNE3543,8,0.20,97,1.00,329.04,366.54,167.35,97,,,,,
JNE3546,8,0.26,889,0.09,434.05,487.00,238.80,80,,,,,
JNE3548,8,0.10,"1,417",0.06,499.15,517.00,271.78,85,,,,,
JNE3549,8,0.24,745,0.11,315.87,310.43,130.55,82,,,,,
JNE3554,8,0.15,"2,400",0.04,480.79,517.00,276.96,96,,,,,
JNE3557,8,0.29,"4,350",0.02,501.45,517.00,261.01,87,,,,,
JNE3560,8,0.23,800,0.10,566.53,544.00,292.47,80,,,,,
JNE3562,8,0.17,510,0.20,479.08,476.00,195.30,102,,,,,
JNE3565,8,0.07,"1,433",0.06,387.58,318.00,170.31,86,,,,,
JNE3566,8,0.18,"1,167",0.09,382.27,368.00,141.65,105,,,,,
JNE3567,8,0.11,105,0.92,472.68,399.00,152.53,97,,,,,
JNE3568,8,0.12,"1,086",0.07,402.32,380.63,185.13,76,,,,,
JNE3571,8,0.24,"1,920",0.05,490.42,487.00,200.56,96,,,,,
JNE3573,8,0.27,386,0.21,337.05,381.00,148.20,81,,,,,
JNE3575,8,0.28,320,0.25,467.76,471.00,198.73,80,,,,,
JNE3576,8,0.12,34,2.50,522.94,487.00,236.70,84,,,,,
JNE3577,8,0.28,"1,500",0.07,607.32,696.00,372.92,105,,,,,
JNE3578,8,0.07,389,0.19,754.01,612.00,255.75,74,,,,,
JNE3579,8,0.08,"1,980",0.05,370.39,301.00,136.98,99,,,,,
JNE3601,8,0.05,"2,425",0.04,354.44,299.90,116.80,97,,,,,
JNE3602,8,0.06,"1,022",0.09,417.42,399.00,157.97,92,,,,,
JNE3603,8,0.09,512,0.16,330.69,299.41,140.54,82,,,,,
JNE3605,8,0.13,410,0.20,609.81,504.69,268.04,82,,,,,
JNE3606,8,0.24,"2,933",0.03,486.17,487.00,227.07,88,,,,,
JNE3607,8,0.28,"1,783",0.06,458.12,477.00,261.43,107,,,,,
JNE3609,8,0.16,"1,038",0.08,506.46,568.00,306.96,83,,,,,
JNE3611,8,0.23,719,0.16,438.32,469.00,248.58,115,,,,,
JNE3612,8,0.10,520,0.15,443.39,386.00,169.70,78,,,,,
JNE3613,8,0.05,"4,350",0.02,515.76,405.00,171.38,87,,,,,
JNE3614,8,0.23,297,0.30,375.56,457.01,206.03,89,,,,,
JNE3616,8,0.25,"1,214",0.07,323.60,320.00,155.61,85,,,,,
JNE3617,8,0.06,"3,700",0.02,372.41,319.00,159.96,74,,,,,
JNE3618,8,0.21,560,0.15,352.74,399.00,160.53,84,,,,,
JNE3619,8,0.16,"1,500",0.08,276.08,283.08,144.94,120,,,,,
JNE3620,8,0.06,93,1.29,350.92,325.00,125.53,120,,,,,
JNE3622,8,0.11,"1,540",0.05,383.85,349.00,134.41,77,,,,,
JNE3623,8,0.20,340,0.25,309.32,362.00,196.44,85,,,,,
JNE3625,8,0.20,"1,517",0.06,383.83,434.00,199.77,91,,,,,
JNE3627,8,0.05,"1,250",0.08,417.08,329.00,125.41,100,,,,,
JNE3628,8,0.16,271,0.38,448.52,487.00,261.74,103,,,,,
JNE3630,8,0.08,447,0.19,421.67,405.00,156.01,85,,,,,
JNE3631,8,0.11,975,0.08,536.79,499.00,218.93,78,,,,,
JNE3633,8,0.17,"1,443",0.07,468.97,459.00,211.63,101,,,,,
JNE3634,8,0.02,709,0.11,702.26,544.00,240.99,78,,,,,
JNE3636,8,0.13,967,0.09,433.64,413.10,195.28,87,,,,,
JNE3637,8,0.29,"5,750",0.02,469.95,499.00,221.21,115,,,,,
JNE3638,8,0.20,"1,620",0.05,523.79,517.00,232.99,81,,,,,
JNE3639,8,0.21,638,0.13,445.88,518.00,205.54,83,,,,,
JNE3640,8,0.10,"1,717",0.06,463.52,466.20,252.81,103,,,,,
JNE3642,8,0.17,"2,475",0.04,320.51,321.00,124.69,99,,,,,
JNE3643,8,0.04,"3,100",0.03,343.55,301.00,120.00,93,,,,,
JNE3645,8,0.21,"10,200",0.01,482.16,465.82,207.09,102,,,,,
JNE3647,8,0.16,587,0.15,349.51,332.00,166.94,88,,,,,
JNE3648,8,0.06,"3,133",0.03,577.41,518.00,268.33,94,,,,,
JNE3651,8,0.12,547,0.15,505.88,518.00,244.07,82,,,,,
JNE3652,8,0.19,462,0.24,278.28,304.20,149.04,111,,,,,
JNE3654,8,0.20,512,0.17,371.42,371.00,199.15,87,,,,,
JNE3657,8,0.14,"2,200",0.05,357.57,347.00,149.67,110,,,,,
JNE3658,8,0.05,967,0.09,413.72,354.00,162.44,87,,,,,
JNE3659,8,0.25,"3,533",0.03,394.97,474.55,236.03,106,,,,,
JNE3660,8,0.17,"2,625",0.04,394.77,371.00,152.72,105,,,,,
JNE3661,8,0.09,"1,550",0.08,369.34,301.00,130.51,124,,,,,
JNE3666,8,0.02,478,0.18,336.36,301.00,116.95,86,,,,,
JNE3669,8,0.06,"3,075",0.04,562.87,490.00,234.66,123,,,,,
JNE3670,8,0.09,329,0.24,491.29,388.00,151.88,79,,,,,
JNE3671,8,0.29,247,0.34,515.64,622.52,250.73,84,,,,,
JNE3672,8,0.09,"1,629",0.07,657.24,574.00,311.29,114,,,,,
JNE3673,8,0.23,348,0.23,498.85,599.00,326.77,80,,,,,
JNE3674,8,0.26,"2,933",0.03,459.51,492.00,239.11,88,,,,,
JNE3675,8,0.14,137,0.67,533.81,574.00,236.61,92,,,,,
JNE3678,8,0.25,"4,100",0.02,566.42,545.00,285.81,82,,,,,
JNE3679,8,0.23,512,0.24,399.55,399.00,179.15,123,,,,,
JNE3680,8,0.20,606,0.16,608.83,574.00,278.53,97,,,,,
JNE3684,8,0.06,"3,300",0.03,359.83,295.27,113.71,99,,,,,
JNE3686,8,0.03,215,0.41,345.30,283.33,115.27,88,,,,,
JNE3687,8,0.18,862,0.13,539.62,545.00,222.08,112,,,,,
JNE3689,8,0.19,"2,300",0.05,471.50,431.05,206.68,115,,,,,
JNE3690,8,0.08,618,0.17,694.39,545.00,274.42,105,,,,,
JNE3691,8,0.24,"10,100",0.01,640.03,687.65,371.62,101,,,,,
JNE3695,8,0.15,472,0.18,352.06,301.00,123.95,85,,,,,
JNE3697,8,0.17,"2,675",0.04,496.78,477.23,181.37,107,,,,,
JNE3698,8,0.19,79,1.17,400.25,399.00,151.85,93,,,,,
JNE3701,8,0.27,717,0.12,293.91,333.00,139.62,86,,,,,
JNE3703,8,0.19,"2,325",0.04,273.86,301.00,122.07,93,,,,,
JNE3704,8,0.10,800,0.13,345.59,365.25,185.53,104,,,,,
JNE3706,8,0.11,"1,900",0.06,386.07,382.35,181.01,114,,,,,
JNE3707,8,0.14,"1,040",0.10,497.82,471.23,248.83,104,,,,,
JNE3708,8,0.08,"1,012",0.08,815.17,749.00,290.47,81,,,,,
JNE3709,8,0.24,769,0.16,726.50,792.00,353.98,123,,,,,
JNE3710,8,0.09,"1,417",0.06,886.22,699.00,357.28,85,,,,,
JNE3712,8,0.11,750,0.12,540.59,518.00,225.75,90,,,,,
JNE3713,8,0.08,"1,329",0.07,393.51,354.00,157.50,93,,,,,
JNE3714,8,0.03,785,0.13,474.44,445.97,218.13,102,,,,,
JNE3716,8,0.17,370,0.23,382.51,432.00,188.28,85,,,,,
JNE3718,8,0.23,891,0.11,495.51,487.00,203.91,98,,,,,
JNE3720,8,0.11,808,0.13,575.04,517.00,209.45,105,,,,,
JNE3721,8,0.26,394,0.31,291.15,298.92,136.36,122,,,,,
JNE3722,8,0.18,723,0.13,272.11,301.00,136.85,94,,,,,
JNE3724,8,0.02,"5,100",0.02,611.34,499.00,200.08,102,,,,,
JNE3725,8,0.23,"10,500",0.01,392.83,448.00,215.67,105,,,,,
JNE3726,8,0.23,"1,260",0.10,287.09,330.00,173.98,126,,,,,
JNE3727,8,0.21,717,0.12,457.15,549.00,299.26,86,,,,,
JNE3728,8,0.27,982,0.11,288.73,361.00,152.21,108,,,,,
JNE3730,8,0.21,190,0.50,275.42,301.00,149.22,95,,,,,
JNE3732,8,0.29,"3,100",0.04,333.83,431.00,185.46,124,,,,,
JNE3733,8,0.19,"11,100",0.01,593.25,525.00,214.77,111,,,,,
JNE3734,8,0.07,"1,238",0.08,371.34,344.80,173.62,99,,,,,
JNE3735,8,0.04,"2,250",0.04,405.99,386.00,198.33,90,,,,,
JNE3738,8,0.00,738,0.13,428.84,383.00,201.77,96,,,,,
JNE3739,8,0.16,864,0.14,482.33,457.27,250.37,121,,,,,
JNE3740,8,0.04,"1,240",0.10,309.89,301.00,147.61,124,,,,,
JNE3741,8,0.17,783,0.12,515.02,459.00,206.42,94,,,,,
JNE3742,8,0.01,"9,100",0.01,592.99,432.00,208.79,91,,,,,
JNE3744,8,0.25,54,1.77,588.07,690.00,273.44,95,,,,,
JNE3745,8,0.08,"3,700",0.03,334.39,301.00,147.73,111,,,,,
JNE3748,8,0.26,681,0.16,337.36,431.00,199.39,109,,,,,
JNE3749,8,0.14,244,0.36,513.96,469.00,195.47,88,,,,,
JNE3751,8,0.24,783,0.12,313.16,344.85,166.42,94,,,,,
JNE3752,8,0.00,"1,325",0.08,394.86,345.00,153.26,106,,,,,
JNE3753,8,0.29,"1,200",0.08,378.53,475.00,191.61,96,,,,,
JNE3756,8,0.04,687,0.15,717.50,584.40,227.09,103,,,,,
JNE3757,8,0.15,"3,133",0.03,494.95,487.00,255.67,94,,,,,
JNE3759,8,0.08,643,0.14,387.70,378.67,176.59,90,,,,,
JNE3761,8,0.11,"1,225",0.08,378.84,329.67,155.59,98,,,,,
JNE3763,8,0.01,"2,700",0.03,567.00,459.00,214.01,81,,,,,
JNE3764,8,0.05,"1,229",0.07,511.92,399.00,197.15,86,,,,,
JNE3766,8,0.00,"2,925",0.04,564.11,517.00,263.24,117,,,,,
JNE3768,8,0.00,"1,062",0.08,645.27,487.00,257.18,85,,,,,
JNE3770,8,0.01,"1,780",0.05,619.89,487.00,248.81,89,,,,,
JNE3771,8,0.21,"2,625",0.04,298.01,346.00,181.37,105,,,,,
JNE3773,8,0.09,"1,262",0.08,354.22,301.00,158.45,101,,,,,
JNE3774,8,0.02,746,0.13,517.40,438.31,193.32,97,,,,,
JNE3775,8,0.19,860,0.10,343.35,307.00,159.36,86,,,,,
JNE3776,8,0.01,"1,033",0.09,327.66,301.00,147.86,93,,,,,
JNE3777,8,0.23,433,0.27,318.08,324.00,171.56,117,,,,,
JNE3778,8,0.04,"1,686",0.07,521.58,459.00,182.47,118,,,,,
JNE3779,8,0.01,511,0.19,466.85,340.51,159.84,97,,,,,
JNE3780,8,0.06,"2,000",0.00,356.06,325.00,127.26,100,,,,,
JNE3781,8,0.25,"1,000",0.11,449.31,432.00,188.57,110,,,,,
JNE3782,8,0.08,629,0.17,679.80,541.12,281.77,107,,,,,
JNE3783,8,0.02,347,0.34,579.94,517.00,267.45,118,,,,,
JNE3784,8,0.25,"1,617",0.06,491.61,492.38,267.39,97,,,,,
JNE3785,8,0.09,377,0.22,439.05,345.00,179.84,83,,,,,
JNE3786,8,0.03,34,3.20,385.39,349.00,175.42,108,,,,,
JNE3787,8,0.00,"12,900",0.01,581.51,483.43,251.34,129,,,,,
JNE3788,8,0.09,539,0.23,546.01,487.00,261.48,124,,,,,
JNE3789,8,0.28,713,0.15,404.37,487.00,260.51,107,,,,,
JNE3790,8,0.21,"2,200",0.05,255.95,307.00,162.55,110,,,,,
JNE3791,8,0.18,"1,140",0.10,368.75,399.00,188.20,114,,,,,
JNE3792,8,0.09,"2,480",0.05,451.57,432.00,222.45,124,,,,,
JNE3793,8,0.17,"1,600",0.07,355.13,355.00,173.27,112,,,,,
JNE3794,8,0.08,87,1.08,540.16,529.00,245.68,94,,,,,
JNE3795,8,0.29,500,0.20,509.16,529.00,228.86,100,,,,,
JNE3796,8,0.15,660,0.20,380.26,345.00,187.44,132,,,,,
JNE3797,8,0.25,"3,350",0.04,618.40,763.59,316.20,134,,,,,
JNE3798,8,0.08,"1,771",0.07,891.59,758.59,336.25,124,,,,,
JNE3799,8,0.19,"1,125",0.08,689.85,666.00,357.04,90,,,,,
JNE3800,8,0.21,930,0.10,841.72,769.47,308.94,93,,,,,
JNE3801,8,0.24,"2,280",0.00,599.28,750.23,295.18,114,,,,,
JNE3802,8,0.04,"1,714",0.07,531.47,487.00,262.79,120,,,,,
JNE3803,8,0.18,235,0.46,535.91,475.41,239.10,108,,,,,
JNE3805,8,0.03,807,0.14,591.02,442.73,187.18,113,,,,,
JNE3806,8,0.06,"1,036",0.11,667.12,545.00,282.65,114,,,,,
JNE3807,8,0.09,956,0.09,868.74,724.32,372.60,86,,,,,
JNE3810,8,0.08,"1,067",0.09,584.33,587.00,285.88,96,,,,,
JNE3811,8,0.15,"4,400",0.02,495.51,474.00,204.59,88,,,,,
JNE3817,8,0.13,"1,820",0.05,438.82,445.95,217.30,91,,,,,
JNE3818,8,0.24,"4,033",0.03,401.95,475.00,223.90,121,,,,,
JNE3819,8,0.08,"1,225",0.08,582.79,475.00,233.81,98,,,,,
JNE3820,8,0.13,"10,000",0.01,453.44,475.00,200.89,100,,,,,
JNE3821,8,0.25,"1,320",0.10,454.35,499.00,271.34,132,,,,,
JNE3822,8,0.04,925,0.12,594.19,449.00,227.68,111,,,,,
JNE3823,8,0.22,781,0.16,431.04,495.61,212.48,125,,,,,
JNE3825,8,0.05,864,0.11,593.88,449.00,178.62,95,,,,,
JNE3833,8,0.25,956,0.09,0.00,0.00,0.00,86,,,,,
JNE3835,8,0.28,"1,100",0.10,596.75,666.00,354.17,110,,,,,
JNE3836,8,0.07,595,0.21,687.23,666.00,315.64,125,,,,,
JNE3837,8,0.11,792,0.12,550.57,533.00,244.89,95,,,,,
JNE3838,8,0.12,"2,425",0.04,420.84,399.00,203.00,97,,,,,
JNE3856,8,0.28,"1,100",0.08,555.41,666.00,335.82,88,,,,,
JNE3860,8,0.07,"1,067",0.09,737.62,690.75,335.61,96,,,,,
JNE3861,8,0.28,51,1.81,757.37,756.61,413.55,92,,,,,
JNE3862,8,0.19,"2,200",0.00,535.49,599.00,319.01,110,,,,,
JNE3863,8,0.06,"1,780",0.05,637.88,519.33,257.20,89,,,,,
JNE3864,8,0.26,419,0.32,465.49,599.00,307.92,134,,,,,
JNE3865,8,0.28,"1,686",0.07,464.14,512.16,253.17,118,,,,,
JNE3866,8,0.22,348,0.31,805.00,753.00,398.82,108,,,,,
JNE3869,8,0.28,"9,000",0.01,593.77,716.63,285.66,90,,,,,
JNE3870,8,0.04,629,0.14,769.09,718.55,322.69,88,,,,,
JNE3872,8,0.27,808,0.12,"1,072.02","1,149.00",507.64,97,,,,,
JNE3875,8,0.28,"2,400",0.04,560.41,599.00,232.62,96,,,,,
JNE3878,8,0.01,"1,200",0.10,505.84,395.83,172.01,120,,,,,
JNE3879,8,0.15,"1,486",0.07,648.29,656.50,273.00,104,,,,,
JNE3880,8,0.00,685,0.13,661.34,581.00,270.32,89,,,,,
JNE3881,8,0.25,"1,880",0.00,771.03,742.50,397.40,94,,,,,
JNE3885,8,0.17,"2,700",0.00,599.49,526.00,241.27,135,,,,,
JNE3887,8,0.10,"2,300",0.05,567.39,520.99,234.57,115,,,,,
JNE3888,8,0.12,"1,840",0.05,824.50,696.00,364.93,92,,,,,
JNE3890,8,0.07,685,0.20,697.84,621.00,265.04,137,,,,,
JNE3892,8,0.08,"1,200",0.08,833.61,756.00,407.40,96,,,,,
JNE3893,8,0.21,"1,067",0.09,542.04,621.00,334.77,96,,,,,
JNE3894,8,0.21,244,0.36,709.60,749.00,371.80,88,,,,,
JNE3895,8,0.13,470,0.23,697.99,648.00,274.28,108,,,,,
JNE3896,8,0.09,"13,700",0.01,560.27,582.00,232.17,137,,,,,
JNE3902,8,0.02,489,0.19,707.62,599.00,234.01,93,,,,,
JNE3904,8,0.01,"2,800",0.04,783.05,597.64,284.78,112,,,,,
JNE3905,8,0.21,979,0.14,649.28,638.09,248.59,137,,,,,
JNE3928,8,0.00,"1,671",0.07,722.67,568.00,271.87,117,,,,,
MEN5001,8,0.02,"10,000",0.01,878.34,655.00,312.18,100,,,,,
MEN5002,8,0.03,"1,000",0.11,726.46,709.00,374.57,110,,,,,
MEN5003,8,0.07,933,0.12,732.90,633.00,317.61,112,,,,,
MEN5004,8,0.15,"1,300",0.08,796.95,707.31,345.36,104,,,,,
MEN5005,8,0.23,"2,740",0.05,596.49,625.00,275.12,137,,,,,
MEN5006,8,0.14,636,0.14,660.05,659.72,298.83,89,,,,,
MEN5007,8,0.01,"2,950",0.04,679.19,625.00,305.91,118,,,,,
MEN5008,8,0.04,180,0.61,841.92,644.55,246.40,110,,,,,
MEN5009,8,0.15,"1,600",0.07,643.90,623.60,278.76,112,,,,,
MEN5010,8,0.09,"2,500",0.12,954.18,772.50,393.72,300,,,,,
MEN5011,8,0.17,"1,430",0.10,624.93,599.92,319.58,143,,,,,
MEN5012,8,0.08,"1,800",0.00,762.62,644.60,337.78,90,,,,,
MEN5013,8,0.05,"1,814",0.07,896.83,709.00,360.30,127,,,,,
MEN5014,8,0.09,"1,070",0.10,387.51,332.50,173.79,107,,,,,
MEN5015,8,0.20,875,0.12,632.72,665.00,344.66,105,,,,,
MEN5017,8,0.00,"1,517",0.06,911.17,740.93,385.67,91,,,,,
MEN5018,8,0.02,970,0.10,854.41,655.00,260.40,97,,,,,
MEN5019,8,0.09,445,0.20,687.05,639.41,342.95,89,,,,,
MEN5020,8,0.01,"4,700",0.02,692.65,590.00,271.89,94,,,,,
MEN5021,8,0.27,"1,489",0.09,614.57,777.00,373.14,134,,,,,
MEN5022,8,0.28,547,0.17,766.49,777.00,297.59,93,,,,,
MEN5023,8,0.02,"1,980",0.05,823.80,777.00,412.55,99,,,,,
MEN5024,8,0.17,818,0.11,704.77,665.00,320.77,90,,,,,
MEN5025,8,0.06,500,0.22,872.53,777.00,299.29,110,,,,,
MEN5026,8,0.30,"11,700",0.01,591.57,709.00,285.63,117,,,,,
MEN5027,8,0.10,742,0.19,724.41,625.00,256.94,141,,,,,
MEN5028,8,0.16,394,0.34,639.32,709.00,358.86,134,,,,,
MEN5029,8,0.13,"1,050",0.10,683.93,625.00,325.59,105,,,,,
MEN5030,8,0.16,384,0.25,654.30,590.00,257.44,96,,,,,
MEN5031,8,0.19,688,0.16,774.90,714.00,279.89,110,,,,,
MEN5032,8,0.15,"1,525",0.08,764.96,811.00,369.29,122,,,,,
NW001,8,0.06,"2,383",0.06,552.91,431.20,195.26,143,,,,,
NW002,8,0.21,524,0.25,459.97,455.00,228.59,131,,,,,
NW003,8,0.16,"1,338",0.08,564.93,495.00,207.50,107,,,,,
NW004,8,0.22,800,0.14,451.95,475.00,246.15,112,,,,,
NW005,8,0.18,"12,200",0.01,504.51,496.29,245.65,122,,,,,
NW006,8,0.25,579,0.24,510.26,496.00,192.22,139,,,,,
NW007,8,0.27,"3,667",0.03,535.08,537.00,256.51,110,,,,,
NW008,8,0.29,517,0.23,478.13,558.00,258.75,119,,,,,
NW009,8,0.19,149,0.77,519.85,560.00,284.92,115,,,,,
NW012,8,0.29,"1,575",0.08,451.26,535.17,283.90,126,,,,,
NW013,8,0.17,"2,525",0.04,467.47,475.00,211.94,101,,,,,
NW014,8,0.09,985,0.13,562.17,537.00,269.00,128,,,,,
NW015,8,0.26,"1,371",0.07,375.15,443.14,199.94,96,,,,,
NW016,8,0.19,"3,067",0.03,584.70,534.16,279.77,92,,,,,
NW020,8,0.21,893,0.14,438.84,517.00,242.06,125,,,,,
NW022,8,0.21,"2,860",0.05,599.95,590.00,271.08,143,,,,,
NW024,8,0.24,"2,280",0.00,472.62,560.00,275.96,114,,,,,
NW027,8,0.15,800,0.16,609.93,613.00,323.14,128,,,,,
NW029,8,0.20,"10,500",0.01,390.04,455.00,173.68,105,,,,,
NW030,8,0.10,"1,238",0.08,599.48,582.00,288.21,99,,,,,
NW031,8,0.30,165,0.69,533.08,577.38,238.07,114,,,,,
NW032,8,0.27,491,0.22,492.34,496.00,251.33,108,,,,,
NW033,8,0.27,"1,500",0.07,459.29,558.00,242.25,105,,,,,
NW034,8,0.10,"3,475",0.04,668.79,613.00,257.93,139,,,,,
NW035,8,0.08,"2,440",0.00,650.35,582.00,261.17,122,,,,,
NW036,8,0.15,297,0.33,621.14,539.00,217.45,98,,,,,
NW037,8,0.00,"3,225",0.04,592.64,450.00,211.42,129,,,,,
NW038,8,0.24,"1,867",0.06,483.13,517.00,236.93,112,,,,,
NW039,8,0.13,753,0.15,553.28,495.00,237.59,113,,,,,
PJ0096,8,0.25,"2,200",0.05,"1,109.91","1,099.00",539.27,110,,,,,
PJNE1906,8,0.19,"1,356",0.09,699.69,820.08,321.45,122,,,,,
PJNE2014,8,0.25,567,0.18,712.82,798.00,326.22,102,,,,,
PJNE2100,8,0.30,689,0.18,804.49,840.40,324.35,124,,,,,
PJNE2171,8,0.02,671,0.17,"1,409.94","1,099.00",581.23,114,,,,,
PJNE2199,8,0.04,608,0.24,909.46,764.00,325.27,146,,,,,
PJNE2270,8,0.29,595,0.19,963.95,"1,099.00",429.14,113,,,,,
PJNE3068,8,0.22,"1,312",0.08,"1,004.42","1,099.00",570.59,105,,,,,
PJNE3252,8,0.09,"14,900",0.01,"1,031.38",919.82,495.50,149,,,,,
PJNE3291,8,0.13,400,0.31,967.25,869.00,368.46,124,,,,,
PJNE3363,8,0.17,"2,150",0.06,885.12,891.33,403.19,129,,,,,
PJNE3364,8,0.28,750,0.14,782.47,836.00,340.16,105,,,,,
PJNE3368,8,0.20,547,0.19,939.52,869.00,457.30,104,,,,,
PJNE3373,8,0.22,363,0.27,719.99,836.00,346.78,98,,,,,
PJNE3399,8,0.10,"3,367",0.03,867.62,798.00,411.55,101,,,,,
PJNE3404,8,0.18,"1,117",0.12,849.97,869.00,453.77,134,,,,,
PJNE3421,8,0.00,"4,600",0.03,"1,193.82",925.00,383.33,138,,,,,
PJNE3423,8,0.02,"2,183",0.06,968.68,869.00,357.61,131,,,,,
PJNE3440,8,0.25,606,0.16,883.90,925.00,404.15,97,,,,,
PJNE3445,8,0.02,122,0.90,"1,230.23",925.00,459.95,110,,,,,
PJNE3568,8,0.19,"5,200",0.02,773.29,798.00,367.94,104,,,,,
PSET043,8,0.03,"1,078",0.09,"2,162.97","1,629.00",653.03,97,,,,,
PSET264,8,0.12,"3,133",0.03,"1,474.82","1,199.14",493.06,94,,,,,
PSET268,8,0.04,786,0.14,"1,460.06","1,399.00",665.01,110,,,,,
SAR 62.00,8,0.19,"2,140",0.05,811.16,885.00,411.12,107,,,,,
SAR 66.00,8,0.13,"2,675",0.04,802.33,667.00,332.72,107,,,,,
SAR 68.00,8,0.01,"1,075",0.12,"1,213.83",885.00,380.21,129,,,,,
SAR 69.00,8,0.07,"1,450",0.10,892.35,885.00,476.62,145,,,,,
SAR 174.00,8,0.02,"2,900",0.05,705.29,682.00,293.19,145,,,,,
SET003,8,0.18,"1,743",0.07,765.71,844.00,459.67,122,,,,,
SET004,8,0.04,"1,920",0.00,954.63,711.00,281.48,96,,,,,
SET014,8,0.06,"1,230",0.10,856.85,819.00,363.54,123,,,,,
SET034,8,0.24,"1,300",0.08,474.75,509.57,270.14,104,,,,,
SET036,8,0.07,"3,175",0.04,479.77,383.00,149.69,127,,,,,
SET037,8,0.19,"2,383",0.06,524.05,612.00,238.82,143,,,,,
SET038,8,0.29,"10,100",0.01,518.62,579.00,256.66,101,,,,,
SET043,8,0.09,"3,050",0.04,"1,042.69",999.00,492.57,122,,,,,
SET044,8,0.11,"12,500",0.01,736.31,612.00,322.11,125,,,,,
SET048,8,0.01,188,0.68,737.24,648.00,268.93,128,,,,,
SET053,8,0.17,33,2.93,677.94,633.00,281.42,96,,,,,
SET058,8,0.20,535,0.20,865.72,841.50,334.95,107,,,,,
SET062,8,0.07,"3,667",0.03,718.29,685.00,284.92,110,,,,,
SET073,8,0.03,570,0.20,848.98,824.00,431.95,114,,,,,
SET078,8,0.18,850,0.14,449.11,459.00,234.27,119,,,,,
SET083,8,0.09,"1,667",0.06,693.52,662.00,255.06,100,,,,,
SET087,8,0.16,"1,278",0.09,986.58,881.00,373.13,115,,,,,
SET094,8,0.00,"2,960",0.05,"1,165.19",876.00,478.17,148,,,,,
SET097,8,0.00,"2,260",0.05,"1,309.17","1,082.00",490.27,113,,,,,
SET098,8,0.14,"1,300",0.10,823.94,759.00,319.07,130,,,,,
SET110,8,0.12,552,0.27,929.16,837.00,411.68,149,,,,,
SET116,8,0.14,"4,300",0.03,680.82,591.00,313.93,129,,,,,
SET128,8,0.03,"2,560",0.00,"1,118.08",961.55,390.49,128,,,,,
SET130,8,0.11,454,0.26,641.77,629.00,332.32,118,,,,,
SET131,8,0.18,"1,310",0.10,624.09,666.00,321.32,131,,,,,
SET132,8,0.28,198,0.54,547.17,614.03,254.49,107,,,,,
SET138,8,0.19,"1,125",0.12,775.85,793.44,405.47,135,,,,,
SET144,8,0.19,737,0.19,768.52,788.00,336.94,140,,,,,
SET145,8,0.26,800,0.17,605.64,756.48,333.61,136,,,,,
SET152,8,0.07,"11,100",0.01,567.68,469.00,189.03,111,,,,,
SET154,8,0.16,"2,600",0.06,786.11,832.00,454.59,156,,,,,
SET156,8,0.28,872,0.18,547.83,680.00,272.88,157,,,,,
SET158,8,0.20,"3,375",0.04,750.72,785.62,385.92,135,,,,,
SET159,8,0.22,867,0.15,408.87,464.00,213.48,130,,,,,
SET171,8,0.07,"2,071",0.07,953.07,817.00,323.18,145,,,,,
SET172,8,0.24,847,0.15,979.44,"1,092.14",492.36,127,,,,,
SET182,8,0.09,"1,600",0.07,767.84,699.00,329.55,112,,,,,
SET183,8,0.21,"1,190",0.10,695.54,711.16,276.62,119,,,,,
SET184,8,0.03,433,0.27,615.28,565.72,296.40,117,,,,,
SET186,8,0.23,"2,020",0.05,509.43,599.00,277.94,101,,,,,
SET187,8,0.13,"3,700",0.04,819.88,693.88,309.51,148,,,,,
SET192,8,0.14,"2,057",0.07,892.99,864.00,347.10,144,,,,,
SET195,8,0.07,432,0.28,875.18,788.00,340.08,121,,,,,
SET196,8,0.25,"3,250",0.04,354.86,445.33,175.09,130,,,,,
SET197,8,0.11,"2,640",0.00,827.02,759.00,326.19,132,,,,,
SET198,8,0.26,"1,575",0.08,531.77,577.68,302.75,126,,,,,
SET199,8,0.18,"1,400",0.09,599.55,587.00,247.18,126,,,,,
SET200,8,0.24,155,0.71,535.44,543.00,245.45,110,,,,,
SET201,8,0.28,"1,411",0.09,506.86,633.00,282.86,127,,,,,
SET202,8,0.15,189,0.57,370.57,383.00,207.27,108,,,,,
SET203,8,0.15,"1,091",0.11,484.70,427.54,204.32,120,,,,,
SET204,8,0.17,918,0.11,763.67,666.00,282.92,101,,,,,
SET205,8,0.01,"4,067",0.03,481.36,443.00,173.28,122,,,,,
SET209,8,0.21,"2,880",0.05,505.79,523.00,247.57,144,,,,,
SET210,8,0.16,496,0.25,543.36,575.00,305.18,124,,,,,
SET217,8,0.25,175,0.71,631.37,786.00,300.71,124,,,,,
SET218,8,0.12,210,0.58,683.18,667.00,271.73,122,,,,,
SET219,8,0.12,438,0.26,626.66,647.20,342.25,114,,,,,
SET220,8,0.16,"2,960",0.05,"1,307.77","1,199.00",471.75,148,,,,,
SET221,8,0.11,"1,017",0.12,769.43,699.00,281.08,122,,,,,
SET223,8,0.13,652,0.23,620.33,648.00,299.24,150,,,,,
SET224,8,0.16,"6,850",0.02,981.99,"1,109.95",498.90,137,,,,,
SET226,8,0.07,992,0.13,990.40,799.00,323.92,129,,,,,
SET227,8,0.27,"3,100",0.04,498.27,614.00,296.05,124,,,,,
SET228,8,0.10,533,0.21,582.37,512.67,277.19,112,,,,,
SET229,8,0.07,"1,144",0.09,976.47,899.00,443.22,103,,,,,
SET230,8,0.28,"1,130",0.10,747.77,827.60,342.22,113,,,,,
SET233,8,0.11,"4,067",0.03,562.89,545.00,268.85,122,,,,,
SET236,8,0.03,"6,650",0.02,825.84,788.00,380.06,133,,,,,
SET238,8,0.12,"1,567",0.09,453.65,457.00,183.97,141,,,,,
SET239,8,0.27,120,0.95,564.48,693.00,317.84,114,,,,,
SET240,8,0.25,818,0.17,521.02,579.00,227.91,139,,,,,
SET241,8,0.12,"1,638",0.08,402.25,357.00,147.87,131,,,,,
SET242,8,0.27,"1,023",0.13,467.82,561.00,275.52,133,,,,,
SET244,8,0.12,62,1.90,717.13,773.00,379.56,117,,,,,
SET245,8,0.29,831,0.13,873.58,999.00,424.20,108,,,,,
SET246,8,0.26,"1,050",0.14,406.24,435.00,205.81,147,,,,,
SET247,8,0.16,154,0.70,902.94,775.00,396.66,108,,,,,
SET248,8,0.01,"1,189",0.09,753.93,606.17,286.77,107,,,,,
SET249,8,0.28,"1,929",0.07,724.00,827.68,435.40,135,,,,,
SET250,8,0.09,"3,100",0.04,768.24,675.00,351.01,124,,,,,
SET251,8,0.08,"2,167",0.06,959.97,759.00,353.15,130,,,,,
SET252,8,0.23,320,0.51,783.10,759.00,363.40,163,,,,,
SET254,8,0.22,858,0.19,782.23,862.27,421.13,163,,,,,
SET257,8,0.07,"2,540",0.00,523.70,497.00,224.30,127,,,,,
SET258,8,0.24,"2,317",0.06,764.59,881.00,389.86,139,,,,,
SET260,8,0.19,"1,218",0.11,541.46,545.00,298.54,134,,,,,
SET262,8,0.16,"7,550",0.02,696.78,633.00,310.41,151,,,,,
SET264,8,0.23,333,0.33,686.43,727.06,377.88,110,,,,,
SET265,8,0.11,"2,950",0.04,768.64,804.33,310.97,118,,,,,
SET266,8,0.24,"3,867",0.03,843.88,852.00,447.07,116,,,,,
SET267,8,0.17,"1,871",0.07,951.65,860.72,412.73,131,,,,,
SET268,8,0.03,794,0.17,880.03,788.00,421.97,135,,,,,
SET269,8,0.25,417,0.30,792.55,824.00,313.56,125,,,,,
SET270,8,0.24,"3,533",0.03,509.50,558.98,259.72,106,,,,,
SET271,8,0.14,374,0.35,"1,102.76",942.03,422.77,131,,,,,
SET272,8,0.19,494,0.32,928.78,852.00,458.88,158,,,,,
SET273,8,0.19,510,0.21,611.67,612.00,258.57,107,,,,,
SET275,8,0.13,"2,186",0.07,708.16,630.00,250.32,153,,,,,
SET276,8,0.27,"1,729",0.07,"1,228.34","1,238.00",637.73,121,,,,,
SET277,8,0.29,"2,780",0.00,996.26,"1,146.86",593.59,139,,,,,
SET278,8,0.23,605,0.21,"1,359.92","1,523.00",828.19,127,,,,,
SET279,8,0.09,"1,438",0.08,"1,061.64",888.00,417.14,115,,,,,
SET280,8,0.02,"1,440",0.10,899.05,814.00,369.54,144,,,,,
SET281,8,0.21,967,0.12,429.85,458.79,247.21,116,,,,,
SET282,8,0.05,187,0.89,"1,404.20","1,092.46",456.82,166,,,,,
SET285,8,0.18,198,0.64,463.54,433.66,205.09,127,,,,,
SET286,8,0.29,610,0.20,521.18,616.16,283.96,122,,,,,
SET287,8,0.28,"1,000",0.11,539.54,666.00,316.40,110,,,,,
SET288,8,0.08,214,0.66,740.23,685.00,330.08,141,,,,,
SET289,8,0.04,"7,800",0.02,605.80,549.00,249.72,156,,,,,
SET290,8,0.22,"2,880",0.05,721.40,832.00,435.64,144,,,,,
SET291,8,0.08,125,1.06,706.42,586.07,304.21,132,,,,,
SET293,8,0.05,"5,600",0.03,773.66,715.48,288.70,168,,,,,
SET295,8,0.20,"3,050",0.04,772.77,799.00,310.94,122,,,,,
SET297,8,0.05,638,0.24,867.99,771.00,375.12,153,,,,,
SET299,8,0.04,"1,857",0.07,"1,103.83",825.00,336.36,130,,,,,
SET300,8,0.07,"3,425",0.04,"1,067.38",967.00,487.34,137,,,,,
SET301,8,0.06,"2,380",0.05,844.09,833.00,381.50,119,,,,,
SET302,8,0.00,"2,583",0.06,691.26,639.20,268.19,155,,,,,
SET303,8,0.11,"1,400",0.11,993.25,888.00,391.18,154,,,,,
SET304,8,0.20,638,0.24,"1,184.60","1,175.41",564.80,153,,,,,
SET305,8,0.15,"2,360",0.05,983.52,967.00,527.68,118,,,,,
SET306,8,0.02,"1,562",0.08,783.96,666.00,348.62,125,,,,,
SET307,8,0.24,"3,240",0.00,597.89,736.00,315.22,162,,,,,
SET308,8,0.28,42,2.65,0.00,0.00,0.00,110,,,,,
SET310,8,0.08,"2,420",0.00,"1,124.24",996.20,543.32,121,,,,,
SET313,8,0.13,"3,320",0.05,"1,053.98","1,099.00",562.98,166,,,,,
SET316,8,0.03,445,0.29,"1,257.96","1,193.79",520.23,129,,,,,
SET317,8,0.22,124,0.95,"1,022.43","1,199.00",655.43,118,,,,,
SET318,8,0.12,"1,900",0.09,"1,100.29","1,152.00",613.21,171,,,,,
SET319,8,0.24,840,0.15,911.21,949.00,392.90,126,,,,,
SET320,8,0.03,"1,225",0.12,918.31,846.20,439.73,147,,,,,
SET321,8,0.29,"1,762",0.08,781.32,967.00,424.55,141,,,,,
SET322,8,0.14,"11,400",0.01,"1,033.75","1,082.18",551.38,114,,,,,
SET323,8,0.21,"1,223",0.13,"1,077.23",984.36,524.76,159,,,,,
SET324,8,0.02,"1,488",0.08,801.93,606.54,308.52,119,,,,,
SET325,8,0.20,786,0.14,595.25,658.07,281.14,110,,,,,
SET327,8,0.29,266,0.44,769.53,930.62,380.49,117,,,,,
SET328,8,0.21,"1,100",0.11,462.59,521.21,251.47,121,,,,,
SET329,8,0.24,"1,912",0.08,586.20,631.11,275.43,153,,,,,
SET330,8,0.19,151,0.94,479.39,560.00,288.49,142,,,,,
SET331,8,0.21,983,0.12,616.45,607.26,303.73,118,,,,,
SET332,8,0.28,"2,300",0.07,487.42,549.00,218.29,161,,,,,
SET333,8,0.25,"6,400",0.02,987.81,965.23,528.74,128,,,,,
SET334,8,0.12,504,0.28,649.11,666.00,356.62,141,,,,,
SET335,8,0.22,"1,775",0.08,800.70,771.00,332.63,142,,,,,
SET337,8,0.20,"1,036",0.11,927.97,874.00,476.76,114,,,,,
SET339,8,0.28,548,0.25,580.00,736.00,382.10,137,,,,,
SET340,8,0.07,"6,100",0.02,883.88,799.00,360.26,122,,,,,
SET341,8,0.15,"11,000",0.01,727.43,771.30,368.96,110,,,,,
SET342,8,0.09,"5,900",0.02,881.13,850.00,338.51,118,,,,,
SET343,8,0.13,220,0.65,840.95,846.32,347.87,143,,,,,
SET344,8,0.25,516,0.32,839.23,899.00,442.21,165,,,,,
SET345,8,0.29,"11,900",0.01,537.56,634.11,320.79,119,,,,,
SET346,8,0.21,457,0.35,844.86,774.00,375.74,160,,,,,
SET347,8,0.07,639,0.23,861.86,846.93,380.82,147,,,,,
SET348,8,0.19,"3,020",0.05,"1,012.76",899.00,453.48,151,,,,,
SET349,8,0.21,"4,833",0.03,"1,029.05","1,152.00",511.37,145,,,,,
SET350,8,0.24,"4,467",0.03,844.52,841.50,404.26,134,,,,,
SET351,8,0.22,"2,850",0.04,546.01,599.00,273.24,114,,,,,
SET352,8,0.05,"1,900",0.08,507.91,486.00,265.47,152,,,,,
SET353,8,0.09,"1,280",0.10,"1,046.88",852.00,405.43,128,,,,,
SET355,8,0.11,"21,950",0.02,"1,266.74","1,229.00",614.43,439,,,,,
SET356,8,0.23,"1,127",0.11,978.82,992.66,385.91,124,,,,,
SET357,8,0.05,"12,100",0.01,886.04,747.19,324.56,121,,,,,
SET359,8,0.15,"5,567",0.03,928.53,899.00,473.04,167,,,,,
SET360,8,0.11,292,0.38,"1,457.01","1,338.00",538.36,111,,,,,
SET361,8,0.24,"2,071",0.07,"1,466.33","1,477.00",689.96,145,,,,,
SET363,8,0.14,596,0.24,949.25,"1,021.33",406.42,143,,,,,
SET364,8,0.22,203,0.69,"1,339.89","1,338.00",553.96,140,,,,,
SET365,8,0.30,496,0.28,"1,173.44","1,229.41",587.31,139,,,,,
SET369,8,0.09,47,3.00,"1,362.49","1,399.00",705.55,142,,,,,
SET372,8,0.05,887,0.15,696.53,667.00,313.19,133,,,,,
SET374,8,0.11,211,0.71,711.74,614.77,271.92,150,,,,,
SET375,8,0.21,"2,400",0.07,658.86,693.24,350.89,168,,,,,
SET376,8,0.30,"1,456",0.09,463.26,555.56,292.39,131,,,,,
SET377,8,0.04,"6,700",0.02,"1,050.65",996.80,406.76,134,,,,,
SET378,8,0.21,833,0.15,"1,192.06","1,229.41",470.44,125,,,,,
SET380,8,0.13,"5,800",0.03,"1,129.11","1,186.00",546.31,174,,,,,
SET383,8,0.14,"4,367",0.03,621.86,594.25,309.49,131,,,,,
SET384,8,0.11,871,0.14,737.42,629.00,316.83,122,,,,,
SET385,8,0.25,"4,175",0.04,537.98,629.00,343.98,167,,,,,
SET386,8,0.25,"1,525",0.08,538.62,589.49,232.60,122,,,,,
SET388,8,0.26,"2,400",0.05,"1,549.86","1,499.00",794.44,120,,,,,
SET389,8,0.17,"2,460",0.05,665.84,621.71,281.01,123,,,,,
SET390,8,0.28,"6,750",0.02,853.80,882.00,444.01,135,,,,,
SET392,8,0.02,"6,400",0.02,935.86,799.00,364.18,128,,,,,
SET393,8,0.12,"1,822",0.09,"1,204.31","1,037.75",455.84,164,,,,,
SET394,8,0.25,"2,300",0.06,874.75,"1,096.00",448.20,138,,,,,
SET395,8,0.19,"1,956",0.09,851.70,962.00,495.34,176,,,,,
SET396,8,0.26,"5,900",0.03,817.78,985.76,540.33,177,,,,,
SET397,8,0.22,"3,275",0.04,887.16,955.23,503.15,131,,,,,
SET398,8,0.01,"1,036",0.11,"1,625.56","1,219.89",484.29,114,,,,,
SET400,8,0.25,"1,533",0.09,837.61,953.57,382.80,138,,,,,
SET401,8,0.08,"4,100",0.03,"1,172.32",996.20,441.64,123,,,,,
SET402,8,0.10,559,0.22,"1,150.87",984.96,441.70,123,,,,,
SET403,8,0.23,"1,240",0.10,965.51,999.00,447.46,124,,,,,
SET404,8,0.01,711,0.18,"1,394.78","1,199.00",533.36,128,,,,,
SET405,8,0.04,"1,400",0.09,926.66,771.00,336.88,126,,,,,
SET408,8,0.23,"8,350",0.02,449.47,499.00,259.57,167,,,,,
SET410,8,0.09,441,0.37,557.90,568.00,284.24,163,,,,,
SET413,8,0.03,"1,771",0.07,977.36,721.00,284.47,124,,,,,
SET414,8,0.04,"1,043",0.14,"1,049.68",999.00,385.02,146,,,,,
SET415,8,0.14,"1,478",0.09,923.85,999.00,431.42,133,,,,,
SET433,8,0.21,39,3.62,600.55,560.00,214.32,140,,,,,
SET435,8,0.29,"1,270",0.10,"1,147.89","1,399.00",590.43,127,,,,,
SET436,8,0.29,"1,327",0.11,"1,269.03","1,399.00",725.33,146,,,,,
AN204,9,0.21,"3,767",0.03,282.28,306.67,123.83,113,,,,,
AN209,9,0.05,"1,153",0.15,339.43,301.00,157.57,173,,,,,
AN210,9,0.28,"1,053",0.15,235.66,286.67,123.11,158,,,,,
AN211,9,0.17,"3,025",0.04,292.32,301.00,125.65,121,,,,,
AN213,9,0.20,665,0.17,282.89,296.22,160.00,113,,,,,
BL006,9,0.17,"3,400",0.04,419.34,388.00,173.75,136,,,,,
BL009,9,0.01,962,0.13,418.56,344.00,188.00,125,,,,,
BL013,9,0.08,104,1.12,478.73,377.00,180.51,117,,,,,
BL019,9,0.14,"2,680",0.05,373.61,408.05,163.32,134,,,,,
BL021,9,0.02,"1,700",0.08,502.25,418.00,193.03,136,,,,,
BL022,9,0.12,"1,520",0.10,461.45,418.00,199.96,152,,,,,
BL035,9,0.21,"1,644",0.09,408.64,377.00,193.74,148,,,,,
BL036,9,0.28,"7,650",0.02,321.19,418.00,212.93,153,,,,,
BL090,9,0.03,"2,800",0.00,605.39,499.00,272.93,140,,,,,
BL098,9,0.19,"1,800",0.08,328.84,301.00,115.01,144,,,,,
BL103,9,0.19,"2,760",0.00,458.62,499.00,249.75,138,,,,,
BL104,9,0.11,"3,020",0.00,608.33,503.81,224.69,151,,,,,
BL107,9,0.09,152,0.83,316.35,329.00,173.15,126,,,,,
BL109,9,0.26,175,0.81,500.75,518.00,259.17,142,,,,,
BL110,9,0.16,"2,088",0.08,385.06,333.00,162.41,167,,,,,
BL113,9,0.06,"2,520",0.05,593.19,493.00,205.34,126,,,,,
BTM008,9,0.27,292,0.52,455.15,518.00,219.43,152,,,,,
BTM021,9,0.01,"2,350",0.06,546.52,518.00,265.68,141,,,,,
BTM029,9,0.11,356,0.41,632.54,518.00,267.32,146,,,,,
BTM030,9,0.13,"1,218",0.11,318.07,301.00,139.24,134,,,,,
BTM032,9,0.15,"4,667",0.03,271.24,301.00,135.24,140,,,,,
BTM036,9,0.19,"4,325",0.04,394.37,377.00,168.41,173,,,,,
BTM038,9,0.24,153,1.00,351.02,379.00,204.26,153,,,,,
BTM039,9,0.23,667,0.21,303.12,360.00,139.93,140,,,,,
BTM040,9,0.20,"1,136",0.14,320.40,356.00,137.36,159,,,,,
BTM041,9,0.19,"2,014",0.07,143.78,165.50,68.28,141,,,,,
BTM043,9,0.09,856,0.18,431.46,379.00,202.16,154,,,,,
BTM046,9,0.14,"4,100",0.03,0.00,0.00,0.00,123,,,,,
BTM048,9,0.18,"2,117",0.06,358.19,356.00,152.28,127,,,,,
CH205,9,0.13,"1,000",0.14,349.85,301.00,120.57,140,,,,,
J0001,9,0.18,717,0.18,764.60,690.00,321.42,129,,,,,
J0002,9,0.08,"2,150",0.06,"1,305.97","1,121.74",610.40,129,,,,,
J0003,9,0.17,942,0.19,598.24,683.55,270.28,179,,,,,
J0004,9,0.11,101,1.53,"1,249.21","1,085.27",549.15,154,,,,,
J0005,9,0.17,"1,236",0.11,892.64,899.00,393.20,136,,,,,
J0006,9,0.06,"2,360",0.05,978.10,833.80,414.41,118,,,,,
J0007,9,0.26,"8,700",0.02,"1,064.72","1,126.56",520.01,174,,,,,
J0008,9,0.08,591,0.23,"1,180.00","1,093.83",499.95,136,,,,,
J0009,9,0.01,97,1.47,"1,089.23",802.51,416.16,142,,,,,
J0010,9,0.08,226,0.72,993.88,984.88,379.35,163,,,,,
J0011,9,0.02,"3,138",0.13,"2,134.56","1,695.00",708.90,408,,,,,
J0012,9,0.10,"1,360",0.10,"1,084.41","1,145.86",447.21,136,,,,,
J0013,9,0.21,"2,057",0.07,"1,145.94","1,056.00",420.16,144,,,,,
J0014,9,0.04,"2,057",0.07,"1,695.39","1,621.14",726.85,144,,,,,
J0015,9,0.19,821,0.19,496.61,566.00,252.28,156,,,,,
J0020,9,0.27,369,0.32,470.07,552.00,217.09,118,,,,,
J0021,9,0.19,207,0.57,305.09,319.00,130.32,118,,,,,
J0023,9,0.29,"1,350",0.10,309.12,387.00,207.03,135,,,,,
J0025,9,0.16,"1,545",0.11,595.35,564.83,291.84,170,,,,,
J0026,9,0.13,"13,400",0.01,333.38,318.00,139.02,134,,,,,
J0033,9,0.08,"1,733",0.09,292.37,299.25,150.78,156,,,,,
J0034,9,0.04,"1,200",0.10,799.74,717.00,293.34,120,,,,,
J0036,9,0.12,"2,317",0.06,384.50,327.62,167.29,139,,,,,
J0038,9,0.09,479,0.29,611.09,520.00,254.46,139,,,,,
J0041,9,0.12,"2,600",0.06,731.59,637.68,320.27,156,,,,,
J0042,9,0.06,"2,540",0.05,771.38,634.00,290.21,127,,,,,
J0044,9,0.15,411,0.38,296.49,301.00,158.34,156,,,,,
J0048,9,0.13,"2,557",0.07,316.19,335.00,180.00,179,,,,,
J0049,9,0.17,"3,025",0.04,305.16,321.00,122.70,121,,,,,
J0051,9,0.06,"1,912",0.08,771.52,612.00,335.94,153,,,,,
J0053,9,0.26,"5,167",0.03,514.44,499.00,200.57,155,,,,,
J0062,9,0.11,931,0.13,516.96,475.00,260.80,121,,,,,
J0070,9,0.06,660,0.25,314.88,318.00,173.21,165,,,,,
J0072,9,0.04,"2,275",0.08,335.51,318.00,160.72,182,,,,,
J0073,9,0.13,103,1.68,336.85,333.00,136.99,173,,,,,
J0077,9,0.06,737,0.19,"1,293.91","1,099.00",460.35,140,,,,,
J0078,9,0.23,"18,800",0.01,808.85,976.00,524.51,188,,,,,
J0079,9,0.10,"2,400",0.05,"1,891.81","1,523.00",669.45,120,,,,,
J0080,9,0.07,"4,467",0.03,599.15,547.00,267.52,134,,,,,
J0081,9,0.06,"2,200",0.07,847.00,658.00,348.94,154,,,,,
J0082,9,0.05,"1,333",0.09,452.53,360.00,194.85,120,,,,,
J0083,9,0.23,"2,417",0.06,514.65,508.50,236.77,145,,,,,
J0085,9,0.23,77,1.57,336.32,346.00,139.53,121,,,,,
J0088,9,0.22,"1,820",0.10,390.87,394.78,194.92,182,,,,,
J0089,9,0.24,"13,800",0.01,334.83,346.00,186.56,138,,,,,
J0091,9,0.01,"1,155",0.11,378.46,301.00,148.91,127,,,,,
J0092,9,0.14,562,0.29,885.69,828.00,352.70,163,,,,,
J0094,9,0.12,737,0.19,728.62,593.43,236.88,140,,,,,
J0095,9,0.26,"1,290",0.10,625.13,646.69,303.76,129,,,,,
J0096,9,0.04,"2,257",0.07,805.85,635.00,336.34,158,,,,,
J0097,9,0.01,"2,660",0.00,749.33,558.45,239.43,133,,,,,
J0102,9,0.18,910,0.20,"1,094.55","1,186.00",630.81,182,,,,,
J0103,9,0.01,"1,300",0.11,"1,033.98",967.66,405.39,143,,,,,
J0105,9,0.23,"1,610",0.10,923.62,984.00,453.76,161,,,,,
J0106,9,0.21,171,1.13,960.22,988.24,471.71,193,,,,,
J0108,9,0.28,241,0.66,"1,111.63","1,152.00",628.62,159,,,,,
J0111,9,0.10,"1,340",0.10,458.87,423.00,230.39,134,,,,,
J0112,9,0.06,"9,000",0.02,410.01,349.00,154.19,180,,,,,
J0113,9,0.10,"1,400",0.13,623.56,561.25,278.69,182,,,,,
J0116,9,0.09,"9,150",0.02,348.36,360.00,167.68,183,,,,,
J0117,9,0.27,389,0.47,487.60,527.88,244.70,183,,,,,
J0118,9,0.28,"16,100",0.01,503.53,521.97,206.55,161,,,,,
J0119,9,0.19,"8,100",0.02,494.21,552.10,280.26,162,,,,,
J0123,9,0.29,"1,636",0.11,268.85,301.00,153.84,180,,,,,
J0124,9,0.00,"3,660",0.05,706.23,561.50,301.48,183,,,,,
J0126,9,0.29,907,0.14,508.17,646.29,323.62,127,,,,,
J0127,9,0.13,"1,580",0.10,"1,002.67","1,054.22",550.93,158,,,,,
J0131,9,0.17,"3,540",0.00,406.33,351.43,155.44,177,,,,,
J0134,9,0.13,"3,133",0.06,753.34,729.00,377.83,188,,,,,
J0136,9,0.28,258,0.57,461.96,568.00,260.32,147,,,,,
J0139,9,0.06,"3,217",0.06,405.52,388.67,192.76,193,,,,,
J0142,9,0.08,"15,400",0.01,467.66,396.00,189.05,154,,,,,
J0143,9,0.07,"16,600",0.01,757.79,645.00,265.05,166,,,,,
J0145,9,0.24,137,1.00,477.81,493.00,199.01,137,,,,,
J0147,9,0.10,"2,062",0.08,425.32,437.25,239.97,165,,,,,
J0148,9,0.10,"2,783",0.06,734.65,599.00,277.44,167,,,,,
J0150,9,0.29,"1,850",0.08,334.05,396.63,203.17,148,,,,,
J0151,9,0.24,"1,522",0.09,420.41,477.00,252.63,137,,,,,
J0152,9,0.09,"1,107",0.15,929.42,842.81,415.17,166,,,,,
J0153,9,0.26,436,0.39,259.31,295.33,115.09,170,,,,,
J0154,9,0.29,277,0.52,361.96,377.00,186.64,144,,,,,
J0157,9,0.09,"2,300",0.07,851.61,680.49,292.94,161,,,,,
J0158,9,0.04,"2,880",0.00,905.83,816.09,398.40,144,,,,,
J0159,9,0.16,"1,650",0.08,649.91,572.11,220.15,132,,,,,
J0162,9,0.15,"1,509",0.11,"1,348.88","1,199.00",558.10,166,,,,,
J0163,9,0.09,567,0.24,"1,501.10","1,199.00",598.12,136,,,,,
J0164,9,0.23,"1,162",0.13,305.33,349.06,175.08,151,,,,,
J0165,9,0.20,786,0.21,341.53,341.00,185.41,165,,,,,
J0166,9,0.01,"13,100",0.01,483.35,426.00,190.16,131,,,,,
J0167,9,0.29,"3,760",0.05,294.59,310.00,144.01,188,,,,,
J0175,9,0.10,"2,250",0.06,450.62,476.00,205.59,135,,,,,
J0176,9,0.26,"1,850",0.10,357.31,387.00,197.09,185,,,,,
J0177,9,0.28,97,1.50,289.47,344.00,149.24,146,,,,,
J0179,9,0.19,"1,709",0.11,655.62,696.00,324.89,188,,,,,
J0181,9,0.03,"5,900",0.03,493.74,399.00,152.59,177,,,,,
J0182,9,0.00,"1,886",0.07,942.27,699.00,299.60,132,,,,,
J0183,9,0.18,"1,333",0.12,0.00,0.00,0.00,160,,,,,
J0184,9,0.14,682,0.22,458.53,395.36,172.27,150,,,,,
J0185,9,0.12,"4,233",0.03,770.21,766.00,385.86,127,,,,,
J0189,9,0.08,270,0.63,89.81,79.25,40.39,170,,,,,
J0190,9,0.16,"2,371",0.07,349.99,345.00,147.04,166,,,,,
J0193,9,0.08,"9,000",0.02,653.61,674.00,278.84,180,,,,,
J0194,9,0.03,510,0.30,806.64,668.00,326.41,153,,,,,
J0196,9,0.14,"1,812",0.08,491.54,446.00,197.36,145,,,,,
J0197,9,0.15,"3,100",0.04,667.87,625.00,276.44,124,,,,,
J0198,9,0.23,"9,300",0.02,563.40,559.52,256.78,186,,,,,
J0199,9,0.27,600,0.23,448.03,491.00,262.51,138,,,,,
J0201,9,0.11,"1,730",0.10,597.06,625.00,255.00,173,,,,,
J0204,9,0.28,"2,100",0.06,588.22,749.00,406.76,126,,,,,
J0205,9,0.01,"1,440",0.10,482.27,387.00,173.98,144,,,,,
J0207,9,0.06,"3,083",0.06,942.14,874.40,380.20,185,,,,,
J0209,9,0.18,"5,600",0.03,782.21,885.00,409.71,168,,,,,
J0210,9,0.26,"14,500",0.01,743.48,837.00,428.12,145,,,,,
J0211,9,0.24,"2,262",0.08,696.82,737.03,324.53,181,,,,,
J0212,9,0.11,"1,575",0.08,805.20,776.54,404.08,126,,,,,
J0213,9,0.06,"1,811",0.09,708.88,579.14,250.50,163,,,,,
J0214,9,0.10,"1,187",0.15,568.15,495.00,239.71,178,,,,,
J0215,9,0.13,"2,300",0.06,484.19,477.11,186.43,138,,,,,
J0216,9,0.10,989,0.18,739.24,625.00,329.14,178,,,,,
J0217,9,0.26,"1,508",0.12,584.57,618.58,304.35,181,,,,,
J0219,9,0.03,"2,475",0.08,728.60,590.00,313.12,198,,,,,
J0220,9,0.29,"1,150",0.12,551.89,625.00,245.50,138,,,,,
J0224,9,0.23,"16,100",0.01,"1,106.98","1,364.00",537.49,161,,,,,
J0225,9,0.12,"9,200",0.02,"1,461.87","1,284.00",608.87,184,,,,,
J0226,9,0.12,133,1.09,"1,558.69","1,499.00",600.88,145,,,,,
J0228,9,0.09,"2,100",0.09,"2,132.21","1,698.00",859.44,189,,,,,
J0229,9,0.13,"2,900",0.00,"1,382.30","1,189.00",520.55,145,,,,,
J0230,9,0.05,609,0.23,"1,563.49","1,310.65",538.77,140,,,,,
J0231,9,0.17,"16,300",0.01,"1,169.61","1,238.00",564.05,163,,,,,
J0233,9,0.27,"2,960",0.05,"1,040.51","1,271.16",646.88,148,,,,,
J0234,9,0.15,663,0.19,"1,099.66","1,106.56",591.09,126,,,,,
J0236,9,0.16,348,0.50,964.45,943.59,374.54,174,,,,,
J0238,9,0.16,"1,390",0.10,"2,517.57","2,598.00","1,279.16",139,,,,,
J0240,9,0.25,"1,540",0.10,"1,521.48","1,649.00",703.44,154,,,,,
J0241,9,0.18,269,0.52,607.76,669.00,265.92,140,,,,,
J0243,9,0.04,"2,486",0.07,"1,303.47",975.27,407.10,174,,,,,
J0244,9,0.18,"2,660",0.05,"1,055.09","1,182.87",521.47,133,,,,,
J0245,9,0.18,"1,362",0.13,"1,409.46","1,249.00",669.08,177,,,,,
J0247,9,0.07,450,0.34,989.80,777.00,406.00,153,,,,,
J0248,9,0.29,"3,420",0.05,748.15,854.00,339.25,171,,,,,
J0250,9,0.21,"4,250",0.04,746.70,725.00,370.32,170,,,,,
J0251,9,0.07,"4,633",0.03,810.86,725.00,381.89,139,,,,,
J0252,9,0.25,953,0.19,856.64,899.00,493.04,181,,,,,
J0277,9,0.26,"1,489",0.09,"1,169.83","1,352.08",591.13,134,,,,,
J0278,9,0.13,"1,086",0.14,764.96,761.00,417.90,152,,,,,
J0280,9,0.28,268,0.57,"1,305.12","1,447.38",756.49,153,,,,,
J0281,9,0.20,"2,383",0.06,"1,358.33","1,386.79",633.37,143,,,,,
J0282,9,0.27,"1,555",0.11,674.37,737.36,318.82,171,,,,,
J0283,9,0.26,"2,467",0.06,821.17,964.67,423.65,148,,,,,
J0284,9,0.07,"4,775",0.04,"1,326.09","1,210.00",619.37,191,,,,,
J0285,9,0.30,"7,800",0.02,"1,048.11","1,387.20",595.01,156,,,,,
J0286,9,0.26,925,0.16,732.83,927.00,456.36,148,,,,,
J0290,9,0.10,"1,975",0.08,547.26,534.00,272.16,158,,,,,
J0291,9,0.15,"1,978",0.09,785.63,859.00,333.69,178,,,,,
J0293,9,0.01,"7,800",0.02,483.96,450.00,190.39,156,,,,,
J0294,9,0.02,"17,800",0.01,493.05,377.00,165.72,178,,,,,
J0295,9,0.24,"2,629",0.07,687.57,850.60,345.03,184,,,,,
J0297,9,0.12,957,0.14,640.11,568.00,248.90,134,,,,,
J0299,9,0.18,"14,700",0.01,330.07,351.43,187.69,147,,,,,
J0300,9,0.07,"1,310",0.10,379.32,301.00,146.73,131,,,,,
J0301,9,0.16,"5,500",0.03,522.43,509.89,257.45,165,,,,,
J0302,9,0.09,"4,700",0.03,567.47,539.00,274.09,141,,,,,
J0305,9,0.27,994,0.17,526.67,586.00,283.14,169,,,,,
J0306,9,0.18,148,0.87,666.09,686.25,273.37,129,,,,,
J0307,9,0.28,692,0.24,465.27,518.00,269.35,166,,,,,
J0308,9,0.23,"4,833",0.03,555.78,662.14,293.13,145,,,,,
J0310,9,0.21,"1,875",0.08,356.97,323.00,134.01,150,,,,,
J0314,9,0.25,"1,440",0.10,684.30,761.00,289.55,144,,,,,
J0319,9,0.05,"8,600",0.02,631.06,566.84,263.33,172,,,,,
J0328,9,0.10,"1,127",0.15,"1,097.42",939.00,424.36,169,,,,,
J0329,9,0.01,"4,100",0.05,993.08,852.00,397.26,205,,,,,
J0330,9,0.28,"1,744",0.09,555.44,575.00,297.16,157,,,,,
J0331,9,0.14,929,0.21,865.06,832.00,355.42,195,,,,,
J0332,9,0.18,"1,171",0.14,695.15,651.19,327.07,164,,,,,
J0333,9,0.28,993,0.15,693.02,885.00,483.09,149,,,,,
J0334,9,0.08,944,0.16,741.83,599.00,263.72,151,,,,,
J0335,9,0.22,"6,033",0.03,928.94,910.85,473.55,181,,,,,
J0336,9,0.27,"1,141",0.17,545.69,665.00,259.43,194,,,,,
J0337,9,0.27,"1,156",0.16,434.28,540.40,209.58,185,,,,,
J0338,9,0.18,302,0.52,840.01,882.57,348.15,157,,,,,
J0339,9,0.11,"2,967",0.06,964.00,778.33,379.10,178,,,,,
J0340,9,0.07,397,0.38,660.79,623.33,341.20,151,,,,,
J0341,9,0.11,"1,900",0.07,949.40,881.86,345.85,133,,,,,
J0342,9,0.10,622,0.27,615.62,645.00,307.80,168,,,,,
J0343,9,0.09,"4,675",0.04,931.01,860.44,331.84,187,,,,,
J0344,9,0.24,353,0.45,538.03,566.36,218.72,159,,,,,
J0345,9,0.24,989,0.18,502.63,478.00,193.58,178,,,,,
J0346,9,0.26,"18,100",0.01,428.89,470.87,235.41,181,,,,,
J0347,9,0.21,"5,050",0.04,717.01,679.00,329.00,202,,,,,
J0348,9,0.24,321,0.63,451.01,478.00,193.74,202,,,,,
J0349,9,0.06,437,0.35,847.06,846.71,420.07,153,,,,,
J0351,9,0.01,"2,438",0.08,955.68,832.00,378.85,195,,,,,
J0352,9,0.21,"1,309",0.11,661.40,669.00,261.48,144,,,,,
J0353,9,0.28,"1,583",0.12,632.17,635.00,274.11,190,,,,,
J0354,9,0.00,757,0.21,857.69,635.00,287.71,159,,,,,
J0355,9,0.06,480,0.41,666.42,627.44,334.73,197,,,,,
J0369,9,0.15,"4,080",0.05,"1,107.60","1,156.18",515.02,204,,,,,
J0370,9,0.20,"1,564",0.11,838.96,936.00,357.26,172,,,,,
J0372,9,0.19,812,0.17,"1,214.78","1,092.40",504.56,138,,,,,
J0373,9,0.00,"1,373",0.11,763.65,566.32,227.01,151,,,,,
J0375,9,0.01,"4,200",0.04,"1,306.69",999.00,423.65,168,,,,,
J0376,9,0.16,257,0.68,"1,052.08","1,054.75",455.13,175,,,,,
J0377,9,0.19,"1,350",0.10,989.52,996.00,428.86,135,,,,,
J0378,9,0.26,"1,710",0.10,"1,028.26","1,146.00",560.26,171,,,,,
J0379,9,0.18,156,1.16,"1,256.30","1,345.47",672.86,181,,,,,
J0380,9,0.24,"2,700",0.05,"1,340.70","1,438.00",593.04,135,,,,,
J0381,9,0.10,493,0.30,"1,232.59","1,291.20",532.34,148,,,,,
J0382,9,0.12,875,0.16,913.21,946.73,381.15,140,,,,,
J0385,9,0.11,"2,640",0.00,"1,071.66",885.18,394.01,132,,,,,
J0386,9,0.29,"2,567",0.06,901.53,967.00,461.79,154,,,,,
J0388,9,0.08,"3,133",0.06,760.49,690.00,290.23,188,,,,,
J0389,9,0.08,"1,327",0.11,753.13,665.00,254.83,146,,,,,
J0390,9,0.16,"5,333",0.03,619.24,625.00,277.21,160,,,,,
J0391,9,0.07,"1,727",0.11,735.14,603.75,318.59,190,,,,,
J0395,9,0.03,"3,320",0.05,"1,103.58",859.00,339.09,166,,,,,
J0396,9,0.26,135,1.17,754.18,773.77,358.31,158,,,,,
J0397,9,0.27,"4,550",0.04,950.18,999.00,464.28,182,,,,,
J0398,9,0.08,"3,475",0.04,913.19,885.00,366.65,139,,,,,
J0399,9,0.17,"2,660",0.05,755.92,779.56,342.62,133,,,,,
J0400,9,0.30,840,0.25,727.57,855.85,368.59,210,,,,,
J0401,9,0.10,"1,736",0.11,912.48,869.69,360.67,191,,,,,
J0402,9,0.09,"7,100",0.02,822.81,688.00,356.75,142,,,,,
J0413,9,0.04,"4,200",0.00,828.93,741.00,379.78,210,,,,,
J0414,9,0.18,"2,650",0.06,797.10,885.00,352.85,159,,,,,
J0415,9,0.04,"3,500",0.06,"1,026.73",899.00,442.79,210,,,,,
J0416,9,0.11,710,0.20,"1,022.79",825.00,401.07,142,,,,,
J0418,9,0.05,"14,700",0.01,797.92,743.90,292.69,147,,,,,
J0419,9,0.18,"4,400",0.04,820.02,791.00,350.09,176,,,,,
JNE09210,9,0.01,"19,100",0.01,"1,069.38",899.00,440.94,191,,,,,
JNE1233,9,0.27,"3,360",0.05,298.72,380.70,207.06,168,,,,,
JNE1408,9,0.14,"1,927",0.11,322.30,307.00,140.53,212,,,,,
JNE1525,9,0.09,"3,280",0.00,362.00,307.00,153.90,164,,,,,
JNE1906,9,0.02,"1,112",0.16,460.32,382.00,171.73,178,,,,,
JNE1951,9,0.18,"1,438",0.13,432.29,389.00,211.93,187,,,,,
JNE1998,9,0.12,"1,246",0.13,304.91,301.00,123.46,162,,,,,
JNE2009,9,0.12,251,0.65,279.31,293.84,143.62,163,,,,,
JNE2014,9,0.22,"5,933",0.03,384.98,358.22,189.28,178,,,,,
JNE2032,9,0.26,"1,775",0.08,268.61,307.00,141.59,142,,,,,
JNE2049,9,0.27,"4,250",0.04,402.97,441.00,184.82,170,,,,,
JNE2086,9,0.21,"1,167",0.12,732.89,699.00,358.80,140,,,,,
JNE2100,9,0.10,"2,500",0.08,400.01,382.00,169.65,200,,,,,
JNE2131,9,0.10,180,0.87,701.18,599.00,264.89,157,,,,,
JNE2132,9,0.09,"1,570",0.10,565.23,566.00,260.17,157,,,,,
JNE2153,9,0.09,"17,600",0.01,464.39,443.00,202.93,176,,,,,
JNE2171,9,0.18,"2,222",0.09,472.93,524.00,223.52,200,,,,,
JNE2199,9,0.25,"4,533",0.03,359.16,359.00,137.89,136,,,,,
JNE2205,9,0.16,"1,656",0.09,334.62,353.18,163.25,149,,,,,
JNE2251,9,0.03,121,1.24,503.56,399.00,197.54,150,,,,,
JNE2266,9,0.00,"1,570",0.10,489.95,355.00,168.76,157,,,,,
JNE2270,9,0.15,975,0.16,555.19,529.00,283.89,156,,,,,
JNE2292,9,0.25,"3,240",0.05,381.92,411.00,214.62,162,,,,,
JNE2294,9,0.29,"4,625",0.04,467.88,544.00,225.70,185,,,,,
JNE2300,9,0.09,"1,660",0.10,608.04,574.00,236.19,166,,,,,
JNE2305,9,0.15,"1,533",0.09,345.62,334.25,129.14,138,,,,,
JNE2307,9,0.22,820,0.20,310.81,316.00,134.46,164,,,,,
JNE3030,9,0.01,711,0.19,"1,016.52",736.00,300.20,135,,,,,
JNE3042,9,0.23,"1,245",0.11,319.43,301.00,129.94,137,,,,,
JNE3065,9,0.07,"9,100",0.02,494.05,393.00,188.83,182,,,,,
JNE3068,9,0.17,"2,840",0.00,786.34,696.00,362.30,142,,,,,
JNE3160,9,0.08,"1,580",0.10,831.06,744.24,389.54,158,,,,,
JNE3225,9,0.04,"2,030",0.10,460.84,375.00,154.83,203,,,,,
JNE3252,9,0.07,"1,660",0.10,607.30,479.00,243.07,166,,,,,
JNE3255,9,0.14,"4,475",0.04,497.36,487.00,222.38,179,,,,,
JNE3256,9,0.15,"2,010",0.10,573.99,487.00,208.69,201,,,,,
JNE3261,9,0.19,"1,640",0.10,369.92,382.00,167.23,164,,,,,
JNE3265,9,0.27,"4,500",0.03,292.58,318.00,159.77,135,,,,,
JNE3273,9,0.28,865,0.20,444.06,475.00,201.66,173,,,,,
JNE3279,9,0.19,"1,490",0.10,333.11,297.42,132.65,149,,,,,
JNE3291,9,0.22,"1,262",0.13,442.00,499.00,253.43,164,,,,,
JNE3294,9,0.23,975,0.16,453.30,449.00,219.78,156,,,,,
JNE3296,9,0.25,"4,100",0.04,398.34,431.00,186.33,164,,,,,
JNE3311,9,0.02,347,0.47,671.55,599.00,252.28,163,,,,,
JNE3313,9,0.27,688,0.24,561.59,582.00,318.68,165,,,,,
JNE3334,9,0.12,"2,356",0.09,347.92,318.00,172.41,212,,,,,
JNE3339,9,0.17,"1,390",0.10,324.37,305.00,119.65,139,,,,,
JNE3346,9,0.18,"1,121",0.14,287.06,301.00,161.45,157,,,,,
JNE3363,9,0.04,"1,331",0.13,465.13,397.64,201.83,173,,,,,
JNE3364,9,0.19,"1,309",0.11,391.75,382.00,154.55,144,,,,,
JNE3365,9,0.14,"2,900",0.05,385.35,376.00,161.82,145,,,,,
JNE3366,9,0.14,"1,247",0.17,441.31,458.40,215.17,212,,,,,
JNE3368,9,0.29,"1,790",0.10,436.41,443.29,236.44,179,,,,,
JNE3369,9,0.22,"8,950",0.02,388.25,405.00,188.90,179,,,,,
JNE3370,9,0.20,"4,025",0.04,318.88,305.00,116.59,161,,,,,
JNE3371,9,0.30,"3,040",0.00,295.00,353.00,165.74,152,,,,,
JNE3373,9,0.17,"2,500",0.07,369.41,379.02,197.30,175,,,,,
JNE3376,9,0.23,321,0.67,396.68,432.00,205.74,215,,,,,
JNE3384,9,0.05,"1,309",0.11,334.70,295.27,131.48,144,,,,,
JNE3389,9,0.29,"4,450",0.04,398.09,452.00,199.80,178,,,,,
JNE3391,9,0.14,"1,660",0.10,460.76,432.00,234.27,166,,,,,
JNE3394,9,0.10,692,0.24,460.47,418.00,214.18,166,,,,,
JNE3395,9,0.16,"8,400",0.02,306.90,333.00,160.72,168,,,,,
JNE3396,9,0.24,"5,000",0.03,437.48,470.43,228.78,150,,,,,
JNE3398,9,0.27,732,0.19,251.36,310.43,137.71,139,,,,,
JNE3399,9,0.07,"7,850",0.02,476.55,468.32,217.52,157,,,,,
JNE3400,9,0.28,"1,187",0.15,454.88,459.00,185.62,178,,,,,
JNE3401,9,0.03,400,0.51,368.39,301.00,131.84,204,,,,,
JNE3403,9,0.16,508,0.36,424.17,394.25,205.92,183,,,,,
JNE3404,9,0.03,"1,833",0.09,492.83,426.73,229.58,165,,,,,
JNE3405,9,0.08,668,0.22,533.19,423.61,186.72,147,,,,,
JNE3407,9,0.16,"1,780",0.10,321.94,301.00,164.19,178,,,,,
JNE3412,9,0.07,"1,756",0.09,533.69,435.00,169.72,158,,,,,
JNE3415,9,0.14,"2,000",0.08,305.20,301.00,136.10,160,,,,,
JNE3416,9,0.17,"1,129",0.14,346.27,301.00,123.80,158,,,,,
JNE3421,9,0.24,"3,020",0.05,453.19,445.95,196.50,151,,,,,
JNE3422,9,0.09,"2,400",0.06,369.47,301.00,142.10,144,,,,,
JNE3423,9,0.18,800,0.24,396.03,435.00,198.90,192,,,,,
JNE3429,9,0.06,"1,609",0.11,342.21,318.00,125.96,177,,,,,
JNE3431,9,0.16,"4,475",0.04,316.56,327.71,169.33,179,,,,,
JNE3434,9,0.15,"1,294",0.16,327.93,337.00,181.38,207,,,,,
JNE3435,9,0.03,871,0.17,637.44,487.00,264.59,148,,,,,
JNE3436,9,0.10,"6,067",0.03,303.70,318.00,169.45,182,,,,,
JNE3437,9,0.04,"7,750",0.02,526.36,509.26,278.52,155,,,,,
JNE3439,9,0.21,"2,157",0.07,424.56,469.00,203.49,151,,,,,
JNE3440,9,0.11,"1,029",0.17,414.13,415.47,223.48,175,,,,,
JNE3443,9,0.01,"3,133",0.06,578.96,517.00,256.32,188,,,,,
JNE3445,9,0.24,162,1.04,486.14,481.20,195.55,168,,,,,
JNE3446,9,0.17,"3,080",0.05,329.16,318.00,173.64,154,,,,,
JNE3449,9,0.27,379,0.38,228.02,296.91,149.07,144,,,,,
JNE3451,9,0.10,142,1.42,391.05,362.00,191.83,201,,,,,
JNE3452,9,0.18,"1,889",0.09,294.40,301.00,129.90,170,,,,,
JNE3453,9,0.15,"1,520",0.10,460.42,497.00,266.39,152,,,,,
JNE3454,9,0.01,"5,600",0.03,561.74,441.00,195.40,168,,,,,
JNE3455,9,0.14,"14,000",0.01,563.53,505.71,195.35,140,,,,,
JNE3456,9,0.07,"1,867",0.09,364.56,301.00,130.73,168,,,,,
JNE3457,9,0.12,"5,467",0.03,447.29,389.50,156.12,164,,,,,
JNE3458,9,0.00,"1,927",0.11,398.01,379.05,161.11,212,,,,,
JNE3459,9,0.06,187,0.91,526.84,405.00,159.05,170,,,,,
JNE3461,9,0.25,300,0.54,398.43,397.94,164.51,162,,,,,
JNE3463,9,0.01,607,0.30,759.38,561.37,281.84,182,,,,,
JNE3465,9,0.11,"3,800",0.04,486.65,518.06,269.31,152,,,,,
JNE3466,9,0.10,"2,029",0.07,955.40,771.00,325.67,142,,,,,
JNE3467,9,0.16,"1,163",0.19,381.83,340.89,156.37,221,,,,,
JNE3468,9,0.26,"3,280",0.05,388.87,391.28,161.53,164,,,,,
JNE3470,9,0.14,"21,200",0.01,280.25,301.00,114.87,212,,,,,
JNE3471,9,0.18,"3,540",0.00,341.22,318.00,152.59,177,,,,,
JNE3473,9,0.19,425,0.44,546.72,487.00,203.57,187,,,,,
JNE3475,9,0.29,"3,383",0.06,304.40,333.00,130.46,203,,,,,
JNE3476,9,0.10,"1,618",0.11,448.28,398.57,161.05,178,,,,,
JNE3479,9,0.08,"1,016",0.19,382.42,301.00,143.60,193,,,,,
JNE3480,9,0.26,"2,743",0.07,268.41,301.00,156.31,192,,,,,
JNE3482,9,0.17,"1,733",0.09,332.50,318.00,134.11,156,,,,,
JNE3483,9,0.15,750,0.26,380.59,368.00,166.87,195,,,,,
JNE3484,9,0.07,"2,129",0.07,385.32,301.00,160.27,149,,,,,
JNE3485,9,0.26,"2,350",0.08,373.66,469.00,241.96,188,,,,,
JNE3486,9,0.21,"9,600",0.02,444.34,459.00,207.19,192,,,,,
JNE3487,9,0.27,"2,100",0.10,319.84,339.52,134.64,210,,,,,
JNE3489,9,0.05,"3,850",0.04,614.01,487.00,192.06,154,,,,,
JNE3491,9,0.26,342,0.50,348.00,375.00,153.56,171,,,,,
JNE3500,9,0.04,"7,100",0.02,457.06,348.00,172.47,142,,,,,
JNE3501,9,0.08,805,0.20,482.34,380.00,151.15,161,,,,,
JNE3504,9,0.13,"1,650",0.10,428.29,459.00,251.60,165,,,,,
JNE3506,9,0.18,"1,790",0.10,617.88,632.76,250.63,179,,,,,
JNE3510,9,0.03,"1,308",0.13,480.45,468.07,250.17,170,,,,,
JNE3515,9,0.29,"5,325",0.04,388.03,469.00,232.49,213,,,,,
JNE3518,9,0.09,"2,050",0.08,535.21,475.12,184.53,164,,,,,
JNE3526,9,0.01,"4,767",0.03,407.88,301.00,133.92,143,,,,,
JNE3530,9,0.00,"3,250",0.06,479.28,356.00,178.05,195,,,,,
JNE3534,9,0.01,"2,214",0.07,373.87,345.00,145.62,155,,,,,
JNE3535,9,0.14,"1,800",0.09,436.64,469.00,255.24,162,,,,,
JNE3537,9,0.26,"5,467",0.03,335.75,361.17,150.04,164,,,,,
JNE3539,9,0.08,"2,483",0.06,410.58,361.00,192.95,149,,,,,
JNE3543,9,0.12,"1,409",0.11,368.01,365.80,167.02,155,,,,,
JNE3544,9,0.29,"5,278",0.09,310.08,320.00,151.98,475,,,,,
JNE3546,9,0.01,"1,620",0.10,659.16,484.38,237.51,162,,,,,
JNE3548,9,0.22,"1,081",0.16,480.25,517.00,271.78,173,,,,,
JNE3549,9,0.14,77,1.93,372.37,318.00,133.73,148,,,,,
JNE3553,9,0.03,"4,250",0.04,593.96,517.00,275.46,170,,,,,
JNE3554,9,0.11,762,0.29,601.80,517.00,276.96,221,,,,,
JNE3555,9,0.24,"17,900",0.01,450.28,487.00,210.11,179,,,,,
JNE3556,9,0.27,49,3.70,412.47,517.00,222.74,180,,,,,
JNE3559,9,0.26,"2,686",0.07,495.44,487.00,191.32,188,,,,,
JNE3560,9,0.11,"5,567",0.03,551.07,512.17,275.36,167,,,,,
JNE3562,9,0.07,"1,445",0.11,578.61,476.00,195.30,159,,,,,
JNE3563,9,0.04,"3,280",0.00,514.77,455.00,195.62,164,,,,,
JNE3564,9,0.26,740,0.25,380.78,487.00,261.12,185,,,,,
JNE3565,9,0.13,"2,256",0.09,300.23,318.00,170.31,203,,,,,
JNE3566,9,0.18,784,0.19,369.26,368.00,141.65,149,,,,,
JNE3567,9,0.16,"3,400",0.00,426.09,392.77,150.14,170,,,,,
JNE3568,9,0.23,467,0.42,390.22,434.20,211.19,196,,,,,
JNE3571,9,0.05,"1,640",0.10,592.70,482.36,198.65,164,,,,,
JNE3573,9,0.26,894,0.16,364.98,381.00,148.20,143,,,,,
JNE3574,9,0.26,"1,710",0.10,288.76,301.00,115.10,171,,,,,
JNE3575,9,0.28,"4,733",0.03,414.53,471.00,198.73,142,,,,,
JNE3576,9,0.27,"1,469",0.13,487.12,487.00,236.70,191,,,,,
JNE3577,9,0.13,"4,125",0.04,739.47,696.00,372.92,165,,,,,
JNE3578,9,0.11,"1,133",0.15,657.75,612.00,255.75,170,,,,,
JNE3579,9,0.29,"2,733",0.06,239.31,301.00,136.98,164,,,,,
JNE3581,9,0.19,164,1.37,595.45,635.00,303.46,224,,,,,
JNE3601,9,0.22,"1,433",0.12,248.92,299.70,116.72,172,,,,,
JNE3602,9,0.24,"15,100",0.01,385.64,399.00,157.97,151,,,,,
JNE3603,9,0.04,"1,560",0.10,323.33,296.22,139.04,156,,,,,
JNE3605,9,0.29,719,0.21,424.50,517.00,274.58,151,,,,,
JNE3606,9,0.04,136,1.12,617.03,487.00,227.07,152,,,,,
JNE3607,9,0.26,"1,591",0.11,411.05,477.00,261.43,175,,,,,
JNE3609,9,0.04,"1,936",0.11,618.77,568.00,306.96,213,,,,,
JNE3611,9,0.02,"1,208",0.13,458.82,422.10,223.72,157,,,,,
JNE3613,9,0.09,"16,700",0.01,486.93,405.00,171.38,167,,,,,
JNE3614,9,0.23,"1,825",0.08,372.98,442.20,199.36,146,,,,,
JNE3616,9,0.19,"2,000",0.08,313.32,320.00,155.61,160,,,,,
JNE3618,9,0.01,"5,567",0.03,472.62,388.94,156.48,167,,,,,
JNE3619,9,0.07,857,0.21,355.15,295.90,151.50,180,,,,,
JNE3620,9,0.16,"10,900",0.02,347.16,325.00,125.53,218,,,,,
JNE3621,9,0.28,"1,960",0.10,456.37,475.24,260.40,196,,,,,
JNE3622,9,0.16,761,0.23,307.45,343.46,132.27,175,,,,,
JNE3623,9,0.02,"11,150",0.02,409.31,362.00,196.44,223,,,,,
JNE3625,9,0.18,"1,089",0.18,204.28,217.00,99.88,196,,,,,
JNE3627,9,0.07,"6,900",0.03,336.91,329.00,125.41,207,,,,,
JNE3628,9,0.28,"3,150",0.06,403.66,487.00,261.74,189,,,,,
JNE3629,9,0.25,757,0.30,433.54,499.00,227.47,227,,,,,
JNE3630,9,0.21,"3,150",0.06,391.26,401.79,154.78,189,,,,,
JNE3633,9,0.24,757,0.21,438.61,450.07,207.51,159,,,,,
JNE3634,9,0.09,637,0.30,557.74,517.92,229.44,191,,,,,
JNE3636,9,0.22,483,0.36,466.08,459.00,216.98,174,,,,,
JNE3637,9,0.18,614,0.28,477.78,499.00,221.21,172,,,,,
JNE3638,9,0.01,159,1.05,587.26,515.11,232.14,167,,,,,
JNE3639,9,0.01,"3,300",0.05,604.82,492.92,195.59,165,,,,,
JNE3640,9,0.03,"1,673",0.11,530.68,516.95,280.33,184,,,,,
JNE3641,9,0.07,"2,920",0.00,354.87,354.00,177.79,146,,,,,
JNE3642,9,0.07,500,0.35,357.13,321.00,124.69,175,,,,,
JNE3645,9,0.23,"21,800",0.01,515.90,485.50,215.84,218,,,,,
JNE3648,9,0.15,"2,920",0.05,573.50,518.00,268.33,146,,,,,
JNE3651,9,0.14,"2,286",0.07,481.49,518.00,244.07,160,,,,,
JNE3652,9,0.12,700,0.23,400.42,338.00,165.60,161,,,,,
JNE3654,9,0.13,"1,890",0.10,418.29,368.05,197.57,189,,,,,
JNE3655,9,0.24,"4,300",0.05,304.48,317.00,121.84,215,,,,,
JNE3658,9,0.07,"1,373",0.11,440.20,354.00,162.44,151,,,,,
JNE3659,9,0.06,"5,450",0.04,534.88,477.59,237.55,218,,,,,
JNE3660,9,0.21,575,0.32,328.22,368.48,151.68,184,,,,,
JNE3662,9,0.17,"3,950",0.04,407.08,399.00,208.42,158,,,,,
JNE3665,9,0.12,"2,150",0.08,586.25,536.35,219.99,172,,,,,
JNE3667,9,0.19,"2,486",0.07,308.58,307.62,131.24,174,,,,,
JNE3668,9,0.26,"5,567",0.03,478.30,518.00,230.88,167,,,,,
JNE3669,9,0.04,132,1.39,650.11,490.00,234.66,183,,,,,
JNE3670,9,0.27,"19,400",0.01,386.85,388.00,151.88,194,,,,,
JNE3671,9,0.19,"1,386",0.14,634.77,577.71,232.69,194,,,,,
JNE3672,9,0.17,"4,360",0.00,0.00,0.00,0.00,218,,,,,
JNE3673,9,0.23,"4,900",0.03,636.59,599.00,326.77,147,,,,,
JNE3674,9,0.26,"1,778",0.09,429.93,535.73,260.37,160,,,,,
JNE3675,9,0.01,"3,500",0.00,649.40,574.00,236.61,175,,,,,
JNE3678,9,0.16,612,0.24,560.01,545.00,285.81,147,,,,,
JNE3680,9,0.02,"15,300",0.01,751.71,569.75,276.47,153,,,,,
JNE3683,9,0.14,"3,083",0.06,368.21,349.00,140.81,185,,,,,
JNE3684,9,0.16,"1,750",0.12,331.68,301.00,115.92,210,,,,,
JNE3686,9,0.18,"1,940",0.10,382.87,425.00,172.91,194,,,,,
JNE3687,9,0.02,"1,143",0.14,524.75,470.39,191.68,160,,,,,
JNE3688,9,0.22,"3,520",0.05,581.19,570.48,268.31,176,,,,,
JNE3689,9,0.07,"4,540",0.05,447.07,434.00,208.09,227,,,,,
JNE3690,9,0.26,"1,343",0.14,467.12,538.15,270.97,188,,,,,
JNE3691,9,0.25,"9,550",0.02,581.06,678.00,366.40,191,,,,,
JNE3693,9,0.24,"16,700",0.01,268.21,301.00,121.30,167,,,,,
JNE3694,9,0.30,"1,217",0.12,273.47,301.00,122.33,146,,,,,
JNE3697,9,0.01,738,0.26,563.12,482.55,183.39,192,,,,,
JNE3698,9,0.24,"1,880",0.10,377.33,399.00,151.85,188,,,,,
JNE3700,9,0.17,"6,367",0.03,286.37,318.00,144.87,191,,,,,
JNE3701,9,0.22,759,0.22,345.91,333.00,139.62,167,,,,,
JNE3703,9,0.16,"2,210",0.10,289.23,291.94,118.40,221,,,,,
JNE3704,9,0.25,894,0.17,466.42,487.00,247.37,152,,,,,
JNE3706,9,0.26,963,0.19,427.44,443.00,209.72,183,,,,,
JNE3707,9,0.11,976,0.17,474.91,475.00,250.82,166,,,,,
JNE3708,9,0.11,"2,638",0.08,888.20,734.00,284.65,211,,,,,
JNE3709,9,0.17,318,0.51,825.18,785.50,351.08,162,,,,,
JNE3710,9,0.10,101,1.54,752.96,697.15,356.34,155,,,,,
JNE3712,9,0.22,"1,250",0.14,450.03,518.00,225.75,175,,,,,
JNE3713,9,0.11,"2,025",0.08,434.72,354.00,157.50,162,,,,,
JNE3714,9,0.25,"2,270",0.10,444.48,450.93,220.55,227,,,,,
JNE3716,9,0.12,"2,814",0.07,420.42,425.50,185.45,197,,,,,
JNE3718,9,0.03,"1,327",0.15,542.82,479.03,200.57,199,,,,,
JNE3720,9,0.11,89,2.58,613.53,517.00,209.45,230,,,,,
JNE3721,9,0.15,"2,833",0.06,315.95,287.37,131.09,170,,,,,
JNE3722,9,0.06,"7,300",0.03,372.92,301.00,136.85,219,,,,,
JNE3724,9,0.28,"4,160",0.05,432.72,499.00,200.08,208,,,,,
JNE3725,9,0.30,978,0.18,407.92,448.00,215.67,176,,,,,
JNE3726,9,0.03,"4,000",0.05,379.41,330.00,173.98,200,,,,,
JNE3727,9,0.13,743,0.28,536.83,549.00,299.26,208,,,,,
JNE3728,9,0.20,"1,692",0.12,367.19,361.00,152.21,203,,,,,
JNE3732,9,0.14,"1,022",0.18,515.81,431.00,185.46,184,,,,,
JNE3733,9,0.08,"3,260",0.05,559.66,525.00,214.77,163,,,,,
JNE3734,9,0.00,65,2.71,522.09,431.00,217.03,177,,,,,
JNE3735,9,0.16,"2,112",0.08,415.41,384.59,197.60,169,,,,,
JNE3736,9,0.04,"2,178",0.09,474.79,399.00,216.94,196,,,,,
JNE3738,9,0.17,"3,633",0.06,427.63,383.00,201.77,218,,,,,
JNE3739,9,0.22,"1,345",0.11,459.40,447.35,244.93,148,,,,,
JNE3740,9,0.01,283,0.65,318.97,301.00,147.61,184,,,,,
JNE3741,9,0.29,"3,850",0.04,456.07,459.00,206.42,154,,,,,
JNE3742,9,0.17,364,0.53,470.91,432.00,208.79,193,,,,,
JNE3744,9,0.05,"2,667",0.06,886.48,690.00,273.44,160,,,,,
JNE3745,9,0.10,"11,350",0.02,346.19,301.00,147.73,227,,,,,
JNE3748,9,0.16,"1,800",0.10,488.65,431.00,199.39,180,,,,,
JNE3749,9,0.25,"1,143",0.14,383.17,469.00,195.47,160,,,,,
JNE3751,9,0.06,"2,012",0.08,382.36,347.15,167.53,161,,,,,
JNE3752,9,0.00,"3,820",0.05,351.06,258.75,114.95,191,,,,,
JNE3753,9,0.21,"5,050",0.04,418.49,472.74,190.70,202,,,,,
JNE3756,9,0.23,"2,762",0.08,404.01,487.00,189.24,221,,,,,
JNE3757,9,0.08,"1,333",0.15,594.03,487.00,255.67,200,,,,,
JNE3758,9,0.15,"1,033",0.15,429.04,376.00,147.57,155,,,,,
JNE3759,9,0.24,"4,480",0.05,477.84,568.00,264.88,224,,,,,
JNE3760,9,0.15,"1,625",0.12,502.24,438.00,221.67,195,,,,,
JNE3761,9,0.18,"2,625",0.08,318.49,301.00,142.06,210,,,,,
JNE3762,9,0.13,"4,300",0.04,352.64,329.00,126.14,172,,,,,
JNE3763,9,0.27,"1,355",0.11,224.60,229.50,107.01,149,,,,,
JNE3764,9,0.14,"20,000",0.01,407.56,396.00,195.67,200,,,,,
JNE3765,9,0.14,717,0.24,491.12,510.85,225.96,172,,,,,
JNE3766,9,0.20,"11,050",0.02,475.52,517.00,263.24,221,,,,,
JNE3767,9,0.21,"1,385",0.13,471.99,487.00,261.57,180,,,,,
JNE3768,9,0.24,"2,489",0.09,457.46,487.00,257.18,224,,,,,
JNE3769,9,0.28,"1,364",0.11,467.04,487.00,257.25,150,,,,,
JNE3770,9,0.17,"6,400",0.03,536.38,487.00,248.81,192,,,,,
JNE3771,9,0.25,545,0.31,325.28,346.00,181.37,169,,,,,
JNE3773,9,0.09,"7,700",0.02,362.46,301.00,158.45,154,,,,,
JNE3774,9,0.02,"2,140",0.10,491.56,449.00,198.03,214,,,,,
JNE3775,9,0.04,"6,033",0.03,314.62,307.00,159.36,181,,,,,
JNE3776,9,0.21,"8,900",0.02,322.39,301.00,147.86,178,,,,,
JNE3777,9,0.04,"1,636",0.11,334.82,324.00,171.56,180,,,,,
JNE3778,9,0.19,639,0.23,422.48,459.00,182.47,147,,,,,
JNE3779,9,0.01,"5,750",0.04,443.03,346.00,162.42,230,,,,,
JNE3780,9,0.04,"1,620",0.10,372.31,325.00,127.26,162,,,,,
JNE3781,9,0.00,"1,700",0.10,580.55,427.91,186.79,170,,,,,
JNE3782,9,0.15,"4,900",0.04,533.75,544.00,283.26,196,,,,,
JNE3783,9,0.07,"2,114",0.07,506.85,517.00,267.45,148,,,,,
JNE3784,9,0.23,"2,438",0.08,431.76,485.38,263.59,195,,,,,
JNE3785,9,0.00,846,0.24,429.37,342.86,178.72,203,,,,,
JNE3786,9,0.14,917,0.18,354.64,349.00,175.42,165,,,,,
JNE3787,9,0.14,194,0.84,505.14,474.76,246.83,163,,,,,
JNE3788,9,0.04,"1,062",0.16,422.89,324.67,174.32,170,,,,,
JNE3790,9,0.24,"1,800",0.09,317.98,305.54,161.78,162,,,,,
JNE3791,9,0.26,"1,769",0.13,337.51,399.00,188.20,230,,,,,
JNE3792,9,0.07,323,0.60,486.83,432.00,222.45,194,,,,,
JNE3793,9,0.15,"6,667",0.03,373.41,353.65,172.61,200,,,,,
JNE3794,9,0.24,"10,150",0.02,555.70,529.00,245.68,203,,,,,
JNE3795,9,0.08,"1,353",0.15,681.12,529.00,228.86,203,,,,,
JNE3797,9,0.05,973,0.22,810.06,753.01,311.82,214,,,,,
JNE3798,9,0.06,"2,700",0.07,943.01,769.06,340.89,189,,,,,
JNE3799,9,0.24,"1,242",0.12,592.91,659.85,353.74,149,,,,,
JNE3800,9,0.04,"1,246",0.13,762.50,754.41,302.89,162,,,,,
JNE3801,9,0.15,"1,418",0.11,665.87,743.78,292.64,156,,,,,
JNE3802,9,0.04,"21,100",0.01,566.26,487.00,262.79,211,,,,,
JNE3803,9,0.02,"5,150",0.04,575.76,481.20,242.01,206,,,,,
JNE3804,9,0.22,"2,157",0.07,401.85,487.00,201.10,151,,,,,
JNE3805,9,0.24,"14,800",0.01,477.61,487.00,205.90,148,,,,,
JNE3806,9,0.29,"1,609",0.11,446.12,545.00,282.65,177,,,,,
JNE3807,9,0.11,786,0.22,816.16,736.00,378.61,173,,,,,
JNE3810,9,0.11,95,1.83,601.78,585.26,285.03,173,,,,,
JNE3811,9,0.29,447,0.38,373.05,474.00,204.59,170,,,,,
JNE3817,9,0.13,"1,586",0.14,465.83,449.00,218.79,222,,,,,
JNE3818,9,0.19,"7,500",0.03,435.27,475.00,223.90,225,,,,,
JNE3819,9,0.27,"1,192",0.13,428.99,475.00,233.81,155,,,,,
JNE3820,9,0.05,462,0.37,505.21,475.00,200.89,171,,,,,
JNE3821,9,0.10,713,0.30,551.47,499.00,271.34,214,,,,,
JNE3822,9,0.27,141,1.33,324.72,402.52,204.11,187,,,,,
JNE3835,9,0.28,994,0.18,616.11,666.00,354.17,179,,,,,
JNE3836,9,0.07,"1,736",0.11,813.79,666.00,315.64,191,,,,,
JNE3837,9,0.23,"1,529",0.14,445.72,531.73,244.31,214,,,,,
JNE3838,9,0.07,"4,680",0.05,438.35,388.34,197.58,234,,,,,
JNE3856,9,0.01,"1,678",0.09,708.66,666.00,335.82,151,,,,,
JNE3860,9,0.15,389,0.44,657.26,614.00,298.32,171,,,,,
JNE3861,9,0.00,"1,307",0.15,865.93,757.90,414.26,196,,,,,
JNE3862,9,0.10,"1,930",0.10,665.61,599.00,319.01,193,,,,,
JNE3863,9,0.01,254,0.67,688.29,564.73,279.68,170,,,,,
JNE3864,9,0.18,888,0.17,674.65,599.00,307.92,151,,,,,
JNE3865,9,0.08,"21,100",0.01,607.97,532.00,262.98,211,,,,,
JNE3866,9,0.12,"1,427",0.11,830.98,753.00,398.82,157,,,,,
JNE3869,9,0.21,"1,936",0.11,655.04,696.44,277.61,213,,,,,
JNE3870,9,0.12,758,0.24,852.59,700.96,314.79,182,,,,,
JNE3871,9,0.26,"2,170",0.10,754.26,771.00,306.77,217,,,,,
JNE3875,9,0.13,624,0.25,599.24,599.00,232.62,156,,,,,
JNE3878,9,0.01,978,0.23,531.48,399.00,173.39,225,,,,,
JNE3879,9,0.07,"1,500",0.11,738.50,661.00,274.87,165,,,,,
JNE3880,9,0.02,"1,267",0.12,762.99,581.00,270.32,152,,,,,
JNE3881,9,0.26,"3,160",0.05,797.40,805.36,431.04,158,,,,,
JNE3885,9,0.05,"9,850",0.02,557.72,526.00,241.27,197,,,,,
JNE3887,9,0.26,560,0.35,499.72,521.30,234.71,196,,,,,
JNE3888,9,0.19,"23,700",0.01,649.30,696.00,364.93,237,,,,,
JNE3889,9,0.05,"1,792",0.12,806.96,736.00,316.91,215,,,,,
JNE3891,9,0.02,"1,808",0.12,702.13,621.00,282.47,217,,,,,
JNE3892,9,0.30,539,0.31,591.47,648.00,349.20,167,,,,,
JNE3893,9,0.02,"5,150",0.04,687.96,621.00,334.77,206,,,,,
JNE3894,9,0.16,"1,165",0.17,660.82,749.00,371.80,198,,,,,
JNE3895,9,0.25,"3,480",0.00,631.96,648.00,274.28,174,,,,,
JNE3896,9,0.11,"1,358",0.12,574.91,582.00,232.17,163,,,,,
JNE3898,9,0.29,752,0.25,448.99,582.00,319.13,188,,,,,
JNE3899,9,0.17,"1,000",0.18,547.37,582.00,293.49,180,,,,,
JNE3902,9,0.06,"2,175",0.08,666.08,599.00,234.01,174,,,,,
JNE3904,9,0.28,"1,195",0.19,519.68,593.30,282.71,227,,,,,
JNE3905,9,0.23,"1,792",0.12,506.81,617.67,240.64,215,,,,,
JNE3928,9,0.14,120,1.43,676.94,566.41,271.11,172,,,,,
MEN5001,9,0.10,570,0.30,766.72,655.00,312.18,171,,,,,
MEN5002,9,0.26,"1,708",0.13,610.24,709.00,374.57,222,,,,,
MEN5003,9,0.08,862,0.21,672.41,629.23,315.72,181,,,,,
MEN5004,9,0.20,"1,670",0.10,680.47,704.72,344.10,167,,,,,
MEN5005,9,0.29,31,4.80,563.20,625.00,275.12,150,,,,,
MEN5006,9,0.28,"1,636",0.11,527.27,665.00,301.22,180,,,,,
MEN5007,9,0.30,"4,700",0.04,488.30,625.00,305.91,188,,,,,
MEN5008,9,0.12,944,0.16,767.72,645.84,246.90,151,,,,,
MEN5009,9,0.17,"2,220",0.10,705.83,746.16,333.55,222,,,,,
MEN5010,9,0.13,"11,250",0.02,636.09,618.00,314.98,225,,,,,
MEN5011,9,0.03,"2,786",0.07,728.03,553.93,295.08,195,,,,,
MEN5012,9,0.22,"1,723",0.13,655.03,655.00,343.23,224,,,,,
MEN5013,9,0.03,"6,000",0.03,536.25,472.67,240.20,180,,,,,
MEN5014,9,0.24,"3,960",0.05,530.31,541.21,282.88,198,,,,,
MEN5015,9,0.20,"2,717",0.06,472.08,558.33,289.37,163,,,,,
MEN5016,9,0.08,"1,783",0.12,780.87,649.17,325.58,214,,,,,
MEN5017,9,0.14,"2,543",0.07,784.57,747.50,389.09,178,,,,,
MEN5018,9,0.07,530,0.37,812.98,655.00,260.40,196,,,,,
MEN5019,9,0.15,993,0.15,766.20,651.25,349.30,149,,,,,
MEN5020,9,0.15,"5,733",0.03,689.07,590.00,271.89,172,,,,,
MEN5021,9,0.26,"2,808",0.25,781.47,771.82,370.65,702,,,,,
MEN5022,9,0.18,"2,229",0.07,778.67,772.50,295.86,156,,,,,
MEN5023,9,0.21,"9,100",0.02,712.98,767.40,407.45,182,,,,,
MEN5024,9,0.06,"17,800",0.01,754.59,661.92,319.29,178,,,,,
MEN5025,9,0.10,912,0.26,893.07,768.36,295.96,237,,,,,
MEN5026,9,0.10,"4,500",0.05,863.15,705.50,284.22,225,,,,,
MEN5027,9,0.09,935,0.17,574.55,562.50,231.24,159,,,,,
MEN5028,9,0.27,"2,767",0.06,591.48,590.83,299.05,166,,,,,
MEN5029,9,0.02,"4,680",0.05,817.88,625.00,325.59,234,,,,,
MEN5030,9,0.26,"3,100",0.07,608.01,590.00,257.44,217,,,,,
MEN5031,9,0.11,"4,500",0.05,712.33,589.33,231.02,225,,,,,
MEN5032,9,0.23,"1,350",0.14,707.67,800.59,364.55,189,,,,,
NW001,9,0.08,719,0.21,490.06,490.00,221.88,151,,,,,
NW002,9,0.08,"1,720",0.10,455.97,455.00,228.59,172,,,,,
NW003,9,0.24,852,0.23,433.36,495.00,207.50,196,,,,,
NW004,9,0.20,718,0.22,480.69,475.00,246.15,158,,,,,
NW005,9,0.13,"1,892",0.12,663.34,572.63,283.43,227,,,,,
NW008,9,0.11,"1,206",0.16,677.76,558.00,258.75,193,,,,,
NW009,9,0.13,327,0.56,617.92,560.00,284.92,183,,,,,
NW012,9,0.02,"3,250",0.06,548.60,532.14,282.29,195,,,,,
NW013,9,0.00,"2,162",0.08,529.73,475.00,211.94,173,,,,,
NW014,9,0.08,"1,047",0.15,535.99,537.00,269.00,157,,,,,
NW015,9,0.02,"18,100",0.01,498.03,431.71,194.78,181,,,,,
NW016,9,0.07,829,0.21,609.58,534.87,280.14,174,,,,,
NW020,9,0.10,911,0.19,495.63,517.00,242.06,173,,,,,
NW022,9,0.25,"1,207",0.15,518.60,590.00,271.08,181,,,,,
NW024,9,0.15,"1,856",0.09,529.65,560.00,275.96,167,,,,,
NW027,9,0.11,"7,267",0.03,696.41,613.00,323.14,218,,,,,
NW029,9,0.12,"5,950",0.04,485.48,455.00,173.68,238,,,,,
NW030,9,0.03,"1,500",0.12,684.87,577.14,285.80,180,,,,,
NW031,9,0.00,"2,311",0.09,698.22,582.00,239.97,208,,,,,
NW032,9,0.26,"22,400",0.01,635.26,620.00,314.16,224,,,,,
NW033,9,0.30,"1,667",0.09,439.49,558.00,242.25,150,,,,,
NW034,9,0.08,"1,911",0.09,694.14,613.00,257.93,172,,,,,
NW035,9,0.10,"9,600",0.02,684.92,582.00,261.17,192,,,,,
NW036,9,0.18,"2,188",0.08,550.22,539.00,217.45,175,,,,,
NW037,9,0.03,"1,900",0.12,480.20,360.00,169.14,228,,,,,
NW038,9,0.22,921,0.19,476.77,517.00,236.93,175,,,,,
NW039,9,0.08,"1,442",0.12,552.08,495.00,237.59,173,,,,,
PJNE1906,9,0.13,"5,850",0.04,786.22,836.00,327.70,234,,,,,
PJNE2014,9,0.22,904,0.23,786.23,798.00,326.22,208,,,,,
PJNE2100,9,0.15,"2,617",0.06,635.58,649.71,250.75,157,,,,,
PJNE2171,9,0.07,"1,126",0.19,"1,130.52","1,099.00",581.23,214,,,,,
PJNE2199,9,0.12,"2,162",0.08,823.07,753.92,320.98,173,,,,,
PJNE2270,9,0.20,"2,175",0.08,"1,086.96","1,099.00",429.14,174,,,,,
PJNE3068,9,0.14,374,0.47,"1,011.27","1,092.28",567.10,176,,,,,
PJNE3252,9,0.24,"19,800",0.01,909.95,925.00,498.29,198,,,,,
PJNE3291,9,0.03,"2,750",0.06,"1,058.92",860.72,364.96,165,,,,,
PJNE3363,9,0.10,754,0.24,767.47,764.00,345.59,181,,,,,
PJNE3364,9,0.07,"1,873",0.11,932.86,826.05,336.11,206,,,,,
PJNE3368,9,0.03,971,0.17,"1,097.59",869.00,457.30,165,,,,,
PJNE3373,9,0.02,"1,525",0.12,"1,099.68",908.38,376.80,183,,,,,
PJNE3399,9,0.06,"2,486",0.07,878.19,786.13,405.42,174,,,,,
PJNE3404,9,0.24,"9,750",0.02,767.97,869.00,453.77,195,,,,,
PJNE3421,9,0.18,"1,888",0.08,638.98,616.67,255.56,151,,,,,
PJNE3423,9,0.07,"4,120",0.00,"1,114.21",869.00,357.61,206,,,,,
PJNE3440,9,0.23,"1,250",0.12,904.42,913.99,399.34,150,,,,,
PJNE3445,9,0.16,"1,385",0.13,836.18,925.00,459.95,180,,,,,
PJNE3568,9,0.08,"1,677",0.13,790.44,709.33,327.06,218,,,,,
PJNE3607,9,0.21,"1,317",0.12,934.88,869.00,424.94,158,,,,,
PSET264,9,0.08,"15,800",0.01,"1,375.55","1,380.50",567.63,158,,,,,
PSET268,9,0.11,"1,810",0.10,"1,738.31","1,399.00",665.01,181,,,,,
SAR 36.00,9,0.11,"1,730",0.10,906.61,737.00,348.32,173,,,,,
SAR 37.00,9,0.05,"1,250",0.18,754.34,737.00,336.74,225,,,,,
SAR 61.00,9,0.00,607,0.30,"1,218.37",885.00,352.23,182,,,,,
SAR 62.00,9,0.18,220,0.94,854.22,885.00,411.12,207,,,,,
SAR 69.00,9,0.01,349,0.59,"1,178.99",885.00,476.62,206,,,,,
SAR 70.00,9,0.28,541,0.32,762.37,885.00,399.16,173,,,,,
SAR 135.00,9,0.24,"4,175",0.04,627.87,686.00,336.96,167,,,,,
SAR 136.00,9,0.18,"1,754",0.13,825.03,791.00,343.17,228,,,,,
SAR 137.00,9,0.04,"8,300",0.02,870.00,686.00,313.91,166,,,,,
SAR 154.00,9,0.16,"3,360",0.05,674.30,756.00,310.76,168,,,,,
SET004,9,0.22,"1,531",0.13,697.44,711.00,281.48,199,,,,,
SET014,9,0.12,318,0.57,803.86,819.00,363.54,181,,,,,
SET025,9,0.28,"1,338",0.13,509.28,604.00,285.76,174,,,,,
SET034,9,0.10,"5,175",0.04,550.51,522.00,276.73,207,,,,,
SET037,9,0.02,92,1.83,728.21,612.00,238.82,168,,,,,
SET038,9,0.04,"5,733",0.03,648.64,579.00,256.66,172,,,,,
SET043,9,0.17,177,1.21,901.79,999.00,492.57,214,,,,,
SET044,9,0.10,"2,486",0.07,606.41,612.00,322.11,174,,,,,
SET045,9,0.23,"1,527",0.11,522.39,639.00,281.54,168,,,,,
SET048,9,0.03,"2,040",0.10,704.71,598.15,248.24,204,,,,,
SET053,9,0.23,"1,153",0.15,439.03,411.95,183.15,173,,,,,
SET058,9,0.18,"1,106",0.18,688.53,770.00,306.49,199,,,,,
SET062,9,0.11,"3,450",0.06,842.04,685.00,284.92,207,,,,,
SET066,9,0.05,"2,011",0.09,546.19,440.00,202.63,181,,,,,
SET073,9,0.29,905,0.19,744.83,824.00,431.95,172,,,,,
SET078,9,0.15,"1,636",0.11,497.77,459.00,234.27,180,,,,,
SET087,9,0.12,"2,157",0.07,"1,038.37",881.00,373.13,151,,,,,
SET098,9,0.16,506,0.36,686.69,751.77,316.03,182,,,,,
SET110,9,0.18,420,0.40,841.91,837.00,411.68,168,,,,,
SET116,9,0.19,"3,114",0.07,619.44,591.00,313.93,218,,,,,
SET121,9,0.29,"10,700",0.02,426.05,478.00,192.20,214,,,,,
SET128,9,0.15,"2,171",0.07,"1,087.50",953.73,387.31,152,,,,,
SET129,9,0.27,"4,340",0.05,345.38,440.00,187.28,217,,,,,
SET130,9,0.27,"5,567",0.03,593.13,629.00,332.32,167,,,,,
SET131,9,0.12,"3,183",0.06,724.93,666.00,321.32,191,,,,,
SET132,9,0.22,"15,900",0.01,580.26,629.00,260.70,159,,,,,
SET139,9,0.27,"3,775",0.04,386.61,453.00,193.53,151,,,,,
SET144,9,0.04,"1,920",0.10,941.65,774.00,330.96,192,,,,,
SET145,9,0.07,"6,433",0.03,990.53,782.09,344.91,193,,,,,
SET147,9,0.22,"3,214",0.07,652.85,684.00,295.51,225,,,,,
SET152,9,0.19,"1,700",0.09,508.54,469.00,189.03,153,,,,,
SET153,9,0.26,"1,182",0.17,412.38,468.00,214.22,201,,,,,
SET154,9,0.16,"1,165",0.17,758.87,832.00,454.59,198,,,,,
SET155,9,0.17,"3,386",0.07,396.66,446.00,226.21,237,,,,,
SET158,9,0.09,"1,569",0.13,768.73,791.00,388.56,204,,,,,
SET165,9,0.09,"10,050",0.02,662.10,615.00,319.26,201,,,,,
SET171,9,0.04,"2,462",0.08,909.10,810.75,320.70,197,,,,,
SET172,9,0.07,"1,031",0.16,"1,345.73","1,112.00",501.32,165,,,,,
SET179,9,0.17,"16,700",0.01,568.62,522.97,252.00,167,,,,,
SET182,9,0.28,"2,957",0.07,532.28,692.34,326.41,207,,,,,
SET183,9,0.26,"4,800",0.04,609.94,731.10,284.37,192,,,,,
SET184,9,0.17,430,0.37,533.54,560.93,293.89,159,,,,,
SET185,9,0.24,"17,400",0.01,723.14,766.31,345.10,174,,,,,
SET186,9,0.25,85,2.05,492.96,597.22,277.11,174,,,,,
SET187,9,0.09,"3,940",0.05,694.02,695.30,310.14,197,,,,,
SET188,9,0.22,272,0.68,681.88,633.33,346.38,185,,,,,
SET196,9,0.01,"3,343",0.07,880.53,668.00,262.64,234,,,,,
SET197,9,0.17,"5,200",0.04,701.30,759.00,326.19,208,,,,,
SET198,9,0.19,"1,621",0.14,553.41,573.03,300.30,227,,,,,
SET199,9,0.02,"2,617",0.06,337.81,293.50,123.59,157,,,,,
SET200,9,0.12,"3,480",0.05,634.02,543.00,245.45,174,,,,,
SET202,9,0.23,72,2.88,362.32,383.00,207.27,207,,,,,
SET203,9,0.20,"4,800",0.04,372.46,425.29,203.24,192,,,,,
SET204,9,0.01,"3,800",0.04,856.00,660.72,280.67,152,,,,,
SET205,9,0.08,"1,300",0.14,484.55,443.00,173.28,182,,,,,
SET209,9,0.22,"3,320",0.00,422.30,474.08,224.41,166,,,,,
SET210,9,0.19,"19,300",0.01,550.25,575.00,305.18,193,,,,,
SET217,9,0.27,"1,250",0.14,702.43,786.00,300.71,175,,,,,
SET218,9,0.15,471,0.35,658.12,661.71,269.57,165,,,,,
SET219,9,0.10,"2,075",0.08,663.58,649.80,343.62,166,,,,,
SET220,9,0.25,252,0.75,"1,051.28","1,178.43",463.66,189,,,,,
SET223,9,0.12,"15,000",0.01,602.58,648.00,299.24,150,,,,,
SET224,9,0.08,271,0.58,"1,366.83","1,125.20",505.76,157,,,,,
SET225,9,0.11,49,4.10,749.70,759.00,296.28,200,,,,,
SET227,9,0.06,"2,514",0.07,605.13,604.25,291.35,176,,,,,
SET228,9,0.08,591,0.33,904.72,769.00,415.79,195,,,,,
SET229,9,0.18,"1,436",0.14,873.99,806.92,397.82,201,,,,,
SET230,9,0.10,"2,900",0.06,799.62,665.60,275.24,174,,,,,
SET232,9,0.20,635,0.26,488.11,499.00,274.06,165,,,,,
SET233,9,0.03,"1,633",0.12,583.41,536.11,264.47,196,,,,,
SET236,9,0.16,"1,956",0.09,865.81,788.00,380.06,176,,,,,
SET239,9,0.02,729,0.21,865.46,682.00,312.79,153,,,,,
SET240,9,0.21,"1,892",0.12,562.45,626.62,246.65,227,,,,,
SET241,9,0.03,188,0.92,473.10,357.00,147.87,173,,,,,
SET243,9,0.20,"8,400",0.02,451.13,519.00,197.40,168,,,,,
SET244,9,0.19,309,0.65,858.93,760.73,373.53,201,,,,,
SET246,9,0.28,638,0.24,419.80,431.55,204.18,153,,,,,
SET247,9,0.02,"5,333",0.03,968.67,765.78,391.94,160,,,,,
SET248,9,0.16,"1,922",0.09,708.69,612.00,289.53,173,,,,,
SET250,9,0.19,"2,133",0.09,712.31,675.00,351.01,192,,,,,
SET251,9,0.05,"2,829",0.07,805.17,759.00,353.15,198,,,,,
SET252,9,0.18,"16,700",0.01,749.82,759.00,363.40,167,,,,,
SET254,9,0.27,707,0.28,695.31,886.00,432.72,198,,,,,
SET257,9,0.25,"1,445",0.11,505.40,568.00,256.34,159,,,,,
SET258,9,0.29,"1,646",0.13,811.09,872.33,386.02,214,,,,,
SET262,9,0.03,"2,750",0.06,727.76,633.00,310.41,165,,,,,
SET263,9,0.22,877,0.22,563.69,620.00,266.34,193,,,,,
SET264,9,0.09,"1,129",0.17,902.55,788.17,409.64,192,,,,,
SET265,9,0.29,"2,857",0.07,855.43,889.00,343.70,200,,,,,
SET266,9,0.27,"1,792",0.12,663.42,852.00,447.07,215,,,,,
SET268,9,0.13,921,0.19,808.46,784.25,419.96,175,,,,,
SET269,9,0.07,930,0.23,826.91,804.38,306.09,214,,,,,
SET272,9,0.14,725,0.24,947.68,852.00,458.88,174,,,,,
SET273,9,0.16,"3,283",0.06,519.78,569.26,240.52,197,,,,,
SET274,9,0.11,"3,333",0.06,811.67,711.00,365.68,200,,,,,
SET275,9,0.25,"4,020",0.05,543.45,630.00,250.32,201,,,,,
SET276,9,0.10,"1,530",0.10,"1,247.48","1,238.00",637.73,153,,,,,
SET277,9,0.23,"6,700",0.03,"1,409.51","1,328.67",687.70,201,,,,,
SET278,9,0.18,437,0.35,"1,250.87","1,443.90",785.17,153,,,,,
SET279,9,0.08,359,0.44,956.32,863.91,405.82,158,,,,,
SET280,9,0.19,"6,433",0.03,697.30,814.00,369.54,193,,,,,
SET281,9,0.14,154,1.54,606.29,578.21,311.55,237,,,,,
SET282,9,0.28,672,0.25,956.52,"1,084.17",453.36,168,,,,,
SET285,9,0.20,872,0.25,464.10,499.00,236.00,218,,,,,
SET286,9,0.27,889,0.18,525.92,657.18,302.86,160,,,,,
SET287,9,0.19,958,0.19,632.71,661.00,314.02,182,,,,,
SET288,9,0.27,485,0.34,635.87,677.71,326.57,165,,,,,
SET290,9,0.30,"3,020",0.05,771.00,832.00,435.64,151,,,,,
SET291,9,0.17,"1,750",0.10,587.56,572.85,297.35,175,,,,,
SET293,9,0.04,"17,500",0.01,840.02,696.43,281.01,175,,,,,
SET295,9,0.02,"9,050",0.02,877.15,799.00,310.94,181,,,,,
SET299,9,0.16,"5,767",0.03,598.01,618.75,252.27,173,,,,,
SET300,9,0.17,"8,350",0.02,888.22,967.00,487.34,167,,,,,
SET301,9,0.18,"2,900",0.06,776.81,833.00,381.50,174,,,,,
SET302,9,0.25,"1,179",0.14,670.57,792.14,332.37,165,,,,,
SET303,9,0.19,"1,143",0.14,886.01,888.00,391.18,160,,,,,
SET304,9,0.01,"2,475",0.08,"1,441.89","1,168.02",561.25,198,,,,,
SET305,9,0.02,145,1.09,"1,308.46",967.00,527.68,158,,,,,
SET306,9,0.11,545,0.33,662.95,666.00,348.62,180,,,,,
SET307,9,0.21,"9,900",0.02,741.10,736.00,315.22,198,,,,,
SET308,9,0.20,"7,650",0.02,743.91,696.00,304.84,153,,,,,
SET310,9,0.27,"2,767",0.06,863.49,949.27,517.72,166,,,,,
SET316,9,0.19,956,0.16,"1,142.42","1,238.00",539.49,153,,,,,
SET317,9,0.22,"4,120",0.05,"1,063.52","1,194.06",652.73,206,,,,,
SET318,9,0.29,"5,233",0.03,870.05,"1,152.00",613.21,157,,,,,
SET319,9,0.08,"8,700",0.02,"1,010.07",949.00,392.90,174,,,,,
SET320,9,0.01,495,0.37,"1,105.47",852.00,442.74,183,,,,,
SET321,9,0.20,71,2.53,825.15,967.00,424.55,180,,,,,
SET322,9,0.05,"5,625",0.04,"1,176.39","1,099.00",559.95,225,,,,,
SET323,9,0.07,"3,840",0.05,"1,205.17",999.00,532.56,192,,,,,
SET324,9,0.21,"3,940",0.00,640.14,612.05,311.32,197,,,,,
SET325,9,0.22,314,0.63,628.24,666.00,284.52,198,,,,,
SET327,9,0.20,"1,867",0.12,"1,027.39",992.20,405.68,224,,,,,
SET328,9,0.14,"2,262",0.08,541.53,531.03,256.21,181,,,,,
SET329,9,0.06,"3,040",0.05,690.03,663.74,289.67,152,,,,,
SET330,9,0.08,"2,614",0.07,612.75,560.00,288.49,183,,,,,
SET331,9,0.21,"1,517",0.12,634.50,641.00,320.61,182,,,,,
SET332,9,0.27,265,0.69,553.79,549.00,218.29,183,,,,,
SET333,9,0.04,764,0.22,993.68,963.71,527.91,168,,,,,
SET334,9,0.06,589,0.27,768.52,666.00,356.62,159,,,,,
SET335,9,0.07,"5,533",0.03,716.08,660.86,285.11,166,,,,,
SET336,9,0.25,"17,300",0.01,767.14,833.00,428.71,173,,,,,
SET337,9,0.25,"1,850",0.10,693.78,874.00,476.76,185,,,,,
SET338,9,0.06,247,0.64,"1,088.90",999.00,467.95,158,,,,,
SET339,9,0.24,"3,480",0.00,685.52,674.67,350.26,174,,,,,
SET340,9,0.23,"20,100",0.01,761.63,795.19,358.54,201,,,,,
SET341,9,0.21,"3,100",0.07,817.65,857.00,409.95,217,,,,,
SET342,9,0.07,"1,442",0.12,909.02,850.00,338.51,173,,,,,
SET343,9,0.19,"1,093",0.14,719.06,769.05,316.11,153,,,,,
SET344,9,0.04,948,0.23,"1,021.91",899.00,442.21,218,,,,,
SET345,9,0.03,"3,140",0.05,814.82,625.74,316.56,157,,,,,
SET346,9,0.22,"2,088",0.08,838.28,774.00,375.74,167,,,,,
SET347,9,0.05,"3,480",0.00,974.14,852.00,383.10,174,,,,,
SET348,9,0.13,"1,231",0.13,877.31,849.06,428.29,160,,,,,
SET349,9,0.17,"7,550",0.02,"1,287.27","1,152.00",511.37,151,,,,,
SET350,9,0.13,"1,140",0.20,"1,170.80","1,122.00",539.01,228,,,,,
SET351,9,0.25,"1,029",0.17,525.66,563.76,257.16,175,,,,,
SET352,9,0.21,800,0.24,431.22,482.69,263.67,192,,,,,
SET353,9,0.17,692,0.26,926.54,852.00,405.43,180,,,,,
SET355,9,0.01,690,0.29,"1,367.36","1,117.27",558.57,200,,,,,
SET356,9,0.15,661,0.28,"1,132.05",999.00,388.37,185,,,,,
SET357,9,0.07,665,0.23,899.87,731.23,317.63,153,,,,,
SET358,9,0.06,"5,833",0.03,"1,562.28","1,477.00",620.62,175,,,,,
SET359,9,0.16,"16,500",0.01,970.37,888.30,467.41,165,,,,,
SET361,9,0.27,"3,171",0.07,"1,434.04","1,477.00",689.96,222,,,,,
SET363,9,0.18,"1,844",0.09,"1,140.20","1,187.30",472.46,166,,,,,
SET364,9,0.04,"3,183",0.06,"1,188.59","1,115.00",461.64,191,,,,,
SET365,9,0.25,"7,950",0.02,"1,023.86","1,299.00",620.55,159,,,,,
SET366,9,0.24,"2,486",0.07,"1,320.00","1,438.00",785.41,174,,,,,
SET369,9,0.19,"2,571",0.07,"1,329.63","1,399.00",705.55,180,,,,,
SET373,9,0.28,"1,756",0.09,693.38,774.00,354.43,158,,,,,
SET374,9,0.11,"4,700",0.00,638.53,642.98,284.40,235,,,,,
SET375,9,0.30,"1,638",0.13,653.67,691.27,349.89,213,,,,,
SET376,9,0.22,130,1.32,435.79,490.00,257.89,171,,,,,
SET377,9,0.12,"1,811",0.09,"1,061.31","1,068.00",435.81,163,,,,,
SET378,9,0.13,832,0.22,"1,376.78","1,299.00",497.06,183,,,,,
SET380,9,0.18,"3,900",0.00,"1,190.95","1,186.00",546.31,195,,,,,
SET383,9,0.22,"8,650",0.02,525.75,599.00,311.97,173,,,,,
SET384,9,0.21,"4,120",0.00,569.04,629.00,316.83,206,,,,,
SET385,9,0.27,"1,126",0.19,450.11,555.78,303.94,214,,,,,
SET386,9,0.17,"2,611",0.09,640.89,593.30,234.10,235,,,,,
SET388,9,0.21,464,0.44,"1,538.68","1,476.06",782.28,204,,,,,
SET389,9,0.15,882,0.17,660.40,641.14,289.79,150,,,,,
SET390,9,0.05,"3,960",0.05,"1,089.21",882.00,444.01,198,,,,,
SET392,9,0.19,"10,650",0.02,836.18,789.49,359.84,213,,,,,
SET393,9,0.28,"2,109",0.11,781.62,988.33,434.13,232,,,,,
SET394,9,0.02,593,0.29,"1,491.00","1,096.00",448.20,172,,,,,
SET395,9,0.20,"1,767",0.09,"1,029.23",962.00,495.34,159,,,,,
SET396,9,0.07,"4,525",0.04,"1,030.54",988.00,541.55,181,,,,,
SET397,9,0.13,"2,812",0.08,910.85,938.84,494.51,225,,,,,
SET398,9,0.20,967,0.24,"1,034.60","1,182.15",469.31,232,,,,,
SET401,9,0.15,922,0.18,932.73,999.00,442.88,166,,,,,
SET402,9,0.11,"1,740",0.10,"1,150.11",985.06,441.74,174,,,,,
SET403,9,0.30,346,0.57,849.22,999.00,447.46,197,,,,,
SET404,9,0.21,"2,389",0.09,"1,254.13","1,199.00",533.36,215,,,,,
SET405,9,0.15,"1,075",0.16,859.29,771.00,336.88,172,,,,,
SET408,9,0.18,"3,320",0.05,513.99,496.84,258.45,166,,,,,
SET409,9,0.23,"6,867",0.03,636.82,641.00,257.35,206,,,,,
SET410,9,0.11,328,0.65,534.04,568.00,284.24,213,,,,,
SET413,9,0.14,"2,075",0.08,718.73,721.00,284.47,166,,,,,
SET414,9,0.17,"11,200",0.02,"1,055.73",999.00,385.02,224,,,,,
SET415,9,0.09,"1,215",0.13,837.83,874.13,377.49,158,,,,,
SET433,9,0.20,675,0.28,475.57,560.00,214.32,189,,,,,
SET435,9,0.11,407,0.41,"1,678.61","1,399.00",590.43,167,,,,,
SET436,9,0.08,546,0.35,"1,659.57","1,399.00",725.33,191,,,,,
AN211,10,0.19,"9,100",0.02,278.65,301.00,125.65,182,,,,,
AN213,10,0.17,"2,443",0.07,322.48,301.00,162.58,171,,,,,
BL025,10,0.01,"3,900",0.04,509.87,388.00,210.30,156,,,,,
BL057,10,0.10,"1,313",0.15,557.23,534.95,277.54,197,,,,,
BL087,10,0.25,"2,486",0.07,515.63,647.00,274.67,174,,,,,
BL098,10,0.19,"1,400",0.13,414.76,372.00,142.14,182,,,,,
BL103,10,0.29,776,0.21,537.84,647.00,323.82,163,,,,,
BL104,10,0.25,64,2.69,569.19,698.00,311.30,171,,,,,
BL109,10,0.17,"1,791",0.11,739.49,729.00,364.74,197,,,,,
BL110,10,0.23,"1,521",0.14,420.46,414.00,201.92,213,,,,,
BL113,10,0.05,"1,950",0.08,528.10,493.00,205.34,156,,,,,
BTM002,10,0.05,"1,930",0.10,792.50,729.00,347.94,193,,,,,
BTM026,10,0.08,"1,650",0.10,761.19,729.00,352.70,165,,,,,
BTM032,10,0.15,"3,240",0.00,416.82,351.00,157.70,162,,,,,
BTM036,10,0.08,"1,364",0.11,438.59,426.00,190.30,150,,,,,
BTM040,10,0.13,"3,920",0.00,439.85,404.00,155.88,196,,,,,
CH205,10,0.25,643,0.23,326.63,317.00,126.97,148,,,,,
J0002,10,0.24,"18,700",0.01,913.17,"1,090.91",593.62,187,,,,,
J0003,10,0.06,"11,200",0.02,855.87,655.13,259.05,224,,,,,
J0004,10,0.23,"2,456",0.09,"1,197.20","1,125.35",569.44,221,,,,,
J0005,10,0.27,329,0.48,"1,112.56","1,120.96",490.27,158,,,,,
J0006,10,0.09,"3,920",0.05,820.03,800.94,398.07,196,,,,,
J0007,10,0.13,"1,710",0.10,"1,190.18","1,075.56",496.46,171,,,,,
J0008,10,0.14,"2,467",0.06,"1,104.25",975.46,445.84,148,,,,,
J0009,10,0.14,"3,217",0.06,834.48,695.52,360.68,193,,,,,
J0010,10,0.16,"3,043",0.07,"1,041.76","1,114.13",429.13,213,,,,,
J0011,10,0.05,"22,400",0.01,"2,052.36","1,639.00",685.47,224,,,,,
J0012,10,0.06,"2,045",0.11,"1,215.56","1,106.59",431.89,225,,,,,
J0013,10,0.20,"1,500",0.12,812.84,914.16,363.72,180,,,,,
J0014,10,0.05,"1,756",0.09,"1,791.73","1,575.00",706.16,158,,,,,
J0019,10,0.07,"5,375",0.04,698.95,566.00,295.23,215,,,,,
J0022,10,0.16,"1,271",0.14,536.84,527.00,247.20,178,,,,,
J0023,10,0.08,540,0.43,550.18,483.00,258.38,232,,,,,
J0025,10,0.06,"2,483",0.06,910.88,693.00,358.06,149,,,,,
J0027,10,0.20,"2,900",0.07,594.84,625.00,338.94,203,,,,,
J0028,10,0.20,"1,730",0.10,321.92,318.00,157.31,173,,,,,
J0033,10,0.13,"1,323",0.13,402.37,392.67,197.85,172,,,,,
J0034,10,0.17,232,0.71,706.68,717.00,293.34,165,,,,,
J0037,10,0.27,"3,620",0.00,492.89,522.00,242.07,181,,,,,
J0039,10,0.22,975,0.16,671.90,625.00,244.21,156,,,,,
J0041,10,0.22,"1,531",0.13,618.61,639.68,321.28,199,,,,,
J0044,10,0.16,"1,081",0.16,399.96,361.00,189.90,173,,,,,
J0048,10,0.12,"3,020",0.00,318.74,335.00,180.00,151,,,,,
J0052,10,0.05,"6,233",0.03,746.33,699.00,374.75,187,,,,,
J0073,10,0.16,"1,269",0.13,342.87,333.00,136.99,165,,,,,
J0074,10,0.02,"1,350",0.12,363.59,351.00,150.87,162,,,,,
J0077,10,0.07,246,2.00,"1,101.29","1,040.13",435.69,491,,,,,
J0078,10,0.00,"4,280",0.00,"1,201.54",976.00,524.51,214,,,,,
J0079,10,0.28,"2,617",0.06,"1,115.80","1,468.61",645.54,157,,,,,
J0080,10,0.12,"2,500",0.06,712.89,709.00,346.74,150,,,,,
J0081,10,0.11,"23,400",0.01,897.59,820.00,434.85,234,,,,,
J0083,10,0.21,82,2.07,462.96,468.59,218.18,169,,,,,
J0085,10,0.21,"1,483",0.12,456.98,421.00,169.78,178,,,,,
J0088,10,0.15,"3,367",0.06,538.99,497.00,245.39,202,,,,,
J0090,10,0.11,980,0.15,707.35,665.00,330.59,147,,,,,
J0091,10,0.03,"2,150",0.08,459.02,344.00,170.18,172,,,,,
J0092,10,0.26,"2,340",0.10,993.19,"1,013.17",431.58,234,,,,,
J0094,10,0.05,"1,538",0.13,610.56,573.83,229.06,200,,,,,
J0095,10,0.22,184,0.96,524.15,613.24,288.05,177,,,,,
J0096,10,0.14,"2,112",0.08,697.80,630.68,334.05,169,,,,,
J0097,10,0.04,"3,900",0.00,615.26,514.38,220.54,195,,,,,
J0102,10,0.17,826,0.19,"1,305.67","1,186.00",630.81,157,,,,,
J0103,10,0.09,201,0.85,"1,593.30","1,338.00",560.54,171,,,,,
J0105,10,0.02,"9,450",0.02,"1,712.23","1,377.00",634.98,189,,,,,
J0106,10,0.20,545,0.31,"1,577.17","1,413.00",674.45,169,,,,,
J0108,10,0.13,"2,983",0.06,"1,189.60","1,105.60",603.30,179,,,,,
J0109,10,0.18,"1,570",0.10,"1,071.26","1,199.00",637.46,157,,,,,
J0110,10,0.06,"2,850",0.06,"1,040.35",826.00,443.75,171,,,,,
J0111,10,0.02,315,0.61,588.92,528.00,287.58,192,,,,,
J0113,10,0.29,"18,500",0.01,711.50,758.00,376.39,185,,,,,
J0114,10,0.01,"11,100",0.02,527.89,385.00,164.09,222,,,,,
J0116,10,0.19,"4,950",0.04,470.57,449.00,209.13,198,,,,,
J0117,10,0.09,"3,000",0.06,797.34,696.16,322.70,180,,,,,
J0118,10,0.10,"18,700",0.01,729.03,668.82,264.66,187,,,,,
J0119,10,0.28,"1,917",0.12,625.92,738.26,374.76,230,,,,,
J0121,10,0.01,"4,075",0.04,349.71,301.00,130.32,163,,,,,
J0122,10,0.22,514,0.29,413.97,417.00,175.79,149,,,,,
J0123,10,0.23,"1,521",0.14,324.52,321.00,164.06,213,,,,,
J0124,10,0.09,534,0.29,879.49,750.67,403.04,155,,,,,
J0126,10,0.01,"1,610",0.10,433.88,391.50,196.04,161,,,,,
J0127,10,0.26,"2,800",0.07,"1,073.26","1,186.00",619.79,196,,,,,
J0131,10,0.16,"3,900",0.00,375.43,336.79,148.97,195,,,,,
J0134,10,0.23,"15,300",0.01,636.05,679.03,351.93,153,,,,,
J0136,10,0.01,"9,200",0.02,696.05,568.00,260.32,184,,,,,
J0137,10,0.28,"2,850",0.06,685.19,721.00,297.58,171,,,,,
J0139,10,0.14,"1,536",0.11,418.78,380.00,188.46,169,,,,,
J0142,10,0.09,448,0.33,430.01,396.00,189.05,148,,,,,
J0145,10,0.13,"3,363",0.19,584.77,493.00,199.01,639,,,,,
J0147,10,0.04,557,0.35,608.45,572.59,314.25,195,,,,,
J0148,10,0.27,"1,700",0.13,535.06,524.13,242.76,221,,,,,
J0150,10,0.21,"1,889",0.09,286.74,332.50,170.32,170,,,,,
J0151,10,0.22,"1,600",0.12,392.61,477.00,252.63,192,,,,,
J0152,10,0.08,679,0.24,"1,564.48","1,249.00",615.26,163,,,,,
J0153,10,0.09,189,0.79,518.31,501.50,195.44,149,,,,,
J0157,10,0.19,279,0.67,922.06,872.03,375.40,187,,,,,
J0158,10,0.17,"16,900",0.01,"1,149.72","1,038.50",506.98,169,,,,,
J0159,10,0.06,"1,393",0.14,897.61,707.00,272.05,195,,,,,
J0162,10,0.16,"1,644",0.09,"1,172.36",999.00,465.00,148,,,,,
J0163,10,0.00,"2,156",0.09,"1,151.76",999.00,498.35,194,,,,,
J0164,10,0.28,"1,454",0.13,410.57,439.12,220.25,189,,,,,
J0167,10,0.30,906,0.18,240.43,315.00,146.33,163,,,,,
J0172,10,0.04,"5,400",0.03,834.48,729.00,366.42,162,,,,,
J0176,10,0.04,237,0.76,624.48,483.00,245.98,180,,,,,
J0179,10,0.03,"1,918",0.11,795.75,696.00,324.89,211,,,,,
J0180,10,0.05,"8,100",0.02,624.48,523.00,233.62,162,,,,,
J0181,10,0.04,630,0.27,536.25,455.50,174.20,170,,,,,
J0184,10,0.25,"1,475",0.12,368.47,385.00,167.76,177,,,,,
J0187,10,0.29,"2,025",0.08,555.83,563.00,236.76,162,,,,,
J0190,10,0.02,"2,311",0.09,446.50,426.00,181.56,208,,,,,
J0192,10,0.28,"5,633",0.03,316.12,351.00,171.10,169,,,,,
J0194,10,0.27,159,1.24,813.29,824.00,402.63,197,,,,,
J0197,10,0.29,"1,088",0.17,751.79,869.00,384.36,185,,,,,
J0198,10,0.03,"2,133",0.09,863.30,826.00,379.07,192,,,,,
J0199,10,0.14,"1,778",0.09,526.22,491.00,262.51,160,,,,,
J0201,10,0.05,483,0.30,962.78,869.00,354.55,145,,,,,
J0202,10,0.01,"9,400",0.02,675.59,618.00,306.20,188,,,,,
J0203,10,0.20,"4,150",0.04,806.14,748.00,387.68,166,,,,,
J0204,10,0.22,"1,143",0.14,998.89,"1,039.00",564.25,160,,,,,
J0205,10,0.14,"17,700",0.01,571.83,483.00,217.13,177,,,,,
J0207,10,0.05,"2,400",0.08,"1,508.98","1,192.40",518.47,192,,,,,
J0208,10,0.10,"2,089",0.09,922.49,793.00,433.91,188,,,,,
J0209,10,0.13,593,0.27,"1,124.57","1,229.00",568.96,160,,,,,
J0210,10,0.16,"1,292",0.12,"1,075.70","1,067.40",545.97,155,,,,,
J0212,10,0.29,"17,400",0.01,654.93,824.25,428.90,174,,,,,
J0213,10,0.07,"2,838",0.08,973.98,765.13,330.95,227,,,,,
J0215,10,0.20,300,0.65,645.33,726.00,283.69,195,,,,,
J0216,10,0.06,812,0.26,751.59,695.20,366.11,211,,,,,
J0217,10,0.01,"4,380",0.05,"1,071.14",879.00,432.48,219,,,,,
J0219,10,0.18,659,0.32,743.65,794.00,421.38,211,,,,,
J0220,10,0.10,"9,200",0.02,878.65,869.00,341.35,184,,,,,
J0225,10,0.20,"3,820",0.05,"1,293.95","1,284.00",608.87,191,,,,,
J0228,10,0.13,"1,250",0.16,"1,552.69","1,650.78",835.54,200,,,,,
J0230,10,0.02,63,2.41,"1,193.89","1,138.17",467.87,152,,,,,
J0231,10,0.24,"1,325",0.12,"1,060.50","1,182.25",538.65,159,,,,,
J0232,10,0.09,"1,791",0.11,"1,420.85","1,199.00",551.49,197,,,,,
J0233,10,0.24,"1,622",0.09,"1,228.31","1,299.00",661.04,146,,,,,
J0234,10,0.03,550,0.32,"1,321.97","1,137.60",607.67,176,,,,,
J0236,10,0.24,"1,800",0.09,752.56,793.43,314.93,162,,,,,
J0237,10,0.04,"2,114",0.07,"1,548.05","1,369.00",605.61,148,,,,,
J0238,10,0.27,"4,380",0.00,"2,332.83","2,319.64","1,142.11",219,,,,,
J0239,10,0.01,"3,340",0.00,"1,355.97","1,281.00",628.50,167,,,,,
J0240,10,0.24,606,0.36,"1,556.56","1,593.00",679.55,218,,,,,
J0242,10,0.15,"2,257",0.07,"1,272.26","1,099.00",438.72,158,,,,,
J0243,10,0.01,"1,169",0.16,907.47,688.50,287.39,187,,,,,
J0244,10,0.23,"2,917",0.06,982.95,"1,145.49",505.00,175,,,,,
J0245,10,0.14,"1,175",0.16,"1,124.02","1,133.00",606.94,188,,,,,
J0246,10,0.22,"4,320",0.05,"1,169.00","1,152.00",580.01,216,,,,,
J0248,10,0.18,"20,500",0.01,604.76,683.20,271.40,205,,,,,
J0249,10,0.24,"1,678",0.09,952.10,939.00,419.65,151,,,,,
J0250,10,0.19,"3,675",0.04,764.37,725.00,370.32,147,,,,,
J0251,10,0.28,"2,371",0.07,681.40,725.00,381.89,166,,,,,
J0252,10,0.30,"3,020",0.05,682.84,899.00,493.04,151,,,,,
J0254,10,0.10,53,4.27,878.32,750.00,399.56,226,,,,,
J0277,10,0.20,874,0.19,"1,222.14","1,186.14",518.59,166,,,,,
J0279,10,0.07,"1,433",0.12,"1,116.03",895.00,374.95,172,,,,,
J0280,10,0.17,"15,100",0.01,"1,144.51","1,295.30",677.01,151,,,,,
J0281,10,0.24,"2,386",0.07,932.08,"1,159.09",529.37,167,,,,,
J0282,10,0.21,960,0.20,931.70,999.00,431.95,192,,,,,
J0283,10,0.19,"21,000",0.01,913.34,"1,023.14",449.33,210,,,,,
J0285,10,0.12,53,3.30,"1,444.94","1,318.40",565.50,175,,,,,
J0291,10,0.05,"1,200",0.14,"1,557.81","1,196.00",464.60,168,,,,,
J0295,10,0.27,320,0.55,"1,010.37","1,166.00",472.97,176,,,,,
J0298,10,0.18,"1,509",0.11,677.55,614.00,278.38,166,,,,,
J0300,10,0.12,"1,018",0.17,324.35,351.00,171.11,173,,,,,
J0301,10,0.13,"3,140",0.00,638.69,661.98,334.24,157,,,,,
J0305,10,0.22,"2,814",0.07,603.93,730.00,352.72,197,,,,,
J0306,10,0.12,350,0.56,"1,042.22","1,016.73",405.02,196,,,,,
J0307,10,0.20,"1,740",0.10,797.74,729.00,379.07,174,,,,,
J0308,10,0.14,585,0.34,819.39,879.00,389.14,199,,,,,
J0314,10,0.00,"1,179",0.14,960.57,761.00,289.55,165,,,,,
J0319,10,0.03,"1,043",0.14,"1,020.62",871.00,404.62,146,,,,,
J0328,10,0.30,"2,056",0.09,852.03,883.00,399.05,185,,,,,
J0330,10,0.09,"1,730",0.10,571.85,575.00,297.16,173,,,,,
J0331,10,0.26,"3,680",0.00,692.15,832.00,355.42,184,,,,,
J0332,10,0.03,281,0.70,823.41,800.57,402.10,197,,,,,
J0333,10,0.21,"3,083",0.06,"1,166.91","1,229.00",670.87,185,,,,,
J0334,10,0.09,"3,925",0.04,839.89,804.50,354.20,157,,,,,
J0335,10,0.04,"1,020",0.20,"1,623.82","1,248.82",649.25,204,,,,,
J0336,10,0.24,"1,660",0.10,887.00,925.00,360.86,166,,,,,
J0337,10,0.12,"2,044",0.09,698.73,627.71,243.45,184,,,,,
J0338,10,0.24,761,0.23,"1,011.20","1,076.33",424.58,175,,,,,
J0339,10,0.29,"2,089",0.09,793.98,"1,033.39",503.34,188,,,,,
J0340,10,0.04,"2,229",0.07,988.82,854.25,467.59,156,,,,,
J0341,10,0.30,"3,140",0.05,"1,075.84","1,097.93",430.59,157,,,,,
J0342,10,0.05,"1,279",0.14,"1,120.91",879.00,419.47,179,,,,,
J0343,10,0.22,"1,855",0.11,"1,180.34","1,110.47",428.27,204,,,,,
J0344,10,0.23,"2,650",0.06,747.29,725.27,280.09,159,,,,,
J0345,10,0.03,383,0.53,503.56,478.00,193.58,203,,,,,
J0346,10,0.13,755,0.22,427.50,435.00,217.48,166,,,,,
J0347,10,0.15,"10,200",0.02,535.16,599.00,290.24,204,,,,,
J0348,10,0.13,"1,558",0.12,400.69,398.33,161.45,187,,,,,
J0349,10,0.22,911,0.19,692.89,816.47,405.07,173,,,,,
J0350,10,0.25,"2,144",0.09,405.27,444.57,231.70,193,,,,,
J0351,10,0.21,"2,078",0.09,813.38,800.00,364.28,187,,,,,
J0352,10,0.26,"3,725",0.04,668.33,666.00,260.31,149,,,,,
J0353,10,0.08,"1,344",0.16,766.60,635.00,274.11,215,,,,,
J0354,10,0.26,523,0.30,647.76,635.00,287.71,157,,,,,
J0355,10,0.10,"1,309",0.11,592.72,616.14,328.70,144,,,,,
J0369,10,0.07,348,0.54,808.15,824.25,367.16,188,,,,,
J0370,10,0.17,"5,967",0.03,995.55,936.00,357.26,179,,,,,
J0371,10,0.21,750,0.22,974.99,"1,072.00",564.07,165,,,,,
J0372,10,0.26,"1,323",0.13,900.80,"1,069.00",493.75,172,,,,,
J0373,10,0.07,"3,875",0.04,458.35,422.75,169.46,155,,,,,
J0374,10,0.15,"1,744",0.09,597.28,614.00,249.52,157,,,,,
J0375,10,0.05,"3,120",0.00,583.19,499.50,211.82,156,,,,,
J0376,10,0.27,"3,750",0.04,906.21,"1,031.00",444.88,150,,,,,
J0377,10,0.05,"1,756",0.09,"1,131.68",969.00,417.23,158,,,,,
J0378,10,0.22,"2,067",0.09,"1,149.04","1,146.00",560.26,186,,,,,
J0379,10,0.06,"1,955",0.11,"1,418.40","1,272.83",636.53,215,,,,,
J0380,10,0.09,540,0.30,"1,489.11","1,438.00",593.04,162,,,,,
J0381,10,0.27,"1,462",0.13,998.26,"1,234.00",508.75,190,,,,,
J0382,10,0.15,"2,450",0.08,"1,262.64","1,267.11",510.14,196,,,,,
J0385,10,0.12,"3,717",0.06,"1,020.15",885.18,394.01,223,,,,,
J0386,10,0.22,117,1.32,991.74,967.00,461.79,155,,,,,
J0389,10,0.06,"18,400",0.01,"1,115.93",925.00,354.46,184,,,,,
J0390,10,0.11,"1,394",0.16,875.43,869.00,385.44,223,,,,,
J0391,10,0.05,"1,508",0.13,"1,140.54",956.00,504.47,196,,,,,
J0395,10,0.01,"7,067",0.03,"1,479.74","1,196.00",472.12,212,,,,,
J0396,10,0.08,"3,240",0.05,"1,319.39","1,176.00",544.57,162,,,,,
J0397,10,0.08,359,0.59,"1,066.12",932.67,433.45,212,,,,,
J0399,10,0.05,558,0.33,"1,257.72","1,083.29",476.11,184,,,,,
J0400,10,0.25,"1,133",0.15,"1,056.29","1,128.60",486.05,170,,,,,
J0401,10,0.04,"4,380",0.05,"1,458.14","1,168.00",484.39,219,,,,,
J0402,10,0.11,"16,900",0.01,"1,088.52","1,123.75",582.70,169,,,,,
J0413,10,0.01,"1,950",0.10,"1,085.16",835.22,428.07,195,,,,,
J0414,10,0.07,"19,100",0.01,"1,192.21","1,168.00",465.68,191,,,,,
J0415,10,0.11,935,0.20,"1,118.70","1,171.10",576.82,187,,,,,
J0416,10,0.28,"3,720",0.05,"1,119.45","1,117.25",543.15,186,,,,,
J0417,10,0.10,"8,450",0.02,"1,369.85","1,099.00",475.64,169,,,,,
J0418,10,0.16,"18,600",0.01,934.86,"1,039.00",408.80,186,,,,,
J0419,10,0.10,"1,045",0.20,"1,192.00","1,099.00",486.41,209,,,,,
JNE09209,10,0.28,"10,950",0.02,"1,002.06","1,248.00",571.43,219,,,,,
JNE09210,10,0.14,"9,000",0.02,"1,309.26","1,248.00",612.12,180,,,,,
JNE1233,10,0.27,745,0.22,365.04,373.02,202.88,164,,,,,
JNE1234,10,0.10,"2,671",0.07,374.58,301.00,141.73,187,,,,,
JNE1408,10,0.07,919,0.16,356.07,301.00,137.78,147,,,,,
JNE1525,10,0.21,"3,875",0.04,279.13,301.00,150.89,155,,,,,
JNE1906,10,0.26,"4,700",0.04,350.91,376.00,169.03,188,,,,,
JNE1951,10,0.12,307,0.58,375.40,368.00,200.49,178,,,,,
JNE1977,10,0.09,800,0.23,374.83,301.00,163.64,184,,,,,
JNE1998,10,0.01,"2,512",0.08,403.67,301.00,123.46,201,,,,,
JNE2009,10,0.10,"1,689",0.09,269.90,240.80,117.70,152,,,,,
JNE2014,10,0.15,"7,050",0.02,349.49,353.33,186.70,141,,,,,
JNE2032,10,0.19,"5,600",0.03,281.04,301.00,138.83,168,,,,,
JNE2049,10,0.20,"2,543",0.07,344.84,406.00,170.16,178,,,,,
JNE2086,10,0.17,"1,223",0.13,774.84,699.00,358.80,159,,,,,
JNE2100,10,0.04,"4,275",0.04,435.91,376.00,166.98,171,,,,,
JNE2101,10,0.14,"1,041",0.17,301.26,301.00,161.18,177,,,,,
JNE2113,10,0.29,"3,960",0.00,420.18,487.12,263.64,198,,,,,
JNE2131,10,0.00,867,0.18,800.60,599.00,264.89,156,,,,,
JNE2132,10,0.13,"2,960",0.05,498.56,524.00,240.87,148,,,,,
JNE2153,10,0.26,883,0.24,421.62,421.98,193.31,212,,,,,
JNE2171,10,0.26,"2,362",0.08,523.45,518.55,221.19,189,,,,,
JNE2199,10,0.26,"6,000",0.03,270.63,264.75,101.69,180,,,,,
JNE2205,10,0.23,"8,500",0.02,304.90,333.00,153.92,170,,,,,
JNE2251,10,0.09,"4,000",0.00,408.84,399.00,197.54,200,,,,,
JNE2265,10,0.27,"2,820",0.05,274.10,318.00,160.26,141,,,,,
JNE2266,10,0.13,"1,400",0.10,354.19,349.00,165.91,140,,,,,
JNE2270,10,0.26,"1,355",0.11,426.12,518.00,277.99,149,,,,,
JNE2291,10,0.21,"3,033",0.06,375.03,376.00,205.18,182,,,,,
JNE2294,10,0.16,822,0.23,556.04,544.00,225.70,189,,,,,
JNE2305,10,0.23,"17,900",0.01,430.89,413.60,159.79,179,,,,,
JNE2307,10,0.29,"1,685",0.13,226.80,301.00,128.08,219,,,,,
JNE3030,10,0.23,126,1.44,722.77,736.00,300.20,182,,,,,
JNE3042,10,0.17,"5,633",0.03,313.37,286.67,123.75,169,,,,,
JNE3068,10,0.23,"1,767",0.09,705.17,696.00,362.30,159,,,,,
JNE3160,10,0.01,"3,240",0.05,991.53,736.36,385.42,162,,,,,
JNE3225,10,0.28,944,0.16,327.96,349.00,144.10,151,,,,,
JNE3234,10,0.08,352,0.48,871.42,689.00,371.88,169,,,,,
JNE3252,10,0.09,"2,112",0.08,499.94,471.00,239.01,169,,,,,
JNE3255,10,0.04,"3,500",0.00,573.24,487.00,222.38,175,,,,,
JNE3256,10,0.13,740,0.20,441.64,481.20,206.20,148,,,,,
JNE3261,10,0.25,"1,144",0.16,296.79,376.00,164.60,183,,,,,
JNE3265,10,0.08,"5,300",0.03,316.70,303.55,152.50,159,,,,,
JNE3270,10,0.17,"3,071",0.07,338.69,376.00,145.77,215,,,,,
JNE3273,10,0.10,726,0.19,487.81,475.00,201.66,138,,,,,
JNE3284,10,0.11,606,0.31,320.65,324.00,171.74,188,,,,,
JNE3288,10,0.25,"14,000",0.01,333.89,420.00,201.04,140,,,,,
JNE3291,10,0.26,51,2.87,481.41,475.47,241.48,145,,,,,
JNE3294,10,0.08,"4,125",0.04,418.24,431.78,211.35,165,,,,,
JNE3296,10,0.20,"9,100",0.02,450.87,431.00,186.33,182,,,,,
JNE3313,10,0.04,"9,900",0.02,616.41,582.00,318.68,198,,,,,
JNE3334,10,0.19,"1,570",0.10,349.90,315.48,171.04,157,,,,,
JNE3336,10,0.06,593,0.28,422.64,330.00,133.86,166,,,,,
JNE3348,10,0.17,"5,325",0.04,460.67,434.00,235.70,213,,,,,
JNE3359,10,0.11,631,0.26,446.12,390.00,207.41,164,,,,,
JNE3363,10,0.14,"6,100",0.03,339.57,375.38,190.53,183,,,,,
JNE3364,10,0.01,917,0.18,519.17,376.00,152.12,165,,,,,
JNE3365,10,0.19,"2,633",0.06,410.55,373.44,160.72,158,,,,,
JNE3366,10,0.21,"16,400",0.01,416.52,386.74,181.53,164,,,,,
JNE3368,10,0.08,790,0.20,531.84,451.38,240.75,158,,,,,
JNE3369,10,0.20,"7,500",0.02,367.75,392.67,183.15,150,,,,,
JNE3370,10,0.01,"3,383",0.06,411.49,305.00,116.59,203,,,,,
JNE3371,10,0.08,73,2.19,349.40,329.67,154.78,159,,,,,
JNE3373,10,0.01,"4,260",0.05,463.91,375.80,195.62,213,,,,,
JNE3376,10,0.10,"1,060",0.20,421.81,432.00,205.74,212,,,,,
JNE3384,10,0.24,"1,442",0.12,314.02,301.00,134.04,173,,,,,
JNE3391,10,0.17,"2,438",0.08,394.15,432.00,234.27,195,,,,,
JNE3394,10,0.22,"1,358",0.12,351.28,399.00,204.45,163,,,,,
JNE3395,10,0.09,"1,129",0.14,377.38,333.00,160.72,158,,,,,
JNE3396,10,0.19,"1,084",0.19,496.28,465.06,226.17,206,,,,,
JNE3398,10,0.27,"3,600",0.05,278.35,301.00,133.52,180,,,,,
JNE3399,10,0.23,72,2.83,373.82,429.15,199.33,203,,,,,
JNE3400,10,0.14,961,0.18,414.61,459.00,185.62,173,,,,,
JNE3401,10,0.21,"2,883",0.06,312.69,301.00,131.84,173,,,,,
JNE3403,10,0.24,"7,500",0.02,422.97,399.00,208.40,150,,,,,
JNE3404,10,0.18,"1,527",0.11,565.31,517.00,278.15,168,,,,,
JNE3405,10,0.23,"2,720",0.00,375.97,403.17,177.71,136,,,,,
JNE3407,10,0.24,469,0.29,305.12,293.84,160.28,136,,,,,
JNE3408,10,0.09,"3,300",0.05,469.17,432.00,194.58,165,,,,,
JNE3412,10,0.23,"3,750",0.04,413.24,435.00,169.72,150,,,,,
JNE3417,10,0.29,"2,120",0.10,296.37,343.00,174.24,212,,,,,
JNE3421,10,0.20,"2,933",0.06,417.70,432.70,190.66,176,,,,,
JNE3423,10,0.27,"15,500",0.01,419.58,435.00,198.90,155,,,,,
JNE3425,10,0.09,"2,517",0.06,374.05,333.00,129.85,151,,,,,
JNE3426,10,0.09,"1,911",0.09,351.77,333.00,127.24,172,,,,,
JNE3431,10,0.21,"3,750",0.04,314.28,348.86,180.26,150,,,,,
JNE3432,10,0.16,"1,591",0.11,385.82,432.00,168.27,175,,,,,
JNE3434,10,0.29,458,0.45,201.01,225.75,121.50,206,,,,,
JNE3435,10,0.02,"4,933",0.03,539.54,487.00,264.59,148,,,,,
JNE3437,10,0.30,"1,930",0.10,379.70,492.29,269.23,193,,,,,
JNE3438,10,0.21,"7,167",0.03,441.64,437.14,233.41,215,,,,,
JNE3439,10,0.07,"7,400",0.02,521.23,435.00,188.74,148,,,,,
JNE3440,10,0.09,"7,500",0.02,488.90,409.10,220.05,150,,,,,
JNE3443,10,0.15,"1,580",0.10,538.88,517.00,256.32,158,,,,,
JNE3445,10,0.11,"2,980",0.00,576.67,475.41,193.19,149,,,,,
JNE3446,10,0.13,78,1.90,360.78,301.00,164.36,148,,,,,
JNE3447,10,0.27,"7,850",0.02,292.81,301.00,123.87,157,,,,,
JNE3449,10,0.26,"2,750",0.06,283.43,301.00,151.13,165,,,,,
JNE3451,10,0.07,"18,000",0.01,389.28,362.00,191.83,180,,,,,
JNE3452,10,0.07,"1,236",0.14,390.23,301.00,129.90,173,,,,,
JNE3454,10,0.03,"2,286",0.07,483.53,435.00,192.74,160,,,,,
JNE3457,10,0.07,"3,300",0.00,415.94,399.00,159.93,165,,,,,
JNE3458,10,0.28,"9,000",0.02,328.19,378.35,160.82,180,,,,,
JNE3459,10,0.09,"1,480",0.10,388.05,398.57,156.52,148,,,,,
JNE3461,10,0.03,186,0.86,538.93,399.00,164.95,160,,,,,
JNE3463,10,0.04,838,0.24,655.31,543.50,272.87,201,,,,,
JNE3465,10,0.23,"1,633",0.09,470.90,491.24,255.37,147,,,,,
JNE3466,10,0.05,"1,736",0.11,937.19,771.00,325.67,191,,,,,
JNE3467,10,0.23,"3,525",0.04,325.14,345.00,158.26,141,,,,,
JNE3468,10,0.15,"5,167",0.03,330.34,366.21,151.19,155,,,,,
JNE3470,10,0.29,"1,711",0.09,265.91,296.22,113.04,154,,,,,
JNE3471,10,0.03,"1,033",0.15,375.23,297.42,142.72,155,,,,,
JNE3472,10,0.18,829,0.17,312.81,319.00,155.28,141,,,,,
JNE3473,10,0.28,"15,600",0.01,461.11,487.00,203.57,156,,,,,
JNE3476,10,0.14,"2,114",0.07,386.41,397.81,160.74,148,,,,,
JNE3479,10,0.04,955,0.20,325.79,301.00,143.60,191,,,,,
JNE3482,10,0.02,160,1.12,344.83,318.00,134.11,179,,,,,
JNE3483,10,0.07,"1,100",0.14,397.33,362.00,164.15,154,,,,,
JNE3484,10,0.21,900,0.15,328.83,309.14,164.60,135,,,,,
JNE3485,10,0.16,"3,725",0.04,516.56,459.00,236.80,149,,,,,
JNE3486,10,0.24,541,0.34,413.02,459.00,207.19,184,,,,,
JNE3487,10,0.13,"1,489",0.09,375.79,343.85,136.36,134,,,,,
JNE3489,10,0.28,"14,800",0.01,456.63,487.00,192.06,148,,,,,
JNE3491,10,0.02,87,2.23,388.00,349.00,142.92,194,,,,,
JNE3500,10,0.00,"1,962",0.08,379.76,342.48,169.73,157,,,,,
JNE3501,10,0.19,"5,000",0.04,427.91,380.00,151.15,200,,,,,
JNE3504,10,0.27,"3,200",0.05,424.25,459.00,251.60,160,,,,,
JNE3506,10,0.06,"2,617",0.06,806.89,616.00,243.99,157,,,,,
JNE3510,10,0.06,"2,850",0.06,503.48,458.50,245.06,171,,,,,
JNE3515,10,0.22,373,0.56,464.02,459.00,227.53,209,,,,,
JNE3516,10,0.18,317,0.48,319.09,345.00,134.03,152,,,,,
JNE3518,10,0.15,"1,257",0.14,432.71,446.00,173.22,176,,,,,
JNE3520,10,0.05,620,0.25,489.27,419.00,194.91,155,,,,,
JNE3522,10,0.21,"1,567",0.09,298.31,325.00,147.07,141,,,,,
JNE3526,10,0.21,"1,650",0.08,263.63,301.00,133.92,132,,,,,
JNE3530,10,0.12,950,0.14,334.65,333.00,166.55,133,,,,,
JNE3531,10,0.03,"16,200",0.01,334.96,325.00,160.59,162,,,,,
JNE3534,10,0.24,100,1.41,316.43,321.13,135.55,141,,,,,
JNE3535,10,0.13,"2,040",0.10,462.56,435.00,236.74,204,,,,,
JNE3537,10,0.08,"3,560",0.05,365.66,367.00,152.46,178,,,,,
JNE3539,10,0.19,"3,440",0.00,289.66,322.15,172.18,172,,,,,
JNE3542,10,0.30,"4,275",0.04,253.12,333.00,179.89,171,,,,,
JNE3543,10,0.23,"1,689",0.09,346.92,356.33,162.69,152,,,,,
JNE3545,10,0.06,"2,817",0.06,323.72,318.00,126.91,169,,,,,
JNE3546,10,0.12,"2,300",0.09,541.40,468.21,229.58,207,,,,,
JNE3548,10,0.08,220,0.82,502.84,517.00,271.78,180,,,,,
JNE3549,10,0.03,817,0.18,350.81,318.00,133.73,147,,,,,
JNE3553,10,0.19,"3,300",0.04,570.25,517.00,275.46,132,,,,,
JNE3554,10,0.21,609,0.34,455.63,443.14,237.39,207,,,,,
JNE3555,10,0.17,"1,093",0.14,434.74,487.00,210.11,153,,,,,
JNE3556,10,0.04,210,0.97,663.78,517.00,222.74,204,,,,,
JNE3559,10,0.25,486,0.37,446.54,487.00,191.32,180,,,,,
JNE3560,10,0.17,"3,033",0.06,606.76,542.96,291.91,182,,,,,
JNE3562,10,0.11,"1,800",0.08,533.90,476.00,195.30,144,,,,,
JNE3563,10,0.24,"15,400",0.01,445.61,455.00,195.62,154,,,,,
JNE3564,10,0.23,400,0.43,428.84,398.45,213.64,172,,,,,
JNE3565,10,0.26,"1,309",0.11,266.22,318.00,170.31,144,,,,,
JNE3566,10,0.21,"2,700",0.06,245.83,245.33,94.43,162,,,,,
JNE3567,10,0.07,"2,071",0.07,434.07,385.38,147.32,145,,,,,
JNE3568,10,0.05,971,0.17,435.43,430.86,209.56,165,,,,,
JNE3571,10,0.07,"1,727",0.11,477.85,487.00,200.56,190,,,,,
JNE3573,10,0.20,715,0.20,332.76,381.00,148.20,143,,,,,
JNE3576,10,0.20,"8,700",0.02,497.59,487.00,236.70,174,,,,,
JNE3578,10,0.29,"2,150",0.08,361.67,408.00,170.50,172,,,,,
JNE3579,10,0.25,"1,862",0.08,280.77,301.00,136.98,149,,,,,
JNE3581,10,0.25,"1,133",0.15,505.37,635.00,303.46,170,,,,,
JNE3601,10,0.25,"3,950",0.04,273.43,300.25,116.94,158,,,,,
JNE3602,10,0.08,"15,700",0.01,475.16,376.00,148.87,157,,,,,
JNE3603,10,0.07,"2,786",0.07,326.54,295.27,138.59,195,,,,,
JNE3605,10,0.19,580,0.25,531.30,517.00,274.58,145,,,,,
JNE3606,10,0.21,767,0.18,339.32,324.67,151.38,138,,,,,
JNE3607,10,0.17,"2,600",0.06,517.74,471.00,258.14,156,,,,,
JNE3608,10,0.26,"1,044",0.18,314.47,345.00,162.26,188,,,,,
JNE3609,10,0.21,558,0.33,750.16,703.24,380.05,184,,,,,
JNE3610,10,0.30,932,0.19,250.10,301.00,159.47,177,,,,,
JNE3611,10,0.15,"1,215",0.13,513.63,443.97,235.31,158,,,,,
JNE3612,10,0.24,"1,625",0.08,327.52,380.00,167.06,130,,,,,
JNE3613,10,0.18,"4,567",0.03,375.63,399.00,168.85,137,,,,,
JNE3614,10,0.25,"1,564",0.11,347.74,433.90,195.61,172,,,,,
JNE3615,10,0.23,"3,850",0.04,307.90,301.00,116.32,154,,,,,
JNE3616,10,0.20,478,0.32,306.17,320.00,155.61,153,,,,,
JNE3617,10,0.18,"2,683",0.06,278.95,301.00,150.93,161,,,,,
JNE3618,10,0.05,867,0.15,380.25,353.87,142.37,130,,,,,
JNE3619,10,0.21,"2,671",0.07,316.80,293.67,150.36,187,,,,,
JNE3620,10,0.25,583,0.24,327.08,325.00,125.53,140,,,,,
JNE3621,10,0.27,"8,700",0.02,413.11,455.00,249.31,174,,,,,
JNE3625,10,0.29,"2,100",0.07,464.92,517.38,238.15,147,,,,,
JNE3627,10,0.19,"2,429",0.07,313.22,318.00,121.22,170,,,,,
JNE3629,10,0.27,"1,500",0.11,432.42,499.00,227.47,165,,,,,
JNE3630,10,0.16,66,3.08,460.30,399.86,154.03,204,,,,,
JNE3631,10,0.01,"18,300",0.01,540.43,499.00,218.93,183,,,,,
JNE3633,10,0.27,"3,183",0.06,381.55,436.85,201.42,191,,,,,
JNE3634,10,0.02,"1,193",0.14,595.06,518.71,229.79,167,,,,,
JNE3635,10,0.07,"1,273",0.11,375.75,330.00,142.47,140,,,,,
JNE3636,10,0.29,587,0.23,394.38,459.00,216.98,135,,,,,
JNE3637,10,0.18,"2,243",0.07,503.95,499.00,221.21,157,,,,,
JNE3638,10,0.06,"3,140",0.05,534.08,517.00,232.99,157,,,,,
JNE3639,10,0.02,"16,700",0.01,706.59,586.38,232.68,167,,,,,
JNE3640,10,0.24,"1,133",0.12,512.32,594.00,322.11,136,,,,,
JNE3641,10,0.24,604,0.23,377.78,446.00,224.00,139,,,,,
JNE3642,10,0.23,500,0.28,332.04,402.00,156.15,140,,,,,
JNE3645,10,0.00,503,0.32,843.94,640.84,284.90,161,,,,,
JNE3648,10,0.22,995,0.19,511.59,546.75,283.23,189,,,,,
JNE3651,10,0.02,"1,077",0.13,906.83,729.00,343.48,140,,,,,
JNE3652,10,0.12,"12,700",0.01,0.00,0.00,0.00,127,,,,,
JNE3654,10,0.09,"1,386",0.14,530.93,453.07,243.20,194,,,,,
JNE3655,10,0.08,"3,840",0.05,430.24,385.00,147.98,192,,,,,
JNE3658,10,0.28,"8,550",0.02,380.77,446.00,204.65,171,,,,,
JNE3659,10,0.24,910,0.21,614.53,684.33,340.37,191,,,,,
JNE3662,10,0.02,"3,480",0.00,639.25,512.00,267.45,174,,,,,
JNE3663,10,0.29,973,0.15,387.33,446.00,176.23,146,,,,,
JNE3665,10,0.07,"1,736",0.11,710.89,567.40,232.73,191,,,,,
JNE3668,10,0.02,644,0.27,828.65,623.50,277.91,174,,,,,
JNE3670,10,0.29,"1,812",0.08,377.40,479.00,187.50,145,,,,,
JNE3671,10,0.18,659,0.29,653.02,725.50,292.21,191,,,,,
JNE3674,10,0.30,"1,814",0.07,709.78,798.00,387.83,127,,,,,
JNE3680,10,0.20,"1,762",0.08,719.14,778.00,377.52,141,,,,,
JNE3684,10,0.13,611,0.27,341.93,372.00,143.26,165,,,,,
JNE3686,10,0.10,313,0.53,656.56,536.00,218.07,166,,,,,
JNE3687,10,0.21,"1,843",0.07,681.67,764.00,311.32,129,,,,,
JNE3688,10,0.14,"1,283",0.12,988.75,836.00,393.19,154,,,,,
JNE3689,10,0.21,185,0.79,584.44,568.60,272.63,146,,,,,
JNE3690,10,0.17,"9,900",0.02,793.55,726.00,365.56,198,,,,,
JNE3691,10,0.15,811,0.18,892.24,936.80,506.26,146,,,,,
JNE3694,10,0.11,362,0.39,288.81,286.67,116.51,141,,,,,
JNE3697,10,0.01,641,0.22,592.57,485.67,184.58,141,,,,,
JNE3698,10,0.07,290,0.59,411.97,399.00,151.85,171,,,,,
JNE3701,10,0.00,453,0.36,385.25,333.00,139.62,163,,,,,
JNE3702,10,0.06,"2,800",0.05,354.26,324.19,126.23,140,,,,,
JNE3703,10,0.12,488,0.26,279.65,287.37,116.54,127,,,,,
JNE3704,10,0.03,"7,700",0.02,529.93,487.00,247.37,154,,,,,
JNE3706,10,0.04,"1,555",0.11,525.73,413.00,195.52,171,,,,,
JNE3707,10,0.12,"1,888",0.08,566.76,581.00,306.79,151,,,,,
JNE3709,10,0.07,"8,300",0.02,998.58,"1,013.00",452.76,166,,,,,
JNE3710,10,0.04,"4,025",0.04,"1,087.46",891.75,455.80,161,,,,,
JNE3712,10,0.20,162,1.22,811.58,729.00,317.71,198,,,,,
JNE3714,10,0.22,"1,108",0.12,442.89,487.00,238.20,133,,,,,
JNE3715,10,0.25,"5,500",0.03,246.41,301.00,159.74,165,,,,,
JNE3716,10,0.12,"5,367",0.03,458.38,416.83,181.67,161,,,,,
JNE3717,10,0.04,"1,100",0.12,395.07,301.00,138.93,132,,,,,
JNE3718,10,0.30,"15,200",0.01,430.29,464.13,194.33,152,,,,,
JNE3719,10,0.14,"1,327",0.11,435.06,399.00,184.17,146,,,,,
JNE3720,10,0.26,"6,267",0.03,443.90,517.00,209.45,188,,,,,
JNE3721,10,0.25,"1,800",0.10,279.41,300.52,137.09,180,,,,,
JNE3722,10,0.00,"1,270",0.10,325.66,301.00,136.85,127,,,,,
JNE3724,10,0.26,458,0.33,464.04,487.00,195.27,151,,,,,
JNE3725,10,0.19,"16,600",0.01,459.37,434.98,209.40,166,,,,,
JNE3726,10,0.12,950,0.14,403.01,330.00,173.98,133,,,,,
JNE3727,10,0.24,"2,167",0.06,455.31,525.00,286.18,130,,,,,
JNE3729,10,0.29,"1,300",0.12,249.78,333.00,148.03,156,,,,,
JNE3730,10,0.10,"3,120",0.05,334.72,299.70,148.58,156,,,,,
JNE3732,10,0.29,841,0.22,397.01,431.00,185.46,185,,,,,
JNE3733,10,0.20,"2,900",0.00,557.19,525.00,214.77,145,,,,,
JNE3734,10,0.06,56,2.90,362.30,344.80,173.62,163,,,,,
JNE3735,10,0.27,"2,067",0.09,315.52,378.61,194.53,186,,,,,
JNE3736,10,0.21,"1,418",0.11,387.52,399.00,216.94,156,,,,,
JNE3738,10,0.22,"16,500",0.01,332.42,365.59,192.60,165,,,,,
JNE3739,10,0.26,"1,208",0.12,476.34,476.40,260.84,145,,,,,
JNE3740,10,0.10,153,0.95,329.36,301.00,147.61,145,,,,,
JNE3741,10,0.24,"1,857",0.07,463.91,459.00,206.42,130,,,,,
JNE3742,10,0.25,"2,740",0.05,406.04,432.00,208.79,137,,,,,
JNE3743,10,0.20,"3,300",0.00,406.74,385.00,183.12,165,,,,,
JNE3744,10,0.13,"2,750",0.06,970.15,956.00,378.86,165,,,,,
JNE3745,10,0.20,"3,820",0.00,322.91,301.00,147.73,191,,,,,
JNE3748,10,0.09,"1,246",0.13,449.51,431.00,199.39,162,,,,,
JNE3749,10,0.09,853,0.19,515.80,456.69,190.34,162,,,,,
JNE3750,10,0.04,"3,660",0.05,587.47,544.00,244.06,183,,,,,
JNE3751,10,0.16,315,0.47,356.61,349.00,168.42,148,,,,,
JNE3752,10,0.08,"1,227",0.11,362.76,339.52,150.83,135,,,,,
JNE3753,10,0.03,735,0.20,526.80,475.00,191.61,147,,,,,
JNE3756,10,0.02,789,0.18,611.68,449.54,174.68,142,,,,,
JNE3757,10,0.22,"1,423",0.13,417.91,484.42,254.32,185,,,,,
JNE3758,10,0.29,"1,756",0.09,353.87,376.00,147.57,158,,,,,
JNE3759,10,0.11,"15,400",0.01,693.74,558.98,260.68,154,,,,,
JNE3760,10,0.13,"3,125",0.04,397.25,432.00,218.63,125,,,,,
JNE3761,10,0.05,"3,600",0.04,353.38,287.32,135.60,144,,,,,
JNE3762,10,0.24,675,0.20,275.16,318.00,121.92,135,,,,,
JNE3763,10,0.19,"4,575",0.04,395.65,459.00,214.01,183,,,,,
JNE3764,10,0.03,213,0.67,502.93,435.33,215.10,143,,,,,
JNE3765,10,0.17,"1,556",0.09,591.02,517.00,228.68,140,,,,,
JNE3766,10,0.01,"1,525",0.08,539.53,517.00,263.24,122,,,,,
JNE3768,10,0.28,"1,236",0.11,440.32,487.00,257.18,136,,,,,
JNE3769,10,0.17,"6,150",0.02,495.35,487.00,257.25,123,,,,,
JNE3770,10,0.17,"1,400",0.11,547.98,487.00,248.81,154,,,,,
JNE3771,10,0.19,60,2.91,302.51,346.00,181.37,174,,,,,
JNE3773,10,0.04,"2,580",0.05,372.33,301.00,158.45,129,,,,,
JNE3774,10,0.16,558,0.26,485.80,449.00,198.03,145,,,,,
JNE3775,10,0.24,"1,636",0.11,292.84,300.04,155.75,180,,,,,
JNE3776,10,0.09,"1,058",0.12,377.95,301.00,147.86,127,,,,,
JNE3777,10,0.15,"1,580",0.10,368.51,324.00,171.56,158,,,,,
JNE3778,10,0.13,"2,767",0.06,425.16,459.00,182.47,166,,,,,
JNE3779,10,0.15,852,0.21,357.30,346.00,162.42,179,,,,,
JNE3780,10,0.24,"1,838",0.08,293.75,325.00,127.26,147,,,,,
JNE3781,10,0.06,872,0.18,433.00,397.59,173.56,157,,,,,
JNE3782,10,0.17,935,0.20,545.42,544.00,283.26,187,,,,,
JNE3783,10,0.27,871,0.14,447.03,517.00,267.45,122,,,,,
JNE3784,10,0.25,"1,350",0.10,425.99,472.80,256.76,135,,,,,
JNE3785,10,0.29,"1,079",0.14,313.65,317.19,165.34,151,,,,,
JNE3786,10,0.07,"17,400",0.01,350.87,349.00,175.42,174,,,,,
JNE3787,10,0.06,810,0.20,591.01,458.00,238.12,162,,,,,
JNE3788,10,0.05,"2,600",0.06,563.55,487.00,261.48,156,,,,,
JNE3789,10,0.19,"2,471",0.07,500.31,487.00,260.51,173,,,,,
JNE3790,10,0.19,"5,767",0.03,325.73,299.98,158.84,173,,,,,
JNE3791,10,0.01,"1,069",0.13,464.60,399.00,188.20,139,,,,,
JNE3792,10,0.26,872,0.18,287.87,324.00,166.84,157,,,,,
JNE3793,10,0.26,"1,160",0.15,306.36,346.92,169.32,174,,,,,
JNE3794,10,0.27,"1,240",0.10,465.16,539.48,250.54,124,,,,,
JNE3795,10,0.15,"2,029",0.07,603.78,517.00,223.67,142,,,,,
JNE3796,10,0.15,"12,100",0.01,374.28,328.57,178.52,121,,,,,
JNE3797,10,0.23,"1,478",0.09,605.18,722.28,299.10,133,,,,,
JNE3798,10,0.19,239,0.74,632.45,717.76,318.15,177,,,,,
JNE3799,10,0.29,790,0.20,515.52,605.20,324.45,158,,,,,
JNE3800,10,0.06,"1,015",0.13,734.91,720.89,289.43,132,,,,,
JNE3801,10,0.29,"4,233",0.03,652.00,724.97,285.24,127,,,,,
JNE3802,10,0.02,"3,625",0.04,497.49,461.37,248.96,145,,,,,
JNE3803,10,0.29,140,1.32,426.28,487.00,244.93,185,,,,,
JNE3804,10,0.18,"2,640",0.00,420.32,487.00,201.10,132,,,,,
JNE3805,10,0.27,"1,162",0.13,412.68,487.00,205.90,151,,,,,
JNE3806,10,0.29,"2,567",0.06,498.01,545.00,282.65,154,,,,,
JNE3807,10,0.27,588,0.26,621.93,698.67,359.40,153,,,,,
JNE3810,10,0.16,860,0.15,630.28,538.88,262.45,129,,,,,
JNE3811,10,0.21,"2,760",0.05,507.74,474.00,204.59,138,,,,,
JNE3813,10,0.22,161,1.06,873.47,952.50,445.42,171,,,,,
JNE3817,10,0.04,"3,140",0.05,459.45,449.00,218.79,157,,,,,
JNE3818,10,0.27,"1,291",0.11,456.40,464.50,218.95,142,,,,,
JNE3820,10,0.26,"13,900",0.01,481.18,475.00,200.89,139,,,,,
JNE3822,10,0.04,"5,267",0.03,551.82,429.86,217.97,158,,,,,
JNE3823,10,0.01,461,0.28,540.83,499.00,213.94,129,,,,,
JNE3825,10,0.27,"2,520",0.05,458.64,449.00,178.62,126,,,,,
JNE3835,10,0.23,"4,833",0.03,584.87,666.00,354.17,145,,,,,
JNE3836,10,0.01,"7,050",0.02,820.72,636.00,301.43,141,,,,,
JNE3837,10,0.29,"2,383",0.06,517.62,533.00,244.89,143,,,,,
JNE3838,10,0.19,"3,740",0.05,340.17,370.83,188.67,187,,,,,
JNE3856,10,0.03,"13,200",0.01,883.68,666.00,335.82,132,,,,,
JNE3860,10,0.15,"1,038",0.13,602.47,611.91,297.30,135,,,,,
JNE3861,10,0.19,"1,510",0.10,"1,028.40",912.26,498.63,151,,,,,
JNE3862,10,0.26,"1,180",0.15,670.19,788.60,419.99,177,,,,,
JNE3863,10,0.17,"14,100",0.01,850.10,740.20,366.58,141,,,,,
JNE3864,10,0.18,583,0.24,732.64,836.00,429.75,140,,,,,
JNE3865,10,0.30,"2,250",0.08,545.02,599.73,296.46,180,,,,,
JNE3866,10,0.16,"2,840",0.05,781.95,753.00,398.82,142,,,,,
JNE3869,10,0.13,484,0.25,988.06,933.00,371.90,121,,,,,
JNE3870,10,0.23,199,0.69,840.93,968.00,434.72,137,,,,,
JNE3872,10,0.10,622,0.27,899.96,771.00,340.63,168,,,,,
JNE3875,10,0.11,880,0.20,595.37,599.00,232.62,176,,,,,
JNE3878,10,0.22,"18,500",0.01,386.16,398.14,173.01,185,,,,,
JNE3879,10,0.02,"1,670",0.10,888.60,796.33,331.15,167,,,,,
JNE3880,10,0.28,"4,233",0.03,755.59,758.00,352.67,127,,,,,
JNE3885,10,0.30,"1,200",0.15,390.30,526.00,241.27,180,,,,,
JNE3887,10,0.15,"6,050",0.02,500.71,526.00,236.82,121,,,,,
JNE3888,10,0.15,"1,250",0.12,667.36,691.86,362.75,150,,,,,
JNE3892,10,0.21,560,0.25,659.85,699.00,376.68,140,,,,,
JNE3893,10,0.12,900,0.15,813.47,817.00,440.43,135,,,,,
JNE3894,10,0.16,"1,185",0.13,950.33,925.84,459.59,154,,,,,
JNE3895,10,0.29,325,0.36,819.89,852.00,360.63,117,,,,,
JNE3898,10,0.25,"1,018",0.17,567.11,582.00,319.13,173,,,,,
JNE3902,10,0.18,"4,025",0.04,615.44,599.00,234.01,161,,,,,
JNE3904,10,0.21,257,0.65,685.12,802.14,382.22,167,,,,,
JNE3905,10,0.02,"1,527",0.11,"1,075.23",848.62,330.61,168,,,,,
JNE3907,10,0.05,867,0.21,862.27,819.00,428.24,182,,,,,
JNE3928,10,0.03,"1,282",0.11,723.19,562.59,269.28,141,,,,,
MEN5001,10,0.08,"2,433",0.06,685.47,655.00,312.18,146,,,,,
MEN5002,10,0.19,427,0.33,664.23,685.67,362.25,141,,,,,
MEN5003,10,0.14,"12,300",0.01,478.78,474.75,238.21,123,,,,,
MEN5004,10,0.07,"1,318",0.11,825.45,657.18,320.89,145,,,,,
MEN5005,10,0.03,"2,138",0.08,663.41,625.00,275.12,171,,,,,
MEN5006,10,0.03,"1,392",0.12,766.67,633.33,286.88,167,,,,,
MEN5007,10,0.12,789,0.19,586.46,606.00,296.61,150,,,,,
MEN5008,10,0.05,109,1.32,806.99,655.11,250.44,144,,,,,
MEN5009,10,0.15,"1,062",0.16,799.29,688.00,307.55,170,,,,,
MEN5010,10,0.19,738,0.24,601.75,618.00,314.98,177,,,,,
MEN5011,10,0.14,"1,671",0.07,361.17,344.00,183.25,117,,,,,
MEN5012,10,0.14,68,2.27,774.31,655.00,343.23,154,,,,,
MEN5013,10,0.22,"1,008",0.13,661.33,688.00,349.63,131,,,,,
MEN5014,10,0.06,"3,080",0.00,763.03,665.00,347.58,154,,,,,
MEN5015,10,0.29,"2,133",0.06,573.54,645.00,334.29,128,,,,,
MEN5016,10,0.12,"1,700",0.09,755.63,665.00,333.52,153,,,,,
MEN5017,10,0.22,"1,886",0.07,936.39,"1,104.00",574.66,132,,,,,
MEN5018,10,0.16,"3,450",0.04,624.24,555.67,220.91,138,,,,,
MEN5019,10,0.01,143,1.07,755.91,635.00,340.59,153,,,,,
MEN5020,10,0.06,136,1.10,596.37,590.00,271.89,150,,,,,
MEN5021,10,0.07,"3,150",0.04,871.06,706.80,339.43,126,,,,,
MEN5022,10,0.05,795,0.19,846.62,754.00,288.78,151,,,,,
MEN5023,10,0.23,"2,125",0.08,630.00,754.00,400.34,170,,,,,
MEN5024,10,0.08,"12,500",0.01,700.79,598.93,288.90,125,,,,,
MEN5025,10,0.29,788,0.16,648.28,672.34,258.98,126,,,,,
MEN5026,10,0.13,"1,200",0.10,666.49,563.00,226.81,120,,,,,
MEN5027,10,0.08,"1,050",0.16,695.23,545.55,224.27,168,,,,,
MEN5028,10,0.06,"1,967",0.06,848.74,667.00,337.61,118,,,,,
MEN5029,10,0.27,75,1.55,446.23,581.75,303.06,117,,,,,
MEN5030,10,0.15,674,0.19,593.32,590.00,257.44,128,,,,,
MEN5031,10,0.12,"1,292",0.12,839.74,714.00,279.89,155,,,,,
MEN5032,10,0.18,"8,800",0.02,836.37,865.70,394.20,176,,,,,
NW001,10,0.11,381,0.37,604.69,539.00,244.07,141,,,,,
NW002,10,0.28,"1,511",0.09,413.50,455.00,228.59,136,,,,,
NW003,10,0.30,"2,240",0.05,405.66,492.05,206.26,112,,,,,
NW004,10,0.11,671,0.17,541.61,445.31,230.76,114,,,,,
NW005,10,0.01,"1,115",0.13,720.58,593.62,293.83,145,,,,,
NW006,10,0.25,"2,720",0.05,451.11,496.00,192.22,136,,,,,
NW007,10,0.19,"6,550",0.02,608.58,537.00,256.51,131,,,,,
NW008,10,0.00,"2,460",0.00,682.28,558.00,258.75,123,,,,,
NW009,10,0.12,"3,800",0.03,548.21,560.00,284.92,114,,,,,
NW012,10,0.16,195,0.86,512.27,495.98,263.11,168,,,,,
NW013,10,0.24,"1,409",0.11,481.90,475.00,211.94,155,,,,,
NW014,10,0.20,"3,125",0.04,567.89,537.00,269.00,125,,,,,
NW015,10,0.07,421,0.42,621.77,504.20,227.49,177,,,,,
NW016,10,0.06,427,0.33,655.11,537.00,281.26,141,,,,,
NW020,10,0.21,487,0.31,460.76,512.08,239.76,151,,,,,
NW024,10,0.29,457,0.28,524.65,546.67,269.38,128,,,,,
NW029,10,0.18,471,0.28,508.43,455.00,173.68,132,,,,,
NW030,10,0.14,"4,000",0.04,538.90,560.52,277.57,160,,,,,
NW031,10,0.21,"2,350",0.06,503.76,582.00,239.97,141,,,,,
NW032,10,0.04,"4,000",0.12,662.56,496.00,251.33,480,,,,,
NW034,10,0.28,"3,050",0.04,580.02,595.00,250.35,122,,,,,
NW035,10,0.12,"1,117",0.12,697.89,582.00,261.17,134,,,,,
NW037,10,0.01,"1,330",0.10,605.98,450.00,211.42,133,,,,,
NW038,10,0.09,"1,478",0.09,583.19,517.00,236.93,133,,,,,
NW039,10,0.14,"1,183",0.12,543.30,495.00,237.59,142,,,,,
PJNE1906,10,0.30,448,0.29,726.16,836.00,327.70,130,,,,,
PJNE2014,10,0.00,178,0.73,814.35,762.56,311.73,130,,,,,
PJNE2100,10,0.22,"1,218",0.11,372.20,364.00,140.48,134,,,,,
PJNE2171,10,0.07,116,1.12,"1,190.05","1,043.00",551.61,130,,,,,
PJNE2199,10,0.29,"1,425",0.08,663.16,731.60,311.48,114,,,,,
PJNE2270,10,0.17,93,1.35,995.13,978.00,381.89,125,,,,,
PJNE3068,10,0.18,128,1.02,961.73,959.67,498.25,131,,,,,
PJNE3252,10,0.08,"17,000",0.01,849.98,832.24,448.32,170,,,,,
PJNE3291,10,0.18,"1,167",0.12,782.32,831.38,352.51,140,,,,,
PJNE3363,10,0.06,"1,489",0.09,794.00,764.00,345.59,134,,,,,
PJNE3364,10,0.20,413,0.31,710.72,794.29,323.19,128,,,,,
PJNE3368,10,0.26,103,1.19,894.20,869.00,457.30,123,,,,,
PJNE3373,10,0.12,"2,780",0.05,755.17,777.60,322.55,139,,,,,
PJNE3399,10,0.17,964,0.14,687.50,723.90,373.33,135,,,,,
PJNE3404,10,0.09,705,0.21,993.79,869.00,453.77,148,,,,,
PJNE3421,10,0.06,705,0.21,"1,098.67",925.00,383.33,148,,,,,
PJNE3423,10,0.07,"3,075",0.04,892.13,869.00,357.61,123,,,,,
PJNE3439,10,0.25,779,0.19,0.00,0.00,0.00,148,,,,,
PJNE3440,10,0.07,"4,000",0.04,"1,139.68",925.00,404.15,160,,,,,
PJNE3568,10,0.17,"1,064",0.11,750.47,798.00,367.94,117,,,,,
PJNE3607,10,0.09,"7,300",0.02,910.23,869.00,424.94,146,,,,,
PSET043,10,0.27,"2,725",0.04,"1,639.03","1,629.00",653.03,109,,,,,
PSET264,10,0.21,"2,071",0.07,"1,401.58","1,325.00",544.81,145,,,,,
PSET268,10,0.16,"3,550",0.04,"1,403.51","1,291.00",613.67,142,,,,,
SAR 30.00,10,0.13,"1,378",0.09,842.81,898.00,360.81,124,,,,,
SAR 112.00,10,0.17,"3,575",0.04,"1,189.62","1,198.00",642.39,143,,,,,
SAR 113.00,10,0.28,"2,117",0.06,850.30,948.00,486.07,127,,,,,
SAR 159.00,10,0.20,318,0.38,936.21,"1,049.00",402.92,121,,,,,
SAR 181.00,10,0.30,"3,240",0.05,843.13,998.00,408.98,162,,,,,
SET004,10,0.25,"1,262",0.13,616.32,652.00,258.13,164,,,,,
SET014,10,0.10,"7,700",0.02,822.90,785.12,348.50,154,,,,,
SET038,10,0.15,"16,400",0.01,618.66,550.00,243.81,164,,,,,
SET043,10,0.21,"2,700",0.05,"1,060.82",999.00,492.57,135,,,,,
SET044,10,0.05,"5,167",0.03,673.64,609.57,320.83,155,,,,,
SET048,10,0.03,"1,570",0.10,827.98,635.33,263.67,157,,,,,
SET055,10,0.10,"3,025",0.04,582.30,595.63,273.58,121,,,,,
SET058,10,0.10,"1,238",0.13,"1,023.93",847.00,337.14,161,,,,,
SET062,10,0.11,159,0.91,638.35,650.00,270.36,145,,,,,
SET073,10,0.18,"1,786",0.07,729.08,824.00,431.95,125,,,,,
SET075,10,0.09,381,0.37,751.62,648.00,322.06,141,,,,,
SET078,10,0.12,"5,700",0.02,490.83,459.00,234.27,114,,,,,
SET087,10,0.22,"4,800",0.03,939.90,881.00,373.13,144,,,,,
SET094,10,0.28,"1,092",0.13,742.43,876.00,478.17,142,,,,,
SET097,10,0.21,"8,050",0.02,983.43,"1,082.00",490.27,161,,,,,
SET098,10,0.24,"2,050",0.06,702.57,754.48,317.17,123,,,,,
SET110,10,0.22,313,0.45,789.69,837.00,411.68,141,,,,,
SET116,10,0.12,"2,833",0.06,608.78,591.00,313.93,170,,,,,
SET128,10,0.19,"4,567",0.03,964.45,921.00,374.02,137,,,,,
SET130,10,0.02,"12,900",0.01,789.19,612.00,323.34,129,,,,,
SET131,10,0.20,874,0.19,713.62,661.47,319.13,166,,,,,
SET132,10,0.27,956,0.16,621.22,612.00,253.65,153,,,,,
SET138,10,0.25,"5,800",0.02,631.98,737.00,376.63,116,,,,,
SET141,10,0.05,583,0.18,956.36,774.00,377.21,105,,,,,
SET144,10,0.06,124,1.11,853.17,764.00,326.68,138,,,,,
SET145,10,0.10,"1,444",0.09,834.28,720.27,317.64,130,,,,,
SET147,10,0.25,"2,560",0.00,624.11,684.00,295.51,128,,,,,
SET152,10,0.12,982,0.11,576.91,469.00,189.03,108,,,,,
SET153,10,0.07,"1,811",0.09,543.76,448.00,205.07,163,,,,,
SET154,10,0.00,"2,520",0.05,"1,150.97",832.00,454.59,126,,,,,
SET156,10,0.25,390,0.40,684.54,680.00,272.88,156,,,,,
SET158,10,0.24,"1,222",0.09,821.19,791.00,388.56,110,,,,,
SET171,10,0.04,"1,278",0.09,"1,013.96",791.14,312.95,115,,,,,
SET172,10,0.26,"2,400",0.06,996.27,"1,112.00",501.32,144,,,,,
SET179,10,0.23,"1,450",0.08,437.30,499.00,240.45,116,,,,,
SET182,10,0.19,"3,100",0.00,667.88,699.00,329.55,155,,,,,
SET183,10,0.01,641,0.17,790.64,755.50,293.86,109,,,,,
SET184,10,0.02,"4,267",0.03,689.00,570.02,298.65,128,,,,,
SET185,10,0.01,"2,780",0.00,895.09,737.00,331.90,139,,,,,
SET186,10,0.17,"1,957",0.07,575.09,561.56,260.56,137,,,,,
SET187,10,0.21,"5,500",0.03,735.85,669.67,298.71,165,,,,,
SET188,10,0.28,633,0.18,638.72,648.00,354.40,114,,,,,
SET192,10,0.26,375,0.28,527.48,644.14,258.78,105,,,,,
SET193,10,0.21,"3,180",0.00,807.96,867.38,339.61,159,,,,,
SET194,10,0.08,60,2.00,706.71,641.00,290.97,121,,,,,
SET195,10,0.12,229,0.55,776.78,750.48,323.88,126,,,,,
SET196,10,0.05,"1,971",0.07,843.68,668.00,262.64,138,,,,,
SET197,10,0.21,"1,133",0.12,739.57,759.00,326.19,136,,,,,
SET198,10,0.02,"2,580",0.00,640.80,523.00,274.09,129,,,,,
SET200,10,0.14,"4,133",0.03,629.75,543.00,245.45,124,,,,,
SET201,10,0.30,"2,650",0.04,525.43,563.49,251.80,106,,,,,
SET203,10,0.01,294,0.36,455.52,419.71,200.58,106,,,,,
SET204,10,0.22,"1,473",0.11,675.26,666.00,282.92,162,,,,,
SET205,10,0.12,"1,350",0.12,422.19,399.00,156.07,162,,,,,
SET209,10,0.04,"1,917",0.06,561.25,507.00,239.99,115,,,,,
SET210,10,0.15,"2,750",0.04,521.74,575.00,305.18,110,,,,,
SET211,10,0.00,"1,057",0.14,737.20,604.00,297.61,148,,,,,
SET217,10,0.25,"1,344",0.09,685.25,777.98,297.64,121,,,,,
SET218,10,0.19,421,0.28,614.84,667.00,271.73,118,,,,,
SET219,10,0.30,141,1.02,574.80,635.00,335.79,144,,,,,
SET220,10,0.12,"1,227",0.11,"1,331.49","1,146.85",451.23,135,,,,,
SET221,10,0.26,670,0.20,574.83,684.00,275.05,134,,,,,
SET223,10,0.00,405,0.37,680.64,637.71,294.49,150,,,,,
SET224,10,0.22,"3,567",0.03,"1,147.73","1,092.33",490.99,107,,,,,
SET227,10,0.04,"2,580",0.00,575.36,568.91,274.31,129,,,,,
SET228,10,0.25,660,0.20,753.42,729.00,394.16,132,,,,,
SET229,10,0.14,466,0.29,922.67,845.00,416.60,135,,,,,
SET230,10,0.08,"1,729",0.07,889.94,832.00,344.04,121,,,,,
SET232,10,0.05,"6,950",0.02,453.37,420.00,230.67,139,,,,,
SET233,10,0.13,676,0.17,483.10,527.26,260.10,115,,,,,
SET236,10,0.14,927,0.11,749.15,769.24,371.01,102,,,,,
SET239,10,0.20,329,0.45,574.58,654.00,299.95,148,,,,,
SET240,10,0.06,"3,300",0.04,688.09,579.00,227.91,132,,,,,
SET243,10,0.09,"2,740",0.05,493.68,489.50,186.18,137,,,,,
SET244,10,0.09,611,0.19,868.75,773.00,379.56,116,,,,,
SET245,10,0.00,"2,260",0.05,"1,255.28",999.00,424.20,113,,,,,
SET246,10,0.25,"12,400",0.01,374.60,432.70,204.72,124,,,,,
SET247,10,0.05,288,0.43,679.69,673.52,344.72,124,,,,,
SET248,10,0.25,"3,367",0.03,482.13,604.72,286.08,101,,,,,
SET249,10,0.00,"2,540",0.00,686.38,648.00,340.88,127,,,,,
SET250,10,0.22,"1,462",0.08,661.47,648.00,336.97,117,,,,,
SET251,10,0.07,303,0.39,819.73,759.00,353.15,118,,,,,
SET252,10,0.21,"5,150",0.02,796.70,759.00,363.40,103,,,,,
SET253,10,0.02,514,0.22,822.78,699.00,275.74,113,,,,,
SET254,10,0.22,"4,067",0.03,809.75,859.00,419.53,122,,,,,
SET257,10,0.11,"1,662",0.08,597.44,545.98,246.40,133,,,,,
SET258,10,0.26,"1,470",0.10,822.23,855.00,378.35,147,,,,,
SET262,10,0.02,907,0.14,637.76,568.00,278.54,127,,,,,
SET263,10,0.05,"2,480",0.05,637.29,614.00,263.76,124,,,,,
SET264,10,0.07,"10,300",0.01,885.65,765.14,397.67,103,,,,,
SET265,10,0.17,572,0.25,858.24,888.00,343.32,143,,,,,
SET266,10,0.11,514,0.21,913.63,852.00,447.07,108,,,,,
SET267,10,0.26,857,0.14,804.76,852.00,408.55,120,,,,,
SET268,10,0.18,"4,950",0.02,744.23,742.14,397.41,99,,,,,
SET269,10,0.22,"2,900",0.04,814.39,824.00,313.56,116,,,,,
SET270,10,0.24,"1,512",0.08,535.49,568.00,263.91,121,,,,,
SET271,10,0.02,864,0.14,"1,148.06",895.00,401.66,121,,,,,
SET272,10,0.10,"2,980",0.05,890.40,762.74,410.81,149,,,,,
SET273,10,0.06,"3,700",0.04,637.05,547.89,231.49,148,,,,,
SET274,10,0.04,"3,667",0.03,805.94,652.00,335.33,110,,,,,
SET275,10,0.08,756,0.16,785.79,630.00,250.32,121,,,,,
SET276,10,0.20,38,3.00,"1,189.76","1,238.00",637.73,115,,,,,
SET277,10,0.08,"1,444",0.09,"1,393.54","1,268.11",656.35,130,,,,,
SET278,10,0.05,57,2.08,"1,873.29","1,496.70",813.89,118,,,,,
SET279,10,0.19,688,0.17,859.43,846.18,397.49,117,,,,,
SET280,10,0.29,"1,688",0.08,598.00,783.60,355.73,135,,,,,
SET281,10,0.29,"2,420",0.00,482.63,499.00,268.88,121,,,,,
SET282,10,0.15,"1,130",0.10,933.67,"1,035.51",433.01,113,,,,,
SET285,10,0.10,"1,040",0.15,578.12,489.63,231.56,156,,,,,
SET286,10,0.04,450,0.26,806.56,638.63,294.32,117,,,,,
SET287,10,0.16,"4,167",0.03,747.30,643.00,305.47,125,,,,,
SET288,10,0.12,24,4.70,607.96,646.31,311.44,114,,,,,
SET289,10,0.18,"1,333",0.09,542.99,526.00,239.26,120,,,,,
SET290,10,0.19,"1,389",0.09,769.66,792.00,414.70,125,,,,,
SET291,10,0.24,"1,100",0.12,505.33,570.38,296.07,132,,,,,
SET293,10,0.02,"6,600",0.02,738.35,696.57,281.06,132,,,,,
SET295,10,0.07,738,0.16,588.33,507.33,197.43,118,,,,,
SET300,10,0.19,557,0.21,924.37,937.20,472.32,117,,,,,
SET301,10,0.26,94,1.39,669.80,833.00,381.50,130,,,,,
SET302,10,0.14,"2,114",0.07,845.08,777.18,326.09,148,,,,,
SET303,10,0.01,707,0.15,"1,150.14",888.00,391.18,106,,,,,
SET304,10,0.15,769,0.16,"1,240.71","1,107.02",531.94,123,,,,,
SET305,10,0.18,248,0.62,"1,083.85",967.00,527.68,154,,,,,
SET306,10,0.18,618,0.17,488.77,499.50,261.47,105,,,,,
SET307,10,0.12,"1,800",0.06,896.11,736.00,315.22,108,,,,,
SET308,10,0.25,"4,433",0.03,706.21,696.00,304.84,133,,,,,
SET310,10,0.11,"1,444",0.09,"1,021.18",994.47,542.38,130,,,,,
SET316,10,0.28,"10,100",0.01,985.62,"1,238.00",539.49,101,,,,,
SET317,10,0.08,"1,018",0.11,"1,316.85","1,190.44",650.75,112,,,,,
SET319,10,0.07,925,0.12,897.41,810.44,335.53,111,,,,,
SET320,10,0.15,"6,400",0.02,906.34,852.00,442.74,128,,,,,
SET321,10,0.11,"1,350",0.08,"1,079.39",967.00,424.55,108,,,,,
SET322,10,0.03,565,0.17,"1,399.16","1,099.00",559.95,96,,,,,
SET323,10,0.29,"2,425",0.04,871.34,999.00,532.56,97,,,,,
SET324,10,0.08,"1,300",0.09,616.17,616.32,313.50,117,,,,,
SET325,10,0.17,979,0.14,746.48,666.00,284.52,137,,,,,
SET326,10,0.05,"3,250",0.04,732.93,666.00,269.42,130,,,,,
SET327,10,0.24,"2,157",0.07,996.48,943.31,385.68,151,,,,,
SET328,10,0.24,"1,162",0.13,452.00,545.00,262.95,151,,,,,
SET329,10,0.17,"5,650",0.02,765.81,666.00,290.66,113,,,,,
SET330,10,0.27,"1,230",0.10,442.26,560.00,288.49,123,,,,,
SET331,10,0.25,252,0.60,502.32,592.26,296.23,151,,,,,
SET332,10,0.19,"2,050",0.06,452.18,523.53,208.17,123,,,,,
SET333,10,0.15,"2,240",0.00,"1,060.82",962.40,527.19,112,,,,,
SET334,10,0.27,505,0.19,655.18,666.00,356.62,96,,,,,
SET335,10,0.26,"1,140",0.10,683.41,768.38,331.50,114,,,,,
SET337,10,0.03,669,0.16,"1,165.68",874.00,476.76,107,,,,,
SET338,10,0.29,"1,629",0.07,891.30,999.00,467.95,114,,,,,
SET339,10,0.26,"1,311",0.09,691.97,736.00,382.10,118,,,,,
SET340,10,0.07,"1,400",0.08,996.92,796.46,359.11,112,,,,,
SET341,10,0.18,246,0.41,743.30,785.58,375.79,101,,,,,
SET342,10,0.18,285,0.41,789.05,819.64,326.42,117,,,,,
SET343,10,0.07,"1,525",0.08,"1,080.68",850.00,349.38,122,,,,,
SET344,10,0.28,"1,280",0.10,876.74,891.87,438.70,128,,,,,
SET345,10,0.27,740,0.20,632.26,622.31,314.82,148,,,,,
SET346,10,0.10,"1,118",0.11,951.31,774.00,375.74,123,,,,,
SET347,10,0.18,"1,125",0.12,760.67,847.49,381.07,135,,,,,
SET348,10,0.24,"6,750",0.02,914.38,899.00,453.48,135,,,,,
SET349,10,0.10,"1,111",0.09,"1,237.36","1,152.00",511.37,100,,,,,
SET350,10,0.14,"2,560",0.05,"1,444.05","1,202.14",577.51,128,,,,,
SET351,10,0.04,"2,020",0.00,660.02,565.72,258.06,101,,,,,
SET352,10,0.00,"2,150",0.06,594.91,478.29,261.26,129,,,,,
SET353,10,0.13,"2,180",0.00,915.74,852.00,405.43,109,,,,,
SET355,10,0.29,"2,700",0.05,"1,014.48","1,229.00",614.43,135,,,,,
SET356,10,0.21,"4,833",0.03,764.45,899.10,349.54,145,,,,,
SET357,10,0.20,860,0.15,787.60,722.05,313.64,129,,,,,
SET358,10,0.06,754,0.13,"1,847.85","1,477.00",620.62,98,,,,,
SET359,10,0.29,"5,450",0.02,701.37,899.00,473.04,109,,,,,
SET360,10,0.13,458,0.24,"1,538.73","1,338.00",538.36,110,,,,,
SET361,10,0.28,925,0.12,"1,349.55","1,477.00",689.96,111,,,,,
SET363,10,0.28,"11,200",0.01,987.11,"1,149.00",457.22,112,,,,,
SET364,10,0.25,"1,115",0.13,914.31,"1,070.40",443.17,145,,,,,
SET365,10,0.16,562,0.24,"1,474.05","1,299.00",620.55,135,,,,,
SET366,10,0.02,292,0.38,"1,803.33","1,420.88",776.06,111,,,,,
SET369,10,0.14,729,0.14,"1,493.95","1,399.00",705.55,102,,,,,
SET373,10,0.17,286,0.43,811.60,774.00,354.43,123,,,,,
SET374,10,0.24,"1,983",0.06,569.50,692.64,306.36,119,,,,,
SET375,10,0.28,108,1.04,609.30,696.00,352.29,112,,,,,
SET376,10,0.03,"2,450",0.04,607.19,560.00,294.73,98,,,,,
SET377,10,0.05,"1,077",0.13,"1,139.33","1,068.00",435.81,140,,,,,
SET378,10,0.12,391,0.35,"1,464.86","1,299.00",497.06,137,,,,,
SET380,10,0.30,982,0.11,"1,136.49","1,186.00",546.31,108,,,,,
SET383,10,0.29,"14,800",0.01,506.65,599.00,311.97,148,,,,,
SET384,10,0.07,"3,050",0.04,625.43,599.00,301.72,122,,,,,
SET385,10,0.23,454,0.26,586.21,596.15,326.02,118,,,,,
SET386,10,0.16,"2,700",0.04,676.33,594.25,234.47,108,,,,,
SET388,10,0.09,"2,240",0.00,"1,789.57","1,499.00",794.44,112,,,,,
SET389,10,0.23,"12,000",0.01,671.33,643.89,291.03,120,,,,,
SET390,10,0.18,"1,178",0.09,895.22,882.00,444.01,106,,,,,
SET392,10,0.22,"5,200",0.02,816.96,797.61,363.54,104,,,,,
SET393,10,0.09,"3,167",0.03,"1,170.25","1,170.12",513.98,95,,,,,
SET394,10,0.03,248,0.50,"1,224.79","1,077.46",440.62,124,,,,,
SET395,10,0.24,65,1.88,867.36,962.00,495.34,122,,,,,
SET396,10,0.04,"1,471",0.07,"1,114.76",944.87,517.91,103,,,,,
SET397,10,0.10,"1,022",0.09,"1,230.22",993.99,523.57,92,,,,,
SET398,10,0.01,"1,378",0.09,"1,575.08","1,173.29",465.79,124,,,,,
SET400,10,0.26,"1,600",0.08,867.05,"1,068.00",428.74,128,,,,,
SET401,10,0.12,"1,282",0.11,966.14,988.66,438.30,141,,,,,
SET402,10,0.15,"3,475",0.04,985.17,986.26,442.28,139,,,,,
SET403,10,0.08,"4,800",0.02,"1,058.56",999.00,447.46,96,,,,,
SET404,10,0.01,"4,700",0.03,"1,501.77","1,199.00",533.36,141,,,,,
SET405,10,0.28,82,1.30,758.28,771.00,336.88,106,,,,,
SET408,10,0.15,"1,950",0.06,588.21,499.00,259.57,117,,,,,
SET409,10,0.02,783,0.12,803.29,641.00,257.35,94,,,,,
SET410,10,0.11,539,0.23,679.09,568.00,284.24,124,,,,,
SET413,10,0.26,"13,600",0.01,658.29,721.00,284.47,136,,,,,
SET414,10,0.06,"1,833",0.06,"1,054.48",999.00,385.02,110,,,,,
SET415,10,0.08,79,1.14,"1,133.81",999.00,431.42,90,,,,,
SET432,10,0.21,992,0.12,982.00,999.00,518.52,119,,,,,
SET433,10,0.07,622,0.23,682.18,560.00,214.32,143,,,,,
SET435,10,0.01,"2,317",0.06,"1,536.96","1,377.59",581.39,139,,,,,
SET436,10,0.29,"1,410",0.10,"1,161.35","1,387.47",719.35,141,,,,,
AN204,11,0.29,950,0.10,269.18,322.00,130.02,95,,,,,
AN205,11,0.23,"6,100",0.02,321.19,301.00,128.09,122,,,,,
AN207,11,0.13,455,0.20,337.68,322.00,155.37,91,,,,,
AN208,11,0.21,"6,250",0.02,312.52,301.00,157.57,125,,,,,
AN211,11,0.09,800,0.15,359.58,301.00,125.65,120,,,,,
AN213,11,0.16,800,0.13,288.98,301.00,162.58,104,,,,,
BL006,11,0.26,720,0.15,358.94,388.00,173.75,108,,,,,
BL009,11,0.07,"12,100",0.01,626.19,494.00,269.97,121,,,,,
BL010,11,0.02,"1,031",0.13,588.84,494.00,198.75,134,,,,,
BL021,11,0.00,"1,360",0.10,577.17,418.00,193.03,136,,,,,
BL035,11,0.24,"1,275",0.08,322.35,377.00,193.74,102,,,,,
BL079,11,0.12,"1,500",0.06,412.82,436.00,217.25,90,,,,,
BL085,11,0.10,"2,300",0.04,563.87,460.00,191.25,92,,,,,
BL087,11,0.08,982,0.11,569.92,460.00,195.29,108,,,,,
BL090,11,0.25,103,0.94,482.11,460.00,251.60,97,,,,,
BL095,11,0.22,95,1.14,462.06,460.00,192.75,108,,,,,
BL098,11,0.13,470,0.23,360.82,301.00,115.01,108,,,,,
BL103,11,0.15,"2,800",0.00,523.72,460.00,230.23,140,,,,,
BL104,11,0.28,"2,800",0.04,477.62,493.00,219.87,112,,,,,
BL109,11,0.10,478,0.23,582.38,518.00,259.17,110,,,,,
BL111,11,0.04,"1,425",0.08,342.08,301.00,142.21,114,,,,,
BL113,11,0.13,"9,500",0.01,590.65,493.00,205.34,95,,,,,
BTM002,11,0.05,266,0.35,591.13,518.00,247.23,93,,,,,
BTM003,11,0.09,975,0.12,583.85,518.00,251.06,117,,,,,
BTM008,11,0.19,"1,150",0.08,506.07,518.00,219.43,92,,,,,
BTM030,11,0.22,"1,412",0.08,292.93,301.00,139.24,113,,,,,
BTM031,11,0.17,807,0.15,522.24,518.00,201.25,121,,,,,
BTM036,11,0.22,"1,667",0.06,287.07,345.00,154.12,100,,,,,
BTM037,11,0.27,"1,625",0.08,342.19,345.00,179.75,130,,,,,
BTM038,11,0.19,"1,840",0.05,351.53,360.00,194.02,92,,,,,
BTM040,11,0.06,920,0.10,390.83,331.00,127.71,92,,,,,
BTM042,11,0.04,983,0.12,334.36,317.00,157.93,118,,,,,
BTM048,11,0.15,"1,238",0.08,147.88,165.50,70.79,99,,,,,
CH209,11,0.27,"4,950",0.02,249.58,301.00,117.21,99,,,,,
J0001,11,0.18,"1,920",0.00,733.62,690.00,321.42,96,,,,,
J0002,11,0.17,"1,045",0.11,944.90,"1,049.52",571.10,115,,,,,
J0003,11,0.26,"1,054",0.13,658.09,650.03,257.03,137,,,,,
J0004,11,0.05,"1,980",0.00,"1,204.22","1,126.50",570.02,99,,,,,
J0005,11,0.18,"1,089",0.09,815.39,886.56,387.76,98,,,,,
J0006,11,0.28,"4,500",0.03,650.09,810.85,403.00,135,,,,,
J0007,11,0.12,"1,720",0.05,998.46,"1,075.57",496.47,86,,,,,
J0008,11,0.29,464,0.25,975.82,"1,041.10",475.84,116,,,,,
J0009,11,0.11,"3,000",0.03,999.46,828.00,429.38,90,,,,,
J0010,11,0.23,"1,940",0.00,"1,294.47","1,329.00",511.89,97,,,,,
J0011,11,0.29,"1,400",0.08,"1,283.59","1,620.14",677.59,112,,,,,
J0012,11,0.04,414,0.21,"1,229.49","1,113.82",434.71,87,,,,,
J0013,11,0.27,"1,160",0.10,904.09,"1,018.00",405.04,116,,,,,
J0014,11,0.13,167,0.52,"1,892.50","1,571.71",704.69,87,,,,,
J0019,11,0.10,940,0.10,578.97,566.00,295.23,94,,,,,
J0020,11,0.20,925,0.12,576.76,552.00,217.09,111,,,,,
J0021,11,0.22,"1,783",0.06,299.53,319.00,130.32,107,,,,,
J0027,11,0.25,762,0.13,541.05,625.00,338.94,99,,,,,
J0028,11,0.25,"1,275",0.08,288.48,318.00,157.31,102,,,,,
J0033,11,0.26,"2,200",0.00,317.38,399.00,201.04,110,,,,,
J0034,11,0.08,"2,620",0.05,877.02,717.00,293.34,131,,,,,
J0037,11,0.10,181,0.52,533.30,522.00,242.07,94,,,,,
J0041,11,0.20,"10,600",0.01,731.76,701.51,352.33,106,,,,,
J0048,11,0.19,792,0.12,291.41,335.00,180.00,95,,,,,
J0049,11,0.09,"4,350",0.02,404.36,321.00,122.70,87,,,,,
J0055,11,0.19,650,0.18,846.38,935.00,391.50,117,,,,,
J0057,11,0.06,393,0.28,606.78,475.00,243.89,110,,,,,
J0072,11,0.07,"2,260",0.00,394.31,318.00,160.72,113,,,,,
J0073,11,0.04,"5,550",0.02,443.96,333.00,136.99,111,,,,,
J0074,11,0.00,964,0.11,366.40,301.00,129.38,106,,,,,
J0077,11,0.27,"11,200",0.01,"1,046.63","1,099.00",460.35,112,,,,,
J0080,11,0.29,"1,244",0.09,593.87,709.00,346.74,112,,,,,
J0081,11,0.04,983,0.12,704.03,658.00,348.94,118,,,,,
J0082,11,0.27,"3,133",0.03,311.67,354.29,191.76,94,,,,,
J0083,11,0.25,139,0.74,365.18,439.44,204.61,103,,,,,
J0088,11,0.05,563,0.19,528.29,399.00,197.01,107,,,,,
J0089,11,0.13,"2,300",0.04,323.10,342.70,184.78,92,,,,,
J0090,11,0.26,240,0.53,501.06,539.00,267.95,127,,,,,
J0091,11,0.04,"1,020",0.10,384.23,315.33,156.00,102,,,,,
J0092,11,0.20,882,0.11,998.59,"1,008.00",429.37,97,,,,,
J0094,11,0.30,"3,467",0.03,339.75,378.67,151.15,104,,,,,
J0095,11,0.26,638,0.13,511.31,633.52,297.58,83,,,,,
J0096,11,0.29,"4,700",0.02,504.88,571.50,302.71,94,,,,,
J0097,11,0.28,647,0.15,447.15,539.79,231.43,97,,,,,
J0100,11,0.09,542,0.19,"1,881.16","1,499.00",628.00,103,,,,,
J0101,11,0.07,708,0.12,951.48,777.00,353.21,85,,,,,
J0103,11,0.09,631,0.16,"1,692.90","1,338.00",560.54,101,,,,,
J0104,11,0.26,"2,200",0.06,350.88,446.00,207.86,132,,,,,
J0105,11,0.16,396,0.27,964.86,999.00,460.67,107,,,,,
J0106,11,0.25,368,0.28,"1,028.20","1,225.80",585.10,103,,,,,
J0108,11,0.10,529,0.17,"1,037.55","1,093.87",596.90,90,,,,,
J0109,11,0.15,309,0.32,"1,156.55","1,199.00",637.46,99,,,,,
J0111,11,0.19,"1,783",0.06,441.16,423.00,230.39,107,,,,,
J0112,11,0.15,443,0.28,324.90,338.00,149.33,124,,,,,
J0113,11,0.04,522,0.18,893.70,758.00,376.39,94,,,,,
J0117,11,0.24,"2,775",0.04,706.14,682.82,316.52,111,,,,,
J0118,11,0.22,475,0.20,561.91,557.23,220.50,95,,,,,
J0119,11,0.12,"1,900",0.06,786.51,752.25,381.86,114,,,,,
J0122,11,0.15,"1,175",0.08,374.74,373.50,157.45,94,,,,,
J0123,11,0.04,"1,514",0.07,372.72,321.00,164.06,106,,,,,
J0124,11,0.16,653,0.17,622.75,666.72,357.97,111,,,,,
J0126,11,0.16,"2,580",0.00,836.55,783.00,392.08,129,,,,,
J0127,11,0.01,310,0.29,"1,382.50","1,186.00",619.79,90,,,,,
J0131,11,0.28,820,0.10,334.92,345.00,152.60,82,,,,,
J0132,11,0.15,"1,529",0.07,376.38,336.79,135.34,107,,,,,
J0133,11,0.28,"1,550",0.06,331.19,364.00,150.47,93,,,,,
J0135,11,0.06,177,0.47,654.13,591.00,235.37,83,,,,,
J0136,11,0.22,"1,250",0.08,497.74,568.00,260.32,100,,,,,
J0137,11,0.19,"2,360",0.05,771.86,721.00,297.58,118,,,,,
J0139,11,0.25,"2,075",0.04,354.18,387.00,191.93,83,,,,,
J0143,11,0.06,779,0.14,684.31,645.00,265.05,109,,,,,
J0147,11,0.08,619,0.16,567.69,551.77,302.82,99,,,,,
J0148,11,0.06,"1,343",0.07,619.57,594.93,275.55,94,,,,,
J0150,11,0.09,220,0.55,474.29,394.25,201.95,121,,,,,
J0151,11,0.28,543,0.21,388.14,477.00,252.63,114,,,,,
J0152,11,0.23,121,0.87,854.44,899.00,442.85,105,,,,,
J0153,11,0.09,647,0.17,471.53,428.93,167.16,110,,,,,
J0157,11,0.10,"1,650",0.06,928.23,823.21,354.38,99,,,,,
J0158,11,0.23,"2,675",0.04,"1,139.98","1,091.00",532.61,107,,,,,
J0159,11,0.04,"3,025",0.04,752.45,579.00,222.80,121,,,,,
J0162,11,0.19,"2,250",0.04,733.05,749.25,348.75,90,,,,,
J0163,11,0.02,292,0.39,"1,033.24",999.00,498.35,114,,,,,
J0164,11,0.04,275,0.32,475.49,413.01,207.15,88,,,,,
J0167,11,0.06,319,0.32,373.73,315.00,146.33,102,,,,,
J0168,11,0.00,176,0.58,525.36,421.90,214.37,102,,,,,
J0173,11,0.11,517,0.24,477.70,420.00,166.15,124,,,,,
J0174,11,0.05,"2,325",0.04,443.61,423.00,175.16,93,,,,,
J0175,11,0.27,357,0.30,443.48,476.00,205.59,107,,,,,
J0176,11,0.23,"2,775",0.04,331.94,387.00,197.09,111,,,,,
J0179,11,0.16,557,0.21,767.45,696.00,324.89,117,,,,,
J0181,11,0.08,"1,980",0.00,429.00,399.00,152.59,99,,,,,
J0185,11,0.25,631,0.13,745.97,766.00,385.86,82,,,,,
J0187,11,0.01,156,0.70,594.58,563.00,236.76,109,,,,,
J0189,11,0.22,700,0.14,294.92,317.00,161.54,98,,,,,
J0195,11,0.29,107,0.83,612.27,665.00,355.40,89,,,,,
J0196,11,0.28,989,0.09,383.56,471.69,208.73,89,,,,,
J0197,11,0.21,138,0.71,655.87,625.00,276.44,98,,,,,
J0198,11,0.16,"1,112",0.08,798.13,747.70,343.13,89,,,,,
J0199,11,0.27,173,0.45,450.06,491.00,262.51,78,,,,,
J0201,11,0.16,"1,329",0.07,616.21,625.00,255.00,93,,,,,
J0202,11,0.05,757,0.14,573.17,495.00,245.26,106,,,,,
J0203,11,0.30,"1,044",0.09,500.61,568.00,294.39,94,,,,,
J0204,11,0.09,588,0.16,935.29,845.67,459.25,94,,,,,
J0207,11,0.27,"1,350",0.06,969.96,"1,026.50",446.34,81,,,,,
J0208,11,0.21,96,0.81,568.70,599.00,327.76,78,,,,,
J0210,11,0.12,"3,667",0.03,920.22,933.00,477.23,110,,,,,
J0211,11,0.09,"8,500",0.01,766.70,749.00,329.80,85,,,,,
J0212,11,0.04,"1,733",0.06,969.22,959.67,499.37,104,,,,,
J0213,11,0.02,"5,100",0.02,898.99,794.00,343.44,102,,,,,
J0215,11,0.07,"2,600",0.04,812.29,665.67,260.11,104,,,,,
J0216,11,0.13,"1,583",0.06,590.79,511.36,269.30,95,,,,,
J0217,11,0.24,892,0.12,730.55,857.60,421.96,107,,,,,
J0219,11,0.02,783,0.12,"1,078.21",794.00,421.38,94,,,,,
J0220,11,0.23,"1,975",0.04,705.09,747.00,293.42,79,,,,,
J0224,11,0.05,180,0.50,"1,776.47","1,364.00",537.49,90,,,,,
J0225,11,0.17,"4,500",0.02,"1,382.63","1,284.00",608.87,90,,,,,
J0228,11,0.09,195,0.42,"1,912.36","1,613.00",816.42,82,,,,,
J0229,11,0.26,"2,875",0.04,950.04,"1,189.00",520.55,115,,,,,
J0230,11,0.26,917,0.12,952.55,"1,142.17",469.52,110,,,,,
J0231,11,0.01,338,0.26,"1,226.04","1,176.00",535.80,88,,,,,
J0232,11,0.22,"3,967",0.03,"1,086.07","1,070.54",492.40,119,,,,,
J0233,11,0.17,"2,380",0.00,"1,262.06","1,299.00",661.04,119,,,,,
J0234,11,0.25,"1,586",0.07,"1,129.01","1,135.83",606.73,111,,,,,
J0236,11,0.26,"2,300",0.04,796.47,921.00,365.57,92,,,,,
J0237,11,0.24,89,0.90,"1,390.83","1,369.00",605.61,80,,,,,
J0238,11,0.27,370,0.27,"2,078.12","2,598.00","1,279.16",100,,,,,
J0239,11,0.21,"1,022",0.09,"1,093.89","1,246.69",611.67,92,,,,,
J0240,11,0.16,"3,025",0.04,"1,564.67","1,593.00",679.55,121,,,,,
J0241,11,0.16,"3,233",0.03,"1,340.80","1,338.00",531.84,97,,,,,
J0242,11,0.23,818,0.11,793.46,879.20,350.97,90,,,,,
J0243,11,0.04,41,1.92,"1,633.21","1,291.50",539.10,79,,,,,
J0244,11,0.05,"1,800",0.05,"1,179.77","1,145.71",505.09,90,,,,,
J0245,11,0.12,286,0.29,935.56,906.40,485.56,83,,,,,
J0246,11,0.16,198,0.41,"1,299.63","1,152.00",580.01,81,,,,,
J0247,11,0.13,254,0.39,725.59,777.00,406.00,99,,,,,
J0248,11,0.15,"3,367",0.03,"1,001.61",854.00,339.25,101,,,,,
J0250,11,0.09,571,0.17,920.49,725.00,370.32,97,,,,,
J0251,11,0.06,229,0.38,736.70,725.00,381.89,87,,,,,
J0252,11,0.23,"3,267",0.03,398.71,449.50,246.52,98,,,,,
J0277,11,0.15,"2,425",0.04,"1,327.35","1,323.00",578.42,97,,,,,
J0279,11,0.07,817,0.12,869.64,707.48,296.39,98,,,,,
J0280,11,0.20,662,0.13,"1,376.92","1,367.54",714.76,86,,,,,
J0281,11,0.27,512,0.17,"1,209.63","1,299.09",593.31,87,,,,,
J0282,11,0.22,"1,680",0.05,975.98,951.43,411.38,84,,,,,
J0283,11,0.22,"1,657",0.07,725.94,852.83,374.54,116,,,,,
J0284,11,0.23,571,0.21,"1,277.88","1,237.00",633.19,120,,,,,
J0285,11,0.07,"4,150",0.02,"1,671.18","1,385.52",594.29,83,,,,,
J0293,11,0.15,"9,400",0.01,478.92,450.00,190.39,94,,,,,
J0294,11,0.02,"6,050",0.02,502.99,377.00,165.72,121,,,,,
J0295,11,0.03,"1,300",0.06,"1,132.04",901.13,365.53,78,,,,,
J0296,11,0.15,443,0.21,494.35,519.00,246.10,93,,,,,
J0297,11,0.13,388,0.25,791.62,758.00,332.16,97,,,,,
J0299,11,0.29,"1,000",0.09,299.55,345.00,184.26,90,,,,,
J0300,11,0.10,800,0.10,289.68,301.00,146.73,80,,,,,
J0301,11,0.14,"1,640",0.00,795.65,668.42,337.50,82,,,,,
J0305,11,0.29,"1,075",0.08,455.59,586.00,283.14,86,,,,,
J0306,11,0.21,490,0.20,987.36,965.78,384.72,98,,,,,
J0307,11,0.13,268,0.34,553.04,518.00,269.35,91,,,,,
J0308,11,0.13,"2,500",0.03,809.83,879.00,389.14,75,,,,,
J0323,11,0.30,629,0.17,513.47,534.00,284.17,107,,,,,
J0328,11,0.17,"4,650",0.02,988.04,883.00,399.05,93,,,,,
J0329,11,0.10,"2,875",0.04,945.84,852.00,397.26,115,,,,,
J0330,11,0.11,"1,022",0.09,578.34,575.00,297.16,92,,,,,
J0331,11,0.18,395,0.22,652.22,728.00,310.99,87,,,,,
J0332,11,0.05,"2,050",0.04,925.98,828.00,415.88,82,,,,,
J0333,11,0.21,"1,940",0.05,796.61,885.00,483.09,97,,,,,
J0334,11,0.23,"1,011",0.09,612.16,647.75,285.18,91,,,,,
J0335,11,0.08,"9,600",0.01,"1,521.55","1,191.33",619.36,96,,,,,
J0336,11,0.24,930,0.10,650.03,683.57,266.68,93,,,,,
J0337,11,0.27,"1,050",0.08,629.46,633.34,245.63,84,,,,,
J0338,11,0.08,"5,850",0.02,"1,374.06","1,168.83",461.07,117,,,,,
J0339,11,0.24,800,0.10,985.69,"1,066.28",519.36,80,,,,,
J0340,11,0.25,900,0.12,907.72,897.10,491.05,108,,,,,
J0341,11,0.16,"1,667",0.06,"1,121.97","1,099.35",431.15,100,,,,,
J0342,11,0.04,693,0.14,"1,001.00",770.08,367.49,97,,,,,
J0343,11,0.11,820,0.10,"1,112.92","1,085.43",418.62,82,,,,,
J0344,11,0.22,500,0.20,661.88,774.88,299.25,100,,,,,
J0345,11,0.09,247,0.34,586.94,478.00,193.58,84,,,,,
J0346,11,0.13,"1,362",0.08,506.86,464.00,231.97,109,,,,,
J0347,11,0.21,"2,625",0.04,547.73,509.35,246.80,105,,,,,
J0348,11,0.19,643,0.14,531.51,476.10,192.97,90,,,,,
J0349,11,0.08,"1,311",0.09,800.23,813.85,403.77,118,,,,,
J0350,11,0.16,234,0.35,467.58,454.28,236.76,82,,,,,
J0351,11,0.28,"1,686",0.07,673.59,792.00,360.63,118,,,,,
J0352,11,0.27,676,0.17,616.99,666.00,260.31,115,,,,,
J0353,11,0.06,"3,000",0.03,792.54,635.00,274.11,90,,,,,
J0354,11,0.04,830,0.10,656.20,595.31,269.73,83,,,,,
J0355,11,0.03,"1,029",0.07,734.90,608.60,324.68,72,,,,,
J0369,11,0.27,"1,560",0.05,"1,004.20","1,059.75",472.06,78,,,,,
J0370,11,0.01,669,0.13,"1,016.57",936.00,357.26,87,,,,,
J0371,11,0.09,938,0.08,"1,302.24","1,072.00",564.07,75,,,,,
J0372,11,0.14,"1,010",0.10,938.02,864.18,399.15,101,,,,,
J0373,11,0.17,"1,660",0.00,647.53,564.38,226.23,83,,,,,
J0374,11,0.15,"2,425",0.04,610.02,614.00,249.52,97,,,,,
J0375,11,0.10,717,0.12,978.09,999.00,423.65,86,,,,,
J0376,11,0.24,375,0.20,941.04,"1,008.91",435.35,75,,,,,
J0377,11,0.26,"2,150",0.04,773.16,967.39,416.53,86,,,,,
J0379,11,0.12,908,0.12,"1,560.54","1,276.40",638.31,109,,,,,
J0380,11,0.02,592,0.13,"1,498.78","1,438.00",593.04,77,,,,,
J0381,11,0.11,579,0.14,"1,458.01","1,247.00",514.11,81,,,,,
J0382,11,0.26,300,0.29,"1,158.86","1,269.29",511.01,87,,,,,
J0385,11,0.04,"1,920",0.05,"1,005.09",888.00,395.27,96,,,,,
J0386,11,0.14,"2,150",0.04,892.37,967.00,461.79,86,,,,,
J0388,11,0.04,130,0.67,839.76,690.00,290.23,87,,,,,
J0389,11,0.10,"1,157",0.07,751.01,665.00,254.83,81,,,,,
J0390,11,0.22,144,0.54,559.80,625.00,277.21,78,,,,,
J0391,11,0.05,850,0.10,828.09,636.92,336.10,85,,,,,
J0392,11,0.11,235,0.48,643.27,625.00,340.29,113,,,,,
J0395,11,0.29,"3,067",0.03,736.38,859.00,339.09,92,,,,,
J0396,11,0.09,528,0.18,"1,142.80","1,012.50",468.86,95,,,,,
J0398,11,0.26,"3,467",0.03,710.62,885.00,366.65,104,,,,,
J0399,11,0.29,234,0.32,772.92,791.00,347.65,75,,,,,
J0400,11,0.21,"1,100",0.08,880.11,943.25,406.23,88,,,,,
J0401,11,0.11,"1,143",0.07,"1,120.89","1,168.00",484.39,80,,,,,
J0402,11,0.03,856,0.09,791.19,688.00,356.75,77,,,,,
J0413,11,0.09,682,0.11,905.46,789.64,404.71,75,,,,,
J0415,11,0.29,718,0.11,910.69,"1,043.00",513.72,79,,,,,
J0416,11,0.12,892,0.12,938.78,825.00,401.07,107,,,,,
J0417,11,0.09,365,0.23,769.78,791.00,342.34,84,,,,,
J0418,11,0.16,"2,036",0.14,723.28,749.00,294.70,285,,,,,
J0419,11,0.05,126,0.74,"1,134.86",893.67,395.53,93,,,,,
JNE1233,11,0.11,"1,189",0.09,360.73,376.00,204.50,107,,,,,
JNE1234,11,0.25,"7,600",0.01,302.82,299.21,140.88,76,,,,,
JNE1408,11,0.26,"1,222",0.09,241.04,301.00,137.78,110,,,,,
JNE1525,11,0.12,917,0.12,355.48,301.00,150.89,110,,,,,
JNE1906,11,0.05,437,0.19,420.17,376.00,169.03,83,,,,,
JNE1951,11,0.13,"1,200",0.06,404.77,368.00,200.49,72,,,,,
JNE1977,11,0.23,"7,700",0.01,255.76,301.00,163.64,77,,,,,
JNE1998,11,0.03,"1,440",0.05,313.33,301.00,123.46,72,,,,,
JNE2014,11,0.13,208,0.36,344.18,351.47,185.72,75,,,,,
JNE2032,11,0.22,"3,533",0.03,257.03,301.00,138.83,106,,,,,
JNE2049,11,0.15,"1,500",0.05,471.53,478.50,200.54,75,,,,,
JNE2086,11,0.01,28,2.62,851.20,699.00,358.80,74,,,,,
JNE2100,11,0.02,283,0.36,462.84,376.00,166.98,102,,,,,
JNE2113,11,0.22,"3,200",0.03,516.28,499.00,270.07,96,,,,,
JNE2131,11,0.23,646,0.13,590.23,599.00,264.89,84,,,,,
JNE2132,11,0.27,"1,283",0.06,483.15,524.00,240.87,77,,,,,
JNE2145,11,0.02,291,0.33,457.56,391.00,171.27,96,,,,,
JNE2153,11,0.00,"7,900",0.01,515.51,424.00,194.23,79,,,,,
JNE2171,11,0.10,360,0.20,554.49,515.53,219.91,72,,,,,
JNE2199,11,0.11,"2,180",0.05,422.48,353.00,135.59,109,,,,,
JNE2205,11,0.08,"1,540",0.00,346.34,333.00,153.92,77,,,,,
JNE2251,11,0.29,377,0.22,298.02,399.00,197.54,83,,,,,
JNE2265,11,0.13,"2,575",0.04,353.56,318.00,160.26,103,,,,,
JNE2266,11,0.10,606,0.17,352.06,349.00,165.91,103,,,,,
JNE2270,11,0.18,"2,175",0.04,578.33,518.00,277.99,87,,,,,
JNE2291,11,0.25,249,0.35,380.89,376.00,205.18,87,,,,,
JNE2294,11,0.18,789,0.09,480.36,544.00,225.70,71,,,,,
JNE2305,11,0.15,889,0.09,334.48,361.93,139.83,80,,,,,
JNE3030,11,0.04,47,1.72,864.34,736.00,300.20,81,,,,,
JNE3042,11,0.12,330,0.33,334.60,301.00,129.94,109,,,,,
JNE3068,11,0.15,321,0.24,452.07,464.00,241.53,77,,,,,
JNE3160,11,0.06,"2,733",0.03,891.44,729.00,381.56,82,,,,,
JNE3225,11,0.22,219,0.36,342.51,349.00,144.10,79,,,,,
JNE3252,11,0.26,354,0.26,405.59,471.00,239.01,92,,,,,
JNE3256,11,0.20,780,0.10,412.54,487.00,208.69,78,,,,,
JNE3257,11,0.07,"1,011",0.09,532.21,436.00,188.38,91,,,,,
JNE3261,11,0.13,"3,650",0.02,366.47,374.37,163.89,73,,,,,
JNE3265,11,0.16,"1,600",0.00,358.49,318.00,159.77,80,,,,,
JNE3273,11,0.07,"2,120",0.05,528.82,475.00,201.66,106,,,,,
JNE3288,11,0.19,709,0.11,425.92,420.00,201.04,78,,,,,
JNE3291,11,0.13,569,0.13,533.67,452.53,229.83,74,,,,,
JNE3294,11,0.04,314,0.22,560.81,432.00,211.46,69,,,,,
JNE3296,11,0.23,"1,580",0.05,391.62,431.00,186.33,79,,,,,
JNE3311,11,0.26,512,0.16,497.83,599.00,252.28,82,,,,,
JNE3313,11,0.21,"1,540",0.00,607.51,582.00,318.68,77,,,,,
JNE3334,11,0.02,"1,062",0.08,374.46,318.00,172.41,85,,,,,
JNE3348,11,0.08,"2,060",0.00,382.36,372.00,202.02,103,,,,,
JNE3363,11,0.09,"5,100",0.02,467.58,376.00,190.84,102,,,,,
JNE3364,11,0.30,"1,567",0.06,294.61,376.00,152.12,94,,,,,
JNE3365,11,0.18,588,0.16,321.34,370.03,159.25,94,,,,,
JNE3366,11,0.05,"1,440",0.05,377.60,376.00,176.49,72,,,,,
JNE3368,11,0.16,"1,157",0.07,500.27,469.75,250.55,81,,,,,
JNE3369,11,0.13,"2,967",0.03,444.88,399.00,186.10,89,,,,,
JNE3371,11,0.01,208,0.36,364.83,318.00,149.30,75,,,,,
JNE3373,11,0.02,"1,483",0.06,427.27,375.20,195.31,89,,,,,
JNE3376,11,0.21,494,0.16,427.39,462.86,220.43,79,,,,,
JNE3383,11,0.20,486,0.14,411.15,399.00,192.42,68,,,,,
JNE3384,11,0.27,106,0.68,235.19,301.00,134.04,72,,,,,
JNE3389,11,0.10,490,0.20,559.43,452.00,199.80,98,,,,,
JNE3391,11,0.16,"4,500",0.02,409.29,432.00,234.27,90,,,,,
JNE3395,11,0.10,971,0.07,419.55,333.00,160.72,68,,,,,
JNE3396,11,0.10,"1,850",0.04,501.67,502.15,244.21,74,,,,,
JNE3398,11,0.08,576,0.17,365.55,301.00,133.52,98,,,,,
JNE3399,11,0.15,950,0.08,411.32,428.92,199.22,76,,,,,
JNE3400,11,0.03,883,0.12,480.09,459.00,185.62,106,,,,,
JNE3401,11,0.23,"2,275",0.04,314.33,301.00,131.84,91,,,,,
JNE3403,11,0.17,809,0.11,447.27,399.00,208.40,89,,,,,
JNE3405,11,0.21,"1,133",0.06,518.84,551.32,243.02,68,,,,,
JNE3407,11,0.22,"1,071",0.07,304.24,301.00,164.19,75,,,,,
JNE3408,11,0.28,677,0.13,382.63,426.86,192.26,88,,,,,
JNE3412,11,0.29,32,2.07,416.49,435.00,169.72,67,,,,,
JNE3416,11,0.04,74,1.00,335.27,301.00,123.80,74,,,,,
JNE3420,11,0.17,660,0.10,308.11,301.00,145.69,66,,,,,
JNE3421,11,0.27,"1,300",0.00,387.37,435.00,191.68,65,,,,,
JNE3422,11,0.04,975,0.08,339.20,301.00,142.10,78,,,,,
JNE3423,11,0.24,975,0.08,428.84,414.29,189.43,78,,,,,
JNE3424,11,0.02,412,0.16,326.85,301.00,143.53,66,,,,,
JNE3426,11,0.14,400,0.22,315.68,333.00,127.24,88,,,,,
JNE3427,11,0.00,"2,650",0.04,376.83,301.00,145.79,106,,,,,
JNE3429,11,0.14,123,0.66,331.37,301.00,119.22,81,,,,,
JNE3431,11,0.17,"1,038",0.08,294.32,317.14,163.87,83,,,,,
JNE3432,11,0.16,"4,450",0.02,430.65,432.00,168.27,89,,,,,
JNE3434,11,0.12,"3,650",0.02,365.88,301.00,162.00,73,,,,,
JNE3437,11,0.04,925,0.08,536.83,492.12,269.14,74,,,,,
JNE3438,11,0.23,"2,375",0.04,453.78,459.00,245.08,95,,,,,
JNE3439,11,0.11,82,0.90,484.68,416.01,180.50,74,,,,,
JNE3440,11,0.16,412,0.24,417.49,411.83,221.52,99,,,,,
JNE3443,11,0.24,500,0.16,270.75,258.50,128.16,80,,,,,
JNE3445,11,0.20,"1,740",0.05,509.53,487.00,197.90,87,,,,,
JNE3447,11,0.24,326,0.23,276.86,301.00,123.87,75,,,,,
JNE3449,11,0.21,811,0.09,293.53,297.42,149.33,73,,,,,
JNE3452,11,0.10,"2,100",0.04,345.95,297.42,128.35,84,,,,,
JNE3454,11,0.03,"3,950",0.02,530.50,435.00,192.74,79,,,,,
JNE3456,11,0.12,785,0.13,353.88,296.22,128.65,102,,,,,
JNE3457,11,0.23,88,0.90,721.94,798.00,319.86,79,,,,,
JNE3458,11,0.12,"1,129",0.07,385.56,379.35,161.24,79,,,,,
JNE3459,11,0.21,"3,500",0.02,354.56,399.00,156.69,70,,,,,
JNE3460,11,0.17,"4,500",0.02,423.59,480.00,236.10,90,,,,,
JNE3461,11,0.25,627,0.11,318.21,398.37,164.69,69,,,,,
JNE3463,11,0.19,"1,800",0.04,569.38,518.96,260.54,72,,,,,
JNE3464,11,0.14,500,0.18,796.07,719.00,318.12,90,,,,,
JNE3465,11,0.09,"2,467",0.03,573.38,491.80,255.66,74,,,,,
JNE3466,11,0.20,"2,567",0.03,761.75,752.65,317.91,77,,,,,
JNE3467,11,0.02,820,0.10,455.50,345.00,158.26,82,,,,,
JNE3468,11,0.29,471,0.14,333.40,385.51,159.15,66,,,,,
JNE3470,11,0.14,560,0.15,350.66,301.00,114.87,84,,,,,
JNE3471,11,0.09,"3,150",0.02,322.06,301.00,144.44,63,,,,,
JNE3472,11,0.11,159,0.61,390.19,319.00,155.28,97,,,,,
JNE3473,11,0.13,"1,250",0.06,548.48,487.00,203.57,75,,,,,
JNE3475,11,0.12,"4,700",0.02,334.07,333.00,130.46,94,,,,,
JNE3476,11,0.05,520,0.15,472.84,399.00,161.22,78,,,,,
JNE3477,11,0.29,912,0.08,424.93,484.00,217.41,73,,,,,
JNE3479,11,0.08,"1,300",0.05,304.13,301.00,143.60,65,,,,,
JNE3481,11,0.01,"1,067",0.06,374.55,301.00,127.13,64,,,,,
JNE3482,11,0.23,800,0.11,281.38,314.97,132.83,88,,,,,
JNE3483,11,0.21,988,0.08,611.04,724.00,328.30,79,,,,,
JNE3484,11,0.29,960,0.10,295.35,301.00,160.27,96,,,,,
JNE3485,11,0.08,800,0.09,538.20,459.00,236.80,72,,,,,
JNE3486,11,0.11,344,0.18,415.74,344.25,155.39,62,,,,,
JNE3487,11,0.19,63,1.21,339.84,326.10,129.32,76,,,,,
JNE3488,11,0.04,"2,433",0.03,339.51,301.00,139.70,73,,,,,
JNE3491,11,0.03,461,0.18,472.83,396.48,162.36,83,,,,,
JNE3500,11,0.02,650,0.10,432.78,343.27,170.12,65,,,,,
JNE3501,11,0.25,625,0.12,364.65,350.77,139.52,75,,,,,
JNE3504,11,0.05,"1,575",0.04,496.57,459.00,251.60,63,,,,,
JNE3506,11,0.25,"1,940",0.00,629.80,619.17,245.24,97,,,,,
JNE3510,11,0.25,"1,012",0.08,441.77,428.88,229.23,81,,,,,
JNE3515,11,0.17,"2,075",0.04,483.58,453.54,224.82,83,,,,,
JNE3516,11,0.17,66,1.19,394.00,345.00,134.03,78,,,,,
JNE3517,11,0.13,592,0.12,466.63,451.00,237.12,71,,,,,
JNE3518,11,0.22,"1,533",0.06,487.98,452.18,175.62,92,,,,,
JNE3522,11,0.27,700,0.12,307.47,325.00,147.07,84,,,,,
JNE3530,11,0.18,"1,925",0.04,290.73,333.00,166.55,77,,,,,
JNE3534,11,0.28,190,0.41,319.97,325.00,137.18,78,,,,,
JNE3535,11,0.18,"1,820",0.05,435.02,435.00,236.74,91,,,,,
JNE3537,11,0.07,"1,350",0.06,413.37,367.00,152.46,81,,,,,
JNE3539,11,0.19,789,0.09,333.66,330.00,176.38,71,,,,,
JNE3542,11,0.19,488,0.17,297.32,333.00,179.89,83,,,,,
JNE3543,11,0.12,"1,414",0.07,381.46,357.00,163.00,99,,,,,
JNE3544,11,0.11,406,0.17,381.89,320.00,151.98,69,,,,,
JNE3545,11,0.29,"1,540",0.05,238.29,318.00,126.91,77,,,,,
JNE3546,11,0.01,"4,900",0.02,530.38,467.68,229.33,98,,,,,
JNE3547,11,0.10,438,0.16,488.96,517.00,274.06,70,,,,,
JNE3548,11,0.08,544,0.16,568.63,517.00,271.78,87,,,,,
JNE3549,11,0.02,"7,000",0.01,406.66,318.00,133.73,70,,,,,
JNE3553,11,0.00,135,0.54,687.39,517.00,275.46,73,,,,,
JNE3554,11,0.06,850,0.08,671.05,517.00,276.96,68,,,,,
JNE3555,11,0.21,"2,567",0.03,485.90,487.00,210.11,77,,,,,
JNE3559,11,0.25,810,0.10,416.06,487.00,191.32,81,,,,,
JNE3560,11,0.19,810,0.10,527.75,474.38,255.04,81,,,,,
JNE3562,11,0.19,"1,029",0.07,397.87,371.73,152.52,72,,,,,
JNE3564,11,0.28,"1,300",0.07,438.67,487.00,261.12,91,,,,,
JNE3565,11,0.23,"1,340",0.05,316.72,318.00,170.31,67,,,,,
JNE3566,11,0.24,100,0.92,349.22,334.55,128.77,92,,,,,
JNE3567,11,0.21,357,0.21,399.06,388.77,148.62,75,,,,,
JNE3568,11,0.19,54,1.47,415.40,435.00,211.57,80,,,,,
JNE3571,11,0.02,600,0.12,620.23,487.00,200.56,72,,,,,
JNE3575,11,0.13,"1,217",0.06,436.04,471.00,198.73,73,,,,,
JNE3576,11,0.02,"3,600",0.02,565.67,487.00,236.70,72,,,,,
JNE3577,11,0.09,654,0.13,755.10,696.00,372.92,85,,,,,
JNE3578,11,0.15,"1,317",0.06,576.59,612.00,255.75,79,,,,,
JNE3579,11,0.20,733,0.09,254.79,301.00,136.98,66,,,,,
JNE3601,11,0.05,269,0.26,311.30,298.80,116.37,70,,,,,
JNE3602,11,0.25,692,0.12,360.71,376.00,148.87,83,,,,,
JNE3603,11,0.27,"6,400",0.01,292.42,301.00,141.28,64,,,,,
JNE3605,11,0.05,514,0.14,685.58,517.00,274.58,72,,,,,
JNE3606,11,0.21,300,0.25,445.24,481.20,224.36,75,,,,,
JNE3607,11,0.07,198,0.44,546.57,466.51,255.68,87,,,,,
JNE3608,11,0.20,"1,725",0.04,345.75,313.64,147.51,69,,,,,
JNE3609,11,0.20,"1,580",0.00,503.69,568.00,306.96,79,,,,,
JNE3610,11,0.01,335,0.20,387.74,301.00,159.47,67,,,,,
JNE3611,11,0.18,538,0.13,479.20,444.66,235.68,70,,,,,
JNE3612,11,0.29,"8,300",0.01,291.69,380.00,167.06,83,,,,,
JNE3613,11,0.07,"1,483",0.06,501.48,399.00,168.85,89,,,,,
JNE3614,11,0.01,268,0.25,556.68,421.33,189.95,67,,,,,
JNE3615,11,0.12,248,0.27,281.22,301.00,116.32,67,,,,,
JNE3616,11,0.23,"1,500",0.05,266.58,320.00,155.61,75,,,,,
JNE3617,11,0.08,492,0.13,295.53,301.00,150.93,64,,,,,
JNE3618,11,0.30,303,0.30,312.90,382.98,154.09,91,,,,,
JNE3619,11,0.04,267,0.33,345.90,293.36,150.19,88,,,,,
JNE3620,11,0.14,789,0.09,343.20,322.79,124.68,71,,,,,
JNE3621,11,0.21,"1,114",0.07,411.10,455.00,249.31,78,,,,,
JNE3622,11,0.15,692,0.12,406.13,349.00,134.41,83,,,,,
JNE3623,11,0.19,"3,400",0.02,345.67,362.00,196.44,68,,,,,
JNE3627,11,0.26,565,0.17,250.84,318.00,121.22,96,,,,,
JNE3628,11,0.01,"2,700",0.03,556.90,487.00,261.74,81,,,,,
JNE3630,11,0.18,350,0.20,404.36,399.00,153.70,70,,,,,
JNE3633,11,0.14,"3,200",0.03,450.49,439.13,202.47,96,,,,,
JNE3634,11,0.25,150,0.54,446.07,519.06,229.94,81,,,,,
JNE3635,11,0.01,"1,480",0.00,358.05,330.00,142.47,74,,,,,
JNE3636,11,0.06,"3,550",0.02,576.74,459.00,216.98,71,,,,,
JNE3637,11,0.04,184,0.44,670.01,499.00,221.21,81,,,,,
JNE3638,11,0.07,460,0.15,560.31,517.00,232.99,69,,,,,
JNE3639,11,0.04,15,4.40,776.12,683.07,271.04,64,,,,,
JNE3640,11,0.14,250,0.28,716.70,658.11,356.88,70,,,,,
JNE3642,11,0.08,"2,025",0.04,384.35,321.00,124.69,81,,,,,
JNE3644,11,0.13,"1,600",0.04,325.35,315.00,148.85,64,,,,,
JNE3645,11,0.24,"1,500",0.06,688.67,663.00,294.75,90,,,,,
JNE3648,11,0.16,"1,380",0.05,562.86,537.78,278.58,69,,,,,
JNE3651,11,0.25,"4,300",0.02,422.82,466.83,219.96,86,,,,,
JNE3652,11,0.21,292,0.24,340.81,338.00,165.60,70,,,,,
JNE3653,11,0.23,"1,071",0.07,377.11,354.00,159.58,75,,,,,
JNE3654,11,0.27,"3,950",0.02,440.27,454.12,243.76,79,,,,,
JNE3655,11,0.03,271,0.28,327.17,317.00,121.84,76,,,,,
JNE3656,11,0.27,755,0.11,488.71,574.00,219.47,83,,,,,
JNE3658,11,0.17,"1,520",0.00,356.90,354.00,162.44,76,,,,,
JNE3659,11,0.28,122,0.60,433.26,518.72,258.00,73,,,,,
JNE3660,11,0.22,149,0.47,372.78,369.04,151.92,70,,,,,
JNE3661,11,0.16,"2,950",0.02,330.54,293.84,127.41,59,,,,,
JNE3662,11,0.25,"1,117",0.06,446.15,455.50,237.93,67,,,,,
JNE3665,11,0.21,274,0.31,621.29,563.25,231.03,85,,,,,
JNE3666,11,0.21,263,0.27,272.36,301.00,116.95,71,,,,,
JNE3669,11,0.14,21,2.92,562.45,482.22,230.94,61,,,,,
JNE3670,11,0.20,"7,000",0.01,384.98,365.03,142.89,70,,,,,
JNE3671,11,0.00,662,0.13,794.61,675.25,271.97,86,,,,,
JNE3674,11,0.22,400,0.17,559.66,549.00,266.81,68,,,,,
JNE3675,11,0.29,"2,400",0.03,549.21,712.00,293.49,72,,,,,
JNE3676,11,0.15,"1,233",0.06,413.73,367.00,140.25,74,,,,,
JNE3680,11,0.09,521,0.14,645.78,574.00,278.53,73,,,,,
JNE3687,11,0.06,"1,160",0.05,590.32,545.00,222.08,58,,,,,
JNE3688,11,0.24,529,0.14,582.49,599.00,281.72,74,,,,,
JNE3689,11,0.30,"1,433",0.06,374.40,419.64,201.21,86,,,,,
JNE3690,11,0.09,228,0.29,742.13,726.00,365.56,66,,,,,
JNE3691,11,0.27,800,0.10,660.84,853.50,461.25,80,,,,,
JNE3697,11,0.22,"1,600",0.00,466.16,497.30,189.00,80,,,,,
JNE3698,11,0.08,155,0.51,393.09,342.00,130.16,79,,,,,
JNE3701,11,0.25,943,0.07,305.12,299.84,125.72,66,,,,,
JNE3702,11,0.25,"3,250",0.02,335.13,325.00,126.55,65,,,,,
JNE3703,11,0.08,81,0.86,329.71,290.17,117.68,70,,,,,
JNE3704,11,0.16,"1,483",0.06,537.46,487.00,247.37,89,,,,,
JNE3706,11,0.03,"2,200",0.04,478.96,410.19,194.19,88,,,,,
JNE3707,11,0.06,"3,250",0.02,618.08,501.50,264.81,65,,,,,
JNE3708,11,0.12,"1,520",0.05,974.25,987.00,382.77,76,,,,,
JNE3709,11,0.02,"1,750",0.04,915.77,792.00,353.98,70,,,,,
JNE3710,11,0.10,242,0.26,803.59,701.96,358.79,63,,,,,
JNE3712,11,0.13,116,0.69,476.06,518.00,225.75,80,,,,,
JNE3713,11,0.02,677,0.13,451.99,354.00,157.50,88,,,,,
JNE3714,11,0.04,"3,400",0.02,627.62,487.00,238.20,68,,,,,
JNE3715,11,0.13,35,1.92,311.55,301.00,159.74,67,,,,,
JNE3716,11,0.03,527,0.15,498.08,425.50,185.45,79,,,,,
JNE3717,11,0.05,925,0.08,385.45,301.00,138.93,74,,,,,
JNE3718,11,0.05,922,0.09,585.62,466.48,195.32,83,,,,,
JNE3719,11,0.24,305,0.21,348.98,399.00,184.17,64,,,,,
JNE3720,11,0.10,825,0.08,541.33,517.00,209.45,66,,,,,
JNE3721,11,0.28,"2,500",0.03,274.87,296.49,135.25,75,,,,,
JNE3722,11,0.10,"1,540",0.05,337.84,301.00,136.85,77,,,,,
JNE3724,11,0.07,162,0.42,498.18,484.00,194.07,68,,,,,
JNE3725,11,0.01,830,0.10,506.93,442.00,212.78,83,,,,,
JNE3726,11,0.27,875,0.08,328.83,330.00,173.98,70,,,,,
JNE3727,11,0.29,"1,420",0.00,481.17,525.00,286.18,71,,,,,
JNE3728,11,0.02,642,0.12,451.17,330.00,139.14,77,,,,,
JNE3730,11,0.27,419,0.21,289.70,301.00,149.22,88,,,,,
JNE3732,11,0.26,147,0.45,440.04,431.00,185.46,66,,,,,
JNE3733,11,0.13,292,0.26,509.25,520.00,212.72,76,,,,,
JNE3734,11,0.21,310,0.20,449.45,431.00,217.03,62,,,,,
JNE3735,11,0.01,"1,220",0.00,397.67,380.00,195.24,61,,,,,
JNE3736,11,0.07,"1,580",0.05,476.74,399.00,216.94,79,,,,,
JNE3738,11,0.14,957,0.07,359.95,344.70,181.59,67,,,,,
JNE3739,11,0.00,"1,267",0.06,519.49,443.49,242.82,76,,,,,
JNE3740,11,0.24,373,0.22,309.25,301.00,147.61,82,,,,,
JNE3741,11,0.21,800,0.09,489.16,459.00,206.42,72,,,,,
JNE3742,11,0.14,359,0.17,393.00,432.00,208.79,61,,,,,
JNE3743,11,0.07,"1,086",0.07,372.44,317.00,150.77,76,,,,,
JNE3744,11,0.04,"2,175",0.04,520.53,460.00,182.29,87,,,,,
JNE3745,11,0.22,"3,750",0.02,249.49,267.56,131.32,75,,,,,
JNE3748,11,0.09,900,0.07,526.04,431.00,199.39,63,,,,,
JNE3749,11,0.21,322,0.27,388.36,424.36,176.86,87,,,,,
JNE3750,11,0.02,281,0.31,735.74,544.00,244.06,87,,,,,
JNE3751,11,0.29,183,0.36,275.76,349.00,168.42,66,,,,,
JNE3752,11,0.01,"1,000",0.06,437.85,345.00,153.26,60,,,,,
JNE3753,11,0.04,"2,133",0.03,586.07,475.00,191.61,64,,,,,
JNE3756,11,0.05,373,0.15,526.62,487.00,189.24,56,,,,,
JNE3757,11,0.22,733,0.09,442.03,487.00,255.67,66,,,,,
JNE3758,11,0.19,43,1.43,408.77,376.00,147.57,62,,,,,
JNE3759,11,0.17,"1,450",0.04,591.15,540.95,252.27,58,,,,,
JNE3760,11,0.09,"1,525",0.04,453.69,427.89,216.55,61,,,,,
JNE3761,11,0.12,"1,725",0.04,304.22,279.50,131.91,69,,,,,
JNE3762,11,0.10,167,0.51,306.69,318.00,121.92,85,,,,,
JNE3763,11,0.29,88,0.75,365.99,459.00,214.01,66,,,,,
JNE3764,11,0.07,198,0.42,430.64,379.54,187.53,83,,,,,
JNE3765,11,0.04,857,0.07,536.07,517.00,228.68,60,,,,,
JNE3766,11,0.24,315,0.27,317.13,310.20,157.95,85,,,,,
JNE3767,11,0.10,125,0.72,570.36,487.00,261.57,90,,,,,
JNE3768,11,0.21,"1,171",0.07,522.60,479.27,253.10,82,,,,,
JNE3770,11,0.03,300,0.20,610.66,487.00,248.81,60,,,,,
JNE3771,11,0.14,"1,257",0.07,410.38,346.00,181.37,88,,,,,
JNE3774,11,0.05,429,0.17,530.66,449.00,198.03,73,,,,,
JNE3775,11,0.01,424,0.17,375.49,301.00,156.24,72,,,,,
JNE3776,11,0.20,"1,360",0.00,335.18,301.00,147.86,68,,,,,
JNE3777,11,0.10,617,0.12,371.72,324.00,171.56,74,,,,,
JNE3778,11,0.15,"1,286",0.07,413.86,459.00,182.47,90,,,,,
JNE3779,11,0.16,773,0.11,378.80,346.00,162.42,85,,,,,
JNE3780,11,0.10,871,0.07,399.82,325.00,127.26,61,,,,,
JNE3781,11,0.13,39,1.95,480.59,415.82,181.51,77,,,,,
JNE3782,11,0.23,164,0.44,525.42,544.00,283.26,72,,,,,
JNE3783,11,0.14,"1,480",0.00,571.32,517.00,267.45,74,,,,,
JNE3784,11,0.13,42,1.84,555.27,457.01,248.18,77,,,,,
JNE3785,11,0.03,485,0.13,344.56,328.38,171.18,63,,,,,
JNE3786,11,0.15,583,0.12,378.17,346.63,174.23,70,,,,,
JNE3787,11,0.01,"7,200",0.01,521.07,458.00,238.12,72,,,,,
JNE3788,11,0.11,"1,300",0.06,0.00,0.00,0.00,78,,,,,
JNE3790,11,0.16,205,0.41,319.25,301.00,159.38,84,,,,,
JNE3791,11,0.03,"1,300",0.06,427.17,399.00,188.20,78,,,,,
JNE3792,11,0.27,257,0.30,353.95,432.00,222.45,77,,,,,
JNE3793,11,0.20,"1,600",0.04,353.91,349.00,170.34,64,,,,,
JNE3794,11,0.29,"7,500",0.01,369.51,475.34,220.76,75,,,,,
JNE3795,11,0.00,870,0.10,590.83,517.00,223.67,87,,,,,
JNE3796,11,0.02,"1,062",0.08,389.01,295.71,160.67,85,,,,,
JNE3797,11,0.17,850,0.10,691.91,715.88,296.44,85,,,,,
JNE3798,11,0.06,971,0.07,811.84,707.44,313.58,68,,,,,
JNE3799,11,0.14,629,0.14,755.75,637.08,341.54,88,,,,,
JNE3800,11,0.21,23,2.53,624.30,699.65,280.90,59,,,,,
JNE3801,11,0.07,365,0.17,785.35,711.80,280.06,62,,,,,
JNE3802,11,0.04,264,0.25,553.25,456.56,246.37,66,,,,,
JNE3803,11,0.23,"6,300",0.01,492.88,487.00,244.93,63,,,,,
JNE3804,11,0.18,"3,400",0.02,436.26,389.60,160.88,68,,,,,
JNE3805,11,0.29,21,3.00,473.85,487.00,205.90,62,,,,,
JNE3806,11,0.00,843,0.07,668.94,506.07,262.46,59,,,,,
JNE3807,11,0.27,211,0.38,617.08,748.12,384.84,80,,,,,
JNE3810,11,0.27,324,0.21,416.96,539.52,262.76,68,,,,,
JNE3811,11,0.13,292,0.26,488.39,474.00,204.59,76,,,,,
JNE3813,11,0.26,146,0.41,516.67,635.00,296.95,60,,,,,
JNE3817,11,0.01,844,0.09,569.01,442.59,215.67,76,,,,,
JNE3818,11,0.28,562,0.13,430.49,466.60,219.94,73,,,,,
JNE3819,11,0.11,786,0.07,450.39,475.00,233.81,55,,,,,
JNE3820,11,0.21,"2,433",0.03,503.89,475.00,200.89,73,,,,,
JNE3821,11,0.12,950,0.06,475.53,475.24,258.42,57,,,,,
JNE3822,11,0.08,967,0.06,486.96,440.61,223.43,58,,,,,
JNE3823,11,0.03,"1,350",0.04,621.39,499.00,213.94,54,,,,,
JNE3834,11,0.22,933,0.09,623.53,666.00,306.05,84,,,,,
JNE3835,11,0.01,656,0.09,794.14,666.00,354.17,59,,,,,
JNE3836,11,0.11,"2,200",0.03,612.59,641.50,304.03,66,,,,,
JNE3837,11,0.00,456,0.16,634.54,533.00,244.89,73,,,,,
JNE3838,11,0.11,290,0.20,466.02,397.37,202.17,58,,,,,
JNE3856,11,0.06,"2,850",0.02,857.87,666.00,335.82,57,,,,,
JNE3860,11,0.18,243,0.28,601.52,614.00,298.32,68,,,,,
JNE3861,11,0.07,"8,200",0.01,"1,044.45",937.25,512.29,82,,,,,
JNE3862,11,0.25,"1,033",0.06,603.13,620.55,330.49,62,,,,,
JNE3863,11,0.10,"3,450",0.02,865.24,696.67,345.02,69,,,,,
JNE3864,11,0.01,"8,200",0.01,678.09,599.00,307.92,82,,,,,
JNE3865,11,0.24,"1,114",0.07,466.95,510.29,252.25,78,,,,,
JNE3866,11,0.26,406,0.18,740.32,753.00,398.82,73,,,,,
JNE3869,11,0.13,592,0.13,"1,008.78",917.78,365.84,77,,,,,
JNE3870,11,0.17,450,0.14,788.26,872.33,391.76,63,,,,,
JNE3872,11,0.22,80,0.83,763.58,771.00,340.63,66,,,,,
JNE3875,11,0.26,323,0.22,494.40,599.00,232.62,71,,,,,
JNE3878,11,0.19,436,0.14,396.36,398.30,173.08,61,,,,,
JNE3879,11,0.19,"1,440",0.00,647.90,647.58,269.29,72,,,,,
JNE3880,11,0.22,407,0.15,614.82,581.00,270.32,61,,,,,
JNE3881,11,0.02,"1,440",0.05,979.80,825.00,441.56,72,,,,,
JNE3885,11,0.11,"1,243",0.07,533.07,521.82,239.36,87,,,,,
JNE3886,11,0.16,296,0.27,499.65,526.00,245.34,80,,,,,
JNE3887,11,0.07,"1,067",0.06,663.32,526.00,236.82,64,,,,,
JNE3888,11,0.10,"1,540",0.00,695.21,696.00,364.93,77,,,,,
JNE3890,11,0.15,"2,800",0.02,632.92,621.00,265.04,56,,,,,
JNE3891,11,0.18,143,0.47,568.04,621.00,282.47,67,,,,,
JNE3892,11,0.05,338,0.21,830.06,661.60,356.53,71,,,,,
JNE3893,11,0.04,"1,000",0.07,724.95,621.00,334.77,70,,,,,
JNE3894,11,0.07,322,0.18,880.27,807.00,400.60,58,,,,,
JNE3895,11,0.24,618,0.11,618.05,691.29,292.60,68,,,,,
JNE3896,11,0.04,517,0.12,753.31,582.00,232.17,62,,,,,
JNE3899,11,0.04,"1,200",0.07,694.95,582.00,293.49,84,,,,,
JNE3900,11,0.02,421,0.19,742.18,582.00,270.81,80,,,,,
JNE3902,11,0.01,711,0.09,808.84,599.00,234.01,64,,,,,
JNE3903,11,0.18,645,0.11,521.27,465.50,212.08,71,,,,,
JNE3904,11,0.14,219,0.31,593.54,592.42,282.29,68,,,,,
JNE3905,11,0.20,"1,280",0.05,701.99,634.31,247.12,64,,,,,
JNE3906,11,0.02,74,0.86,883.98,852.00,364.43,64,,,,,
JNE3908,11,0.06,592,0.13,817.68,736.00,376.22,77,,,,,
JNE3909,11,0.09,492,0.13,863.61,696.00,264.91,64,,,,,
JNE3910,11,0.16,300,0.18,748.53,777.50,298.78,54,,,,,
JNE3928,11,0.17,"1,000",0.06,540.07,568.00,271.87,60,,,,,
MEN5001,11,0.12,"1,140",0.00,666.27,655.00,312.18,57,,,,,
MEN5002,11,0.12,525,0.12,788.83,709.00,374.57,63,,,,,
MEN5003,11,0.14,667,0.09,655.12,633.00,317.61,60,,,,,
MEN5004,11,0.08,530,0.10,869.55,724.62,353.81,53,,,,,
MEN5006,11,0.17,108,0.51,636.67,562.69,254.88,55,,,,,
MEN5007,11,0.06,442,0.19,740.20,612.33,299.71,84,,,,,
MEN5008,11,0.05,"1,600",0.00,733.05,688.00,263.02,80,,,,,
MEN5009,11,0.13,21,2.91,823.88,688.00,307.55,62,,,,,
MEN5010,11,0.26,"1,733",0.03,783.78,927.00,472.47,52,,,,,
MEN5011,11,0.15,277,0.26,564.13,602.00,320.68,72,,,,,
MEN5012,11,0.15,542,0.12,602.12,655.00,343.23,65,,,,,
MEN5013,11,0.29,"2,600",0.02,609.22,688.00,349.63,52,,,,,
MEN5014,11,0.05,61,1.04,688.49,665.00,347.58,63,,,,,
MEN5015,11,0.27,"1,700",0.00,480.32,598.93,310.41,85,,,,,
MEN5017,11,0.00,"1,900",0.03,850.09,736.00,383.11,57,,,,,
MEN5018,11,0.15,"2,050",0.04,639.47,655.00,260.40,82,,,,,
MEN5019,11,0.18,400,0.13,659.15,637.22,341.78,52,,,,,
MEN5021,11,0.14,578,0.09,810.24,705.27,338.69,52,,,,,
MEN5022,11,0.02,420,0.15,972.77,754.00,288.78,63,,,,,
MEN5023,11,0.12,35,1.61,757.65,754.00,400.34,57,,,,,
MEN5024,11,0.06,275,0.24,689.38,645.66,311.45,66,,,,,
MEN5025,11,0.04,857,0.07,985.57,739.64,284.90,60,,,,,
MEN5026,11,0.13,"1,600",0.05,635.98,694.30,279.71,80,,,,,
MEN5027,11,0.01,957,0.07,821.63,611.18,251.26,67,,,,,
MEN5028,11,0.19,"2,067",0.03,643.15,709.00,358.86,62,,,,,
MEN5029,11,0.01,200,0.31,854.83,625.00,325.59,62,,,,,
MEN5031,11,0.21,78,0.68,659.84,714.00,279.89,53,,,,,
MEN5032,11,0.18,52,1.39,777.07,787.00,358.36,72,,,,,
NW001,11,0.06,"3,200",0.02,657.39,539.00,244.07,64,,,,,
NW002,11,0.07,206,0.32,531.34,455.00,228.59,66,,,,,
NW003,11,0.11,71,0.80,511.60,495.00,207.50,57,,,,,
NW004,11,0.03,"2,333",0.03,573.10,475.00,246.15,70,,,,,
NW005,11,0.05,343,0.21,679.97,548.16,271.32,72,,,,,
NW006,11,0.22,"1,220",0.00,411.96,496.00,192.22,61,,,,,
NW007,11,0.14,388,0.17,486.72,537.00,256.51,66,,,,,
NW008,11,0.07,367,0.15,628.09,558.00,258.75,55,,,,,
NW009,11,0.24,194,0.34,466.52,560.00,284.92,66,,,,,
NW012,11,0.25,236,0.33,499.65,519.45,275.56,78,,,,,
NW013,11,0.20,"3,350",0.02,427.47,475.00,211.94,67,,,,,
NW014,11,0.03,246,0.24,625.85,537.00,269.00,59,,,,,
NW015,11,0.10,"1,700",0.04,510.01,506.33,228.45,68,,,,,
NW016,11,0.04,938,0.08,685.99,575.36,301.35,75,,,,,
NW020,11,0.01,790,0.10,558.21,517.00,242.06,79,,,,,
NW024,11,0.21,820,0.10,468.10,560.00,275.96,82,,,,,
NW027,11,0.23,62,0.97,504.06,613.00,323.14,60,,,,,
NW028,11,0.26,371,0.14,552.02,539.00,290.64,52,,,,,
NW029,11,0.26,914,0.07,370.30,455.00,173.68,64,,,,,
NW030,11,0.11,938,0.08,652.68,565.00,279.79,75,,,,,
NW031,11,0.03,264,0.28,606.19,582.00,239.97,74,,,,,
NW032,11,0.26,929,0.07,399.29,496.00,251.33,65,,,,,
NW033,11,0.07,986,0.07,637.31,558.00,242.25,69,,,,,
NW034,11,0.12,730,0.23,710.56,665.83,280.16,168,,,,,
NW035,11,0.08,155,0.44,740.54,582.00,261.17,68,,,,,
NW036,11,0.27,800,0.08,543.26,539.00,217.45,64,,,,,
NW037,11,0.22,"3,500",0.02,464.32,450.00,211.42,70,,,,,
NW038,11,0.11,30,2.25,566.29,504.69,231.29,68,,,,,
NW039,11,0.21,196,0.26,472.87,495.00,237.59,51,,,,,
PJ0096,11,0.06,725,0.08,"1,213.50","1,099.00",539.27,58,,,,,
PJNE1906,11,0.12,711,0.09,"1,016.33",836.00,327.70,64,,,,,
PJNE2014,11,0.30,840,0.10,704.40,798.00,326.22,84,,,,,
PJNE2171,11,0.10,500,0.12,"1,175.89","1,043.00",551.61,60,,,,,
PJNE2199,11,0.30,"1,625",0.04,576.44,728.00,309.95,65,,,,,
PJNE2270,11,0.04,250,0.22,"1,125.04","1,099.00",429.14,55,,,,,
PJNE3068,11,0.21,300,0.17,"1,149.97","1,054.20",547.33,51,,,,,
PJNE3252,11,0.01,850,0.08,944.08,822.22,442.93,68,,,,,
PJNE3291,11,0.01,284,0.19,"1,036.59",869.00,368.46,54,,,,,
PJNE3363,11,0.17,"1,000",0.08,674.81,745.81,337.36,80,,,,,
PJNE3364,11,0.04,"1,000",0.07,"1,077.78",836.00,340.16,70,,,,,
PJNE3368,11,0.16,486,0.14,773.52,869.00,457.30,68,,,,,
PJNE3373,11,0.06,986,0.07,"1,054.52",836.00,346.78,69,,,,,
PJNE3399,11,0.09,822,0.09,760.14,760.00,391.95,74,,,,,
PJNE3421,11,0.22,"1,280",0.05,981.45,925.00,383.33,64,,,,,
PJNE3439,11,0.29,"1,360",0.05,857.33,925.00,457.41,68,,,,,
PJNE3440,11,0.24,477,0.13,778.67,925.00,404.15,62,,,,,
PJNE3445,11,0.02,"2,633",0.03,"1,131.34",925.00,459.95,79,,,,,
PJNE3568,11,0.00,339,0.18,925.22,798.00,367.94,61,,,,,
PJNE3607,11,0.16,"1,083",0.06,811.99,869.00,424.94,65,,,,,
PSET043,11,0.27,"1,100",0.05,"1,606.23","1,629.00",653.03,55,,,,,
PSET264,11,0.26,473,0.11,"1,168.00","1,325.00",544.81,52,,,,,
PSET268,11,0.25,912,0.08,936.05,"1,049.25",498.76,73,,,,,
SAR 27.00,11,0.02,722,0.09,716.51,659.00,289.59,65,,,,,
SAR 29.00,11,0.28,644,0.09,561.82,659.00,310.62,58,,,,,
SAR 34.00,11,0.06,722,0.09,983.34,772.00,385.05,65,,,,,
SAR 36.00,11,0.13,"1,280",0.00,754.74,737.00,348.32,64,,,,,
SAR 37.00,11,0.07,120,0.44,"1,093.25",849.95,388.35,53,,,,,
SAR 59.00,11,0.16,483,0.12,"1,026.79",885.00,456.73,58,,,,,
SAR 69.00,11,0.02,"1,360",0.00,954.65,885.00,476.62,68,,,,,
SAR 148.00,11,0.08,"1,180",0.05,773.46,756.00,328.38,59,,,,,
SAR 152.00,11,0.16,337,0.19,858.53,756.00,406.02,64,,,,,
SET004,11,0.10,"1,140",0.00,696.81,652.00,258.13,57,,,,,
SET014,11,0.24,280,0.20,625.75,783.00,347.56,56,,,,,
SET037,11,0.12,"1,380",0.00,617.11,612.00,238.82,69,,,,,
SET038,11,0.19,378,0.18,560.96,550.00,243.81,68,,,,,
SET043,11,0.04,850,0.08,"1,275.28",999.00,492.57,68,,,,,
SET044,11,0.05,871,0.07,637.61,612.00,322.11,61,,,,,
SET048,11,0.24,413,0.15,520.44,629.00,261.04,62,,,,,
SET053,11,0.01,509,0.11,788.22,580.00,257.86,56,,,,,
SET055,11,0.02,479,0.14,769.41,598.00,274.67,67,,,,,
SET058,11,0.19,"1,275",0.04,861.99,847.00,337.14,51,,,,,
SET062,11,0.16,"3,200",0.02,720.29,650.00,270.36,64,,,,,
SET070,11,0.07,"1,180",0.05,986.63,884.00,339.90,59,,,,,
SET073,11,0.28,582,0.11,780.44,824.00,431.95,64,,,,,
SET075,11,0.13,"6,800",0.01,887.08,864.00,429.41,68,,,,,
SET087,11,0.20,"1,733",0.03,533.50,587.33,248.75,52,,,,,
SET091,11,0.08,933,0.09,572.75,477.00,259.63,84,,,,,
SET094,11,0.14,540,0.10,901.69,876.00,478.17,54,,,,,
SET098,11,0.21,"1,540",0.00,835.55,759.00,319.07,77,,,,,
SET100,11,0.17,362,0.21,754.09,775.00,310.74,76,,,,,
SET110,11,0.12,"1,220",0.05,"1,011.01",837.00,411.68,61,,,,,
SET116,11,0.04,512,0.16,762.40,576.93,306.46,82,,,,,
SET128,11,0.15,770,0.10,888.26,921.00,374.02,77,,,,,
SET130,11,0.21,"1,475",0.04,642.73,612.00,323.34,59,,,,,
SET131,11,0.07,"1,050",0.06,697.72,624.38,301.24,63,,,,,
SET132,11,0.24,"2,050",0.04,632.68,607.14,251.64,82,,,,,
SET144,11,0.22,232,0.34,723.34,767.97,328.38,79,,,,,
SET145,11,0.00,"6,700",0.01,999.87,762.97,336.47,67,,,,,
SET147,11,0.26,680,0.10,614.19,684.00,295.51,68,,,,,
SET154,11,0.14,"1,240",0.05,727.51,748.80,409.13,62,,,,,
SET156,11,0.22,"1,500",0.00,593.93,680.00,272.88,75,,,,,
SET158,11,0.05,517,0.12,900.91,791.00,388.56,62,,,,,
SET165,11,0.29,514,0.14,529.15,567.00,294.35,72,,,,,
SET171,11,0.03,407,0.15,979.55,800.33,316.58,61,,,,,
SET172,11,0.26,90,0.60,"1,062.35","1,112.00",501.32,54,,,,,
SET179,11,0.23,988,0.08,441.41,499.00,240.45,79,,,,,
SET182,11,0.06,67,0.83,800.63,699.00,329.55,56,,,,,
SET183,11,0.29,158,0.36,529.29,699.62,272.13,57,,,,,
SET184,11,0.11,800,0.07,678.81,570.83,299.08,56,,,,,
SET185,11,0.01,200,0.29,873.34,631.71,284.49,58,,,,,
SET186,11,0.27,800,0.09,521.40,599.00,277.94,72,,,,,
SET187,11,0.07,800,0.07,657.63,671.00,299.30,56,,,,,
SET188,11,0.04,82,0.85,690.15,648.00,354.40,70,,,,,
SET192,11,0.17,690,0.10,687.57,648.00,260.33,69,,,,,
SET194,11,0.07,900,0.07,753.64,641.00,290.97,63,,,,,
SET196,11,0.10,"3,150",0.02,797.04,668.00,262.64,63,,,,,
SET197,11,0.25,"7,000",0.01,648.30,759.00,326.19,70,,,,,
SET198,11,0.08,"3,350",0.02,603.64,498.10,261.04,67,,,,,
SET199,11,0.01,667,0.09,750.12,587.00,247.18,60,,,,,
SET200,11,0.25,914,0.07,473.63,543.00,245.45,64,,,,,
SET201,11,0.11,730,0.10,627.31,568.00,253.82,73,,,,,
SET203,11,0.22,122,0.60,361.38,420.59,201.00,73,,,,,
SET204,11,0.25,72,0.80,603.59,666.00,282.92,58,,,,,
SET205,11,0.11,"1,460",0.00,476.65,394.25,154.21,73,,,,,
SET209,11,0.26,700,0.11,402.48,454.22,215.01,77,,,,,
SET210,11,0.24,431,0.13,587.26,575.00,305.18,56,,,,,
SET216,11,0.08,163,0.35,603.46,522.00,284.92,57,,,,,
SET217,11,0.22,362,0.16,678.69,778.87,297.98,58,,,,,
SET218,11,0.12,"1,520",0.00,735.69,667.00,271.73,76,,,,,
SET219,11,0.06,862,0.08,732.45,635.00,335.79,69,,,,,
SET220,11,0.11,113,0.53,"1,205.83","1,139.00",448.15,60,,,,,
SET221,11,0.20,420,0.15,597.47,684.00,275.05,63,,,,,
SET224,11,0.15,225,0.28,"1,116.08","1,098.00",493.53,63,,,,,
SET227,11,0.20,467,0.15,491.27,571.00,275.32,70,,,,,
SET228,11,0.23,"3,500",0.02,608.80,729.00,394.16,70,,,,,
SET229,11,0.03,670,0.10,979.95,845.00,416.60,67,,,,,
SET230,11,0.01,"1,975",0.04,952.90,832.00,344.04,79,,,,,
SET232,11,0.08,658,0.12,606.73,480.00,263.62,79,,,,,
SET233,11,0.08,"1,300",0.00,576.46,530.33,261.62,65,,,,,
SET234,11,0.27,379,0.14,408.06,425.00,228.53,53,,,,,
SET239,11,0.27,406,0.16,589.89,654.00,299.95,65,,,,,
SET240,11,0.01,555,0.11,743.13,579.00,227.91,61,,,,,
SET243,11,0.20,856,0.09,455.50,499.00,189.80,77,,,,,
SET244,11,0.29,72,0.92,757.20,773.00,379.56,66,,,,,
SET246,11,0.03,442,0.19,521.33,435.00,205.81,84,,,,,
SET247,11,0.06,493,0.14,857.14,680.00,348.04,69,,,,,
SET248,11,0.19,264,0.25,583.84,612.00,289.53,66,,,,,
SET249,11,0.25,"1,050",0.06,527.35,648.00,340.88,63,,,,,
SET250,11,0.20,"3,800",0.02,666.56,648.00,336.97,76,,,,,
SET251,11,0.27,712,0.08,583.28,759.00,353.15,57,,,,,
SET252,11,0.21,233,0.33,729.34,759.00,363.40,77,,,,,
SET253,11,0.14,"1,400",0.04,671.76,699.00,275.74,56,,,,,
SET254,11,0.10,"1,280",0.00,993.08,869.13,424.47,64,,,,,
SET258,11,0.03,248,0.25,"1,155.12",855.00,378.35,62,,,,,
SET262,11,0.23,"1,157",0.07,530.32,568.00,278.54,81,,,,,
SET263,11,0.14,"1,580",0.05,705.53,614.00,263.76,79,,,,,
SET264,11,0.02,633,0.09,991.41,824.00,428.26,57,,,,,
SET265,11,0.13,315,0.20,945.26,888.00,343.32,63,,,,,
SET266,11,0.20,"5,900",0.01,937.64,852.00,447.07,59,,,,,
SET267,11,0.07,"1,400",0.04,"1,078.79",852.00,408.55,56,,,,,
SET268,11,0.18,590,0.10,853.05,785.11,420.42,59,,,,,
SET269,11,0.22,216,0.32,370.75,412.00,156.78,69,,,,,
SET271,11,0.21,"1,220",0.05,870.31,887.90,398.47,61,,,,,
SET272,11,0.26,590,0.10,643.66,770.86,415.18,59,,,,,
SET273,11,0.22,700,0.08,575.40,612.00,258.57,56,,,,,
SET274,11,0.04,102,0.57,763.29,652.00,335.33,58,,,,,
SET275,11,0.09,"1,080",0.00,768.84,630.00,250.32,54,,,,,
SET276,11,0.08,689,0.09,"1,553.10","1,238.00",637.73,62,,,,,
SET277,11,0.14,373,0.15,"1,159.85","1,128.48",584.08,56,,,,,
SET278,11,0.08,81,0.64,"1,358.73","1,398.30",760.38,52,,,,,
SET279,11,0.17,90,0.69,941.23,839.00,394.12,62,,,,,
SET280,11,0.25,32,2.14,658.27,790.00,358.64,68,,,,,
SET281,11,0.07,431,0.16,588.28,499.00,268.88,69,,,,,
SET282,11,0.25,760,0.10,828.40,"1,043.25",436.25,76,,,,,
SET285,11,0.22,"1,043",0.07,457.54,493.00,233.16,73,,,,,
SET286,11,0.22,122,0.45,686.92,631.26,290.92,55,,,,,
SET287,11,0.25,"1,540",0.00,518.68,637.25,302.74,77,,,,,
SET288,11,0.13,700,0.11,669.93,642.61,309.66,77,,,,,
SET289,11,0.15,"3,100",0.02,513.41,521.82,237.36,62,,,,,
SET290,11,0.18,483,0.12,887.84,792.18,414.79,58,,,,,
SET291,11,0.03,285,0.26,750.54,571.34,296.57,74,,,,,
SET293,11,0.15,93,0.73,670.67,696.28,280.95,68,,,,,
SET295,11,0.28,911,0.09,590.89,761.00,296.15,82,,,,,
SET299,11,0.30,515,0.13,733.14,825.00,336.36,67,,,,,
SET300,11,0.12,850,0.06,944.37,919.00,463.15,51,,,,,
SET301,11,0.04,382,0.17,"1,027.77",833.00,381.50,65,,,,,
SET302,11,0.07,"2,700",0.02,760.79,770.85,323.43,54,,,,,
SET303,11,0.06,"3,500",0.02,915.43,888.00,391.18,70,,,,,
SET304,11,0.11,"1,000",0.08,"1,222.03","1,064.20",511.36,80,,,,,
SET305,11,0.14,630,0.10,935.02,967.00,527.68,63,,,,,
SET306,11,0.13,"1,120",0.00,521.54,444.00,232.41,56,,,,,
SET307,11,0.25,431,0.16,590.92,736.00,315.22,69,,,,,
SET308,11,0.21,341,0.17,618.80,696.00,304.84,58,,,,,
SET310,11,0.21,"3,800",0.02,"1,016.14",919.08,501.26,76,,,,,
SET313,11,0.22,"1,675",0.04,"1,030.02","1,099.00",562.98,67,,,,,
SET315,11,0.10,"8,200",0.01,841.00,721.00,368.23,82,,,,,
SET316,11,0.11,"1,600",0.04,"1,227.35","1,238.00",539.49,64,,,,,
SET317,11,0.27,"2,233",0.03,"1,036.75","1,124.06",614.47,67,,,,,
SET318,11,0.24,"1,160",0.05,"1,141.80","1,152.00",613.21,58,,,,,
SET319,11,0.15,232,0.28,840.12,852.00,352.74,65,,,,,
SET320,11,0.12,436,0.14,"1,004.76",852.00,442.74,61,,,,,
SET321,11,0.13,740,0.10,"1,061.03",967.00,424.55,74,,,,,
SET322,11,0.02,509,0.11,"1,277.55","1,099.00",559.95,56,,,,,
SET323,11,0.24,66,0.93,784.07,828.54,441.69,61,,,,,
SET324,11,0.04,"1,350",0.06,762.38,634.37,322.68,81,,,,,
SET325,11,0.14,536,0.14,634.58,666.00,284.52,75,,,,,
SET326,11,0.22,460,0.15,618.68,666.00,269.42,69,,,,,
SET327,11,0.14,590,0.10,956.40,950.35,388.56,59,,,,,
SET328,11,0.19,"2,900",0.02,497.94,516.45,249.18,58,,,,,
SET329,11,0.06,"3,200",0.02,821.09,663.56,289.59,64,,,,,
SET330,11,0.28,274,0.23,430.02,490.00,252.42,63,,,,,
SET331,11,0.28,517,0.12,605.89,610.19,305.20,62,,,,,
SET332,11,0.13,"1,380",0.05,526.54,525.00,208.75,69,,,,,
SET333,11,0.28,56,1.08,832.35,967.00,529.71,61,,,,,
SET334,11,0.13,611,0.09,767.98,666.00,356.62,55,,,,,
SET335,11,0.08,850,0.08,880.34,771.00,332.63,68,,,,,
SET336,11,0.08,"1,525",0.04,951.41,833.00,428.71,61,,,,,
SET337,11,0.11,47,1.56,831.27,874.00,476.76,73,,,,,
SET338,11,0.24,195,0.37,903.12,999.00,467.95,72,,,,,
SET339,11,0.12,738,0.08,674.03,669.09,347.36,59,,,,,
SET340,11,0.05,550,0.12,"1,062.49",799.00,360.26,66,,,,,
SET341,11,0.16,"2,422",0.09,"1,000.28","1,028.40",491.94,218,,,,,
SET342,11,0.18,270,0.23,909.44,815.75,324.87,62,,,,,
SET343,11,0.14,85,0.95,912.90,825.00,339.10,81,,,,,
SET344,11,0.18,205,0.41,862.00,899.00,442.21,84,,,,,
SET345,11,0.09,176,0.33,708.56,627.81,317.61,58,,,,,
SET346,11,0.22,500,0.16,811.51,774.00,375.74,80,,,,,
SET347,11,0.11,"1,100",0.00,"1,030.64",852.00,383.10,55,,,,,
SET348,11,0.29,206,0.31,588.36,749.17,377.90,64,,,,,
SET349,11,0.00,71,0.94,"1,346.52","1,152.00",511.37,67,,,,,
SET350,11,0.17,"1,160",0.00,"1,084.53","1,119.36",537.74,58,,,,,
SET351,11,0.25,"1,240",0.05,478.32,599.00,273.24,62,,,,,
SET353,11,0.01,812,0.08,"1,062.26",852.00,405.43,65,,,,,
SET355,11,0.13,"7,900",0.01,"1,420.51","1,210.19",605.02,79,,,,,
SET356,11,0.12,368,0.22,"1,037.18",995.83,387.14,81,,,,,
SET357,11,0.29,900,0.08,712.19,766.29,332.86,72,,,,,
SET358,11,0.06,957,0.07,"1,762.82","1,477.00",620.62,67,,,,,
SET359,11,0.26,329,0.21,785.99,899.00,473.04,69,,,,,
SET360,11,0.26,154,0.35,"1,088.51","1,338.00",538.36,54,,,,,
SET363,11,0.17,700,0.10,"1,217.71","1,130.06",449.68,70,,,,,
SET364,11,0.27,"1,360",0.05,"1,317.72","1,338.00",553.96,68,,,,,
SET365,11,0.01,778,0.09,"1,659.02","1,299.00",620.55,70,,,,,
SET366,11,0.12,"1,625",0.04,"1,336.63","1,438.00",785.41,65,,,,,
SET369,11,0.04,727,0.11,"1,511.84","1,399.00",705.55,80,,,,,
SET373,11,0.10,589,0.09,623.64,645.00,295.36,53,,,,,
SET374,11,0.03,660,0.10,782.06,645.19,285.37,66,,,,,
SET375,11,0.12,545,0.11,805.27,696.00,352.29,60,,,,,
SET376,11,0.26,233,0.24,451.16,560.00,294.73,56,,,,,
SET377,11,0.05,590,0.10,"1,363.03","1,068.00",435.81,59,,,,,
SET378,11,0.01,"1,180",0.05,"1,600.35","1,299.00",497.06,59,,,,,
SET380,11,0.20,900,0.07,"1,225.36","1,186.00",546.31,63,,,,,
SET383,11,0.19,467,0.12,674.41,599.00,311.97,56,,,,,
SET384,11,0.30,523,0.13,446.39,590.85,297.62,68,,,,,
SET385,11,0.19,135,0.46,662.49,599.00,327.58,62,,,,,
SET386,11,0.25,592,0.12,491.54,599.00,236.35,71,,,,,
SET388,11,0.20,91,0.85,"1,424.09","1,499.00",794.44,77,,,,,
SET389,11,0.18,338,0.16,712.48,644.57,291.34,54,,,,,
SET390,11,0.25,770,0.10,904.40,882.00,444.01,77,,,,,
SET392,11,0.03,40,2.12,936.23,786.47,358.47,84,,,,,
SET393,11,0.27,413,0.15,"1,089.10","1,186.00",520.96,62,,,,,
SET394,11,0.06,"1,325",0.04,"1,324.07","1,085.32",443.84,53,,,,,
SET395,11,0.11,210,0.30,"1,148.54",962.00,495.34,63,,,,,
SET396,11,0.00,"2,467",0.03,"1,079.42",988.00,541.55,74,,,,,
SET397,11,0.02,775,0.08,"1,305.55",999.00,526.20,62,,,,,
SET398,11,0.07,123,0.47,"1,343.92","1,186.00",470.84,58,,,,,
SET400,11,0.22,957,0.07,"1,006.08","1,068.00",428.74,67,,,,,
SET401,11,0.17,300,0.23,993.65,999.00,442.88,69,,,,,
SET402,11,0.28,"2,700",0.02,833.91,943.00,422.88,54,,,,,
SET403,11,0.11,216,0.25,"1,227.65",999.00,447.46,54,,,,,
SET404,11,0.11,77,0.90,"1,325.21","1,199.00",533.36,69,,,,,
SET405,11,0.01,680,0.10,"1,056.10",771.00,336.88,68,,,,,
SET408,11,0.18,820,0.10,455.46,499.00,259.57,82,,,,,
SET409,11,0.19,400,0.15,676.76,641.00,257.35,60,,,,,
SET410,11,0.21,662,0.08,598.72,568.00,284.24,53,,,,,
SET413,11,0.15,900,0.07,789.16,721.00,284.47,63,,,,,
SET414,11,0.30,"1,120",0.05,882.81,999.00,385.02,56,,,,,
SET415,11,0.10,24,2.83,917.83,817.36,352.98,67,,,,,
SET431,11,0.25,"1,375",0.04,911.13,899.00,489.77,55,,,,,
SET432,11,0.06,91,0.74,"1,256.06",999.00,518.52,67,,,,,
SET433,11,0.30,570,0.10,428.38,560.00,214.32,57,,,,,
SET435,11,0.17,188,0.32,"1,564.10","1,399.00",590.43,60,,,,,
SET436,11,0.19,"1,725",0.04,"1,354.08","1,399.00",725.33,69,,,,,
SET444,11,0.07,"3,350",0.02,952.11,899.00,455.07,67,,,,,
AN204,12,0.23,600,0.11,325.39,312.00,125.98,66,,,,,
AN205,12,0.19,975,0.08,292.87,301.00,128.09,78,,,,,
AN209,12,0.17,56,1.13,333.01,301.00,157.57,63,,,,,
AN211,12,0.04,317,0.18,330.05,301.00,125.65,57,,,,,
AN212,12,0.18,888,0.08,268.98,312.00,147.06,71,,,,,
BL035,12,0.26,"1,214",0.07,341.31,377.00,193.74,85,,,,,
BL036,12,0.22,756,0.09,342.55,404.73,206.17,68,,,,,
BL053,12,0.24,"1,550",0.04,384.49,385.00,157.70,62,,,,,
BL087,12,0.28,206,0.33,379.76,460.00,195.29,68,,,,,
BL089,12,0.20,"2,567",0.03,290.23,301.00,158.96,77,,,,,
BL093,12,0.02,167,0.46,318.71,301.00,148.40,77,,,,,
BL107,12,0.24,673,0.11,272.57,311.78,164.08,74,,,,,
BL109,12,0.23,"3,900",0.02,496.31,487.00,243.66,78,,,,,
BL110,12,0.17,243,0.23,288.68,315.31,153.78,56,,,,,
BL111,12,0.18,875,0.08,315.07,301.00,142.21,70,,,,,
BL113,12,0.21,333,0.18,501.51,463.00,192.85,60,,,,,
BTM008,12,0.29,492,0.13,473.68,518.00,219.43,64,,,,,
BTM029,12,0.28,675,0.08,497.48,518.00,267.32,54,,,,,
BTM030,12,0.02,"1,260",0.05,320.98,301.00,139.24,63,,,,,
BTM031,12,0.20,"6,000",0.01,471.49,518.00,201.25,60,,,,,
BTM033,12,0.09,254,0.24,373.36,301.00,163.17,61,,,,,
BTM035,12,0.08,"2,733",0.03,360.08,301.00,125.31,82,,,,,
BTM036,12,0.30,886,0.07,307.63,345.00,154.12,62,,,,,
BTM038,12,0.26,"1,580",0.05,333.48,351.43,189.40,79,,,,,
BTM039,12,0.08,750,0.08,386.35,351.43,136.60,60,,,,,
BTM040,12,0.18,514,0.14,289.22,331.00,127.71,72,,,,,
BTM047,12,0.02,123,0.48,429.66,331.00,157.28,59,,,,,
BTM048,12,0.30,337,0.19,298.33,331.00,141.59,64,,,,,
CH201,12,0.30,76,0.90,256.10,301.00,163.52,68,,,,,
CH202,12,0.13,"1,167",0.06,357.43,301.00,160.97,70,,,,,
CH203,12,0.04,"7,600",0.01,337.41,301.00,144.18,76,,,,,
CH204,12,0.25,600,0.12,260.29,301.00,159.31,72,,,,,
CH205,12,0.24,"1,220",0.05,310.08,301.00,120.57,61,,,,,
CH206,12,0.01,458,0.12,396.01,301.00,123.69,55,,,,,
CH207,12,0.26,147,0.45,274.02,301.00,121.12,66,,,,,
CH208,12,0.10,"1,340",0.00,296.84,301.00,150.35,67,,,,,
CH213,12,0.09,"1,067",0.06,308.22,301.00,141.63,64,,,,,
J0001,12,0.19,733,0.09,715.21,690.00,321.42,66,,,,,
J0002,12,0.25,119,0.53,998.96,"1,124.23",611.75,63,,,,,
J0003,12,0.00,900,0.07,891.60,664.00,262.56,63,,,,,
J0004,12,0.10,900,0.06,"1,167.58",938.39,474.83,54,,,,,
J0005,12,0.09,378,0.18,"1,080.69",891.59,389.95,68,,,,,
J0006,12,0.02,620,0.10,986.51,851.54,423.22,62,,,,,
J0007,12,0.22,414,0.14,926.92,896.17,413.66,58,,,,,
J0008,12,0.13,"2,500",0.03,"1,053.24","1,032.07",471.72,75,,,,,
J0009,12,0.22,"1,800",0.04,712.49,824.06,427.34,72,,,,,
J0010,12,0.27,300,0.25,"1,030.02","1,329.00",511.89,75,,,,,
J0011,12,0.24,644,0.09,"1,424.78","1,582.03",661.65,58,,,,,
J0012,12,0.15,770,0.10,"1,320.08","1,136.71",443.64,77,,,,,
J0013,12,0.20,472,0.18,835.31,921.05,366.47,85,,,,,
J0014,12,0.18,323,0.26,"1,425.50","1,549.00",694.50,84,,,,,
J0021,12,0.27,"1,257",0.07,313.42,309.00,126.24,88,,,,,
J0023,12,0.21,620,0.10,313.66,375.00,200.61,62,,,,,
J0034,12,0.05,197,0.34,888.69,706.00,288.83,67,,,,,
J0036,12,0.22,72,0.94,302.85,334.00,170.55,68,,,,,
J0037,12,0.02,91,0.76,543.85,522.00,242.07,69,,,,,
J0041,12,0.20,32,2.33,837.00,763.00,383.21,74,,,,,
J0043,12,0.23,"2,000",0.04,501.76,593.00,231.11,80,,,,,
J0048,12,0.17,"3,250",0.02,345.65,335.00,180.00,65,,,,,
J0057,12,0.06,"6,500",0.01,511.65,475.00,243.89,65,,,,,
J0072,12,0.29,775,0.08,234.60,308.00,155.67,62,,,,,
J0073,12,0.24,567,0.12,262.04,323.00,132.87,68,,,,,
J0075,12,0.22,205,0.38,290.04,341.00,145.29,78,,,,,
J0077,12,0.21,"1,760",0.05,905.28,"1,066.00",446.53,88,,,,,
J0083,12,0.18,185,0.39,609.79,565.00,263.07,72,,,,,
J0085,12,0.09,"1,800",0.04,380.45,342.70,138.20,72,,,,,
J0087,12,0.16,"1,360",0.05,314.50,320.00,142.09,68,,,,,
J0088,12,0.05,53,1.46,453.51,399.00,197.01,78,,,,,
J0089,12,0.16,775,0.08,399.67,346.00,186.56,62,,,,,
J0090,12,0.07,622,0.09,686.12,539.00,267.95,56,,,,,
J0091,12,0.01,144,0.43,387.53,301.00,148.91,62,,,,,
J0092,12,0.23,344,0.16,950.61,908.00,386.78,55,,,,,
J0094,12,0.15,492,0.12,560.95,568.00,226.73,59,,,,,
J0095,12,0.25,335,0.23,468.18,527.50,247.78,77,,,,,
J0096,12,0.13,"1,500",0.05,698.74,635.00,336.34,75,,,,,
J0097,12,0.21,900,0.07,544.01,542.97,232.80,63,,,,,
J0098,12,0.12,"1,243",0.07,415.00,387.00,162.80,87,,,,,
J0101,12,0.11,"2,367",0.03,823.08,777.00,353.21,71,,,,,
J0102,12,0.15,"1,120",0.00,"1,322.27","1,115.00",593.04,56,,,,,
J0103,12,0.23,914,0.07,869.36,844.21,353.67,64,,,,,
J0105,12,0.08,560,0.10,"1,104.96",999.00,460.67,56,,,,,
J0106,12,0.21,97,0.73,972.98,944.10,450.63,71,,,,,
J0108,12,0.12,564,0.11,"1,113.52","1,105.75",603.38,62,,,,,
J0109,12,0.10,"1,900",0.03,"1,045.44","1,070.54",569.16,57,,,,,
J0112,12,0.03,"1,740",0.00,384.69,338.00,149.33,87,,,,,
J0113,12,0.23,"2,167",0.03,695.16,758.00,376.39,65,,,,,
J0115,12,0.10,"1,400",0.04,334.47,352.00,150.09,56,,,,,
J0116,12,0.07,34,2.50,433.36,349.00,162.55,84,,,,,
J0117,12,0.07,250,0.26,750.43,686.31,318.14,65,,,,,
J0118,12,0.16,277,0.22,606.67,576.33,228.06,61,,,,,
J0119,12,0.16,30,2.25,669.92,741.27,376.29,67,,,,,
J0123,12,0.00,818,0.11,334.49,301.00,153.84,90,,,,,
J0124,12,0.13,"1,540",0.05,880.02,743.00,398.93,77,,,,,
J0126,12,0.24,"1,071",0.07,735.84,766.57,383.85,75,,,,,
J0127,12,0.11,678,0.09,"1,354.73","1,100.95",575.35,61,,,,,
J0132,12,0.13,"6,800",0.01,420.08,345.00,138.64,68,,,,,
J0134,12,0.09,338,0.24,750.68,699.00,362.28,81,,,,,
J0135,12,0.18,560,0.10,559.53,591.00,235.37,56,,,,,
J0136,12,0.10,667,0.09,690.34,568.00,260.32,60,,,,,
J0137,12,0.04,583,0.12,774.95,576.80,238.07,70,,,,,
J0139,12,0.26,329,0.17,360.92,383.93,190.41,56,,,,,
J0145,12,0.08,112,0.59,584.13,478.00,192.96,66,,,,,
J0147,12,0.18,"1,025",0.08,614.31,566.00,310.63,82,,,,,
J0148,12,0.09,"2,033",0.03,640.14,599.00,277.44,61,,,,,
J0150,12,0.06,91,0.77,452.44,384.75,197.08,70,,,,,
J0151,12,0.11,967,0.09,557.00,466.50,247.07,87,,,,,
J0152,12,0.13,125,0.64,959.07,854.00,420.69,80,,,,,
J0153,12,0.27,84,0.69,341.95,443.00,172.64,58,,,,,
J0157,12,0.22,35,1.88,693.68,761.51,327.82,66,,,,,
J0158,12,0.19,975,0.08,937.48,"1,051.63",513.39,78,,,,,
J0159,12,0.11,514,0.14,565.97,562.00,216.26,72,,,,,
J0162,12,0.24,253,0.32,"1,037.82",999.00,465.00,81,,,,,
J0163,12,0.29,664,0.11,753.91,999.00,498.35,73,,,,,
J0164,12,0.07,564,0.14,415.18,396.14,198.70,79,,,,,
J0165,12,0.19,"1,220",0.00,310.57,331.00,179.97,61,,,,,
J0167,12,0.04,"1,750",0.04,0.00,0.00,0.00,70,,,,,
J0170,12,0.08,"7,200",0.01,342.53,301.00,123.64,72,,,,,
J0172,12,0.02,722,0.09,537.58,487.00,244.78,65,,,,,
J0175,12,0.08,633,0.12,484.99,476.00,205.59,76,,,,,
J0176,12,0.03,319,0.21,416.48,379.00,193.02,67,,,,,
J0179,12,0.16,400,0.19,690.75,670.80,313.12,76,,,,,
J0181,12,0.26,381,0.16,327.88,387.00,148.00,61,,,,,
J0184,12,0.13,318,0.22,438.75,365.00,159.04,70,,,,,
J0187,12,0.30,140,0.43,318.53,375.33,157.84,60,,,,,
J0189,12,0.28,"1,525",0.04,239.72,311.00,158.49,61,,,,,
J0194,12,0.15,"2,467",0.03,718.93,648.00,316.64,74,,,,,
J0195,12,0.12,436,0.14,681.81,665.00,355.40,61,,,,,
J0196,12,0.27,"1,220",0.05,406.41,435.38,192.66,61,,,,,
J0197,12,0.02,967,0.06,703.06,625.00,276.44,58,,,,,
J0199,12,0.09,778,0.09,541.35,476.00,254.49,70,,,,,
J0201,12,0.16,"1,257",0.07,675.55,609.14,248.53,88,,,,,
J0202,12,0.20,"1,217",0.06,544.42,495.00,245.26,73,,,,,
J0203,12,0.12,"1,850",0.04,570.51,568.00,294.39,74,,,,,
J0204,12,0.28,300,0.27,629.45,749.00,406.76,81,,,,,
J0205,12,0.07,"2,567",0.03,422.86,375.00,168.58,77,,,,,
J0207,12,0.24,"7,200",0.01,"1,031.68",987.60,429.42,72,,,,,
J0208,12,0.29,"1,460",0.00,580.73,599.00,327.76,73,,,,,
J0209,12,0.04,"2,467",0.03,918.81,885.00,409.71,74,,,,,
J0210,12,0.15,74,1.22,759.91,815.57,417.16,90,,,,,
J0211,12,0.27,629,0.14,668.93,749.00,329.80,88,,,,,
J0212,12,0.28,956,0.09,787.96,"1,006.50",523.74,86,,,,,
J0213,12,0.26,"7,000",0.01,688.01,794.00,343.44,70,,,,,
J0215,12,0.08,900,0.07,736.00,726.00,283.69,63,,,,,
J0216,12,0.19,"2,333",0.03,606.12,588.00,309.65,70,,,,,
J0217,12,0.13,133,0.54,"1,057.10",879.00,432.48,72,,,,,
J0219,12,0.13,129,0.45,805.25,661.67,351.15,58,,,,,
J0220,12,0.25,"1,167",0.06,520.97,588.00,230.97,70,,,,,
J0224,12,0.23,"4,100",0.02,"1,283.22","1,323.00",521.34,82,,,,,
J0225,12,0.05,"1,200",0.00,"1,596.35","1,245.00",590.37,60,,,,,
J0226,12,0.16,"1,680",0.05,"1,324.82","1,445.46",579.42,84,,,,,
J0228,12,0.20,281,0.27,"1,666.35","1,613.00",816.42,76,,,,,
J0229,12,0.03,169,0.39,"1,376.03","1,189.00",520.55,66,,,,,
J0230,12,0.15,179,0.39,"1,097.11","1,150.22",472.82,70,,,,,
J0231,12,0.07,"2,600",0.03,"1,302.53","1,176.00",535.80,78,,,,,
J0232,12,0.27,722,0.09,942.30,"1,199.00",551.49,65,,,,,
J0233,12,0.26,"1,100",0.08,"1,187.30","1,240.50",631.27,88,,,,,
J0234,12,0.23,778,0.09,987.36,"1,126.33",601.66,70,,,,,
J0235,12,0.26,433,0.15,933.99,"1,089.00",432.85,65,,,,,
J0236,12,0.03,822,0.09,981.83,926.60,367.79,74,,,,,
J0239,12,0.24,680,0.10,"1,314.54","1,278.74",627.39,68,,,,,
J0240,12,0.13,"1,380",0.00,"1,694.56","1,593.00",679.55,69,,,,,
J0241,12,0.17,"1,200",0.07,"1,274.35","1,228.05",488.14,84,,,,,
J0242,12,0.06,"1,250",0.06,"1,501.99","1,279.00",510.57,75,,,,,
J0243,12,0.18,"1,217",0.06,"1,255.33","1,282.50",535.34,73,,,,,
J0244,12,0.24,"1,333",0.06,991.81,"1,167.91",514.88,80,,,,,
J0245,12,0.02,"1,167",0.06,"1,476.72","1,149.57",615.82,70,,,,,
J0247,12,0.02,678,0.09,833.39,777.00,406.00,61,,,,,
J0249,12,0.17,164,0.36,821.43,911.00,407.13,59,,,,,
J0250,12,0.22,715,0.13,734.33,725.00,370.32,93,,,,,
J0251,12,0.23,"1,314",0.07,626.97,725.00,381.89,92,,,,,
J0252,12,0.20,272,0.29,844.73,912.33,500.36,79,,,,,
J0277,12,0.18,"1,500",0.05,"1,199.59","1,202.73",525.84,75,,,,,
J0279,12,0.10,436,0.14,972.46,895.00,374.95,61,,,,,
J0280,12,0.16,731,0.13,"1,588.29","1,456.71",761.37,95,,,,,
J0281,12,0.10,227,0.26,"1,569.33","1,374.94",627.95,59,,,,,
J0282,12,0.10,203,0.36,"1,146.84",999.00,431.95,73,,,,,
J0283,12,0.07,829,0.07,"1,129.65",934.42,410.37,58,,,,,
J0285,12,0.12,"1,050",0.06,"1,442.53","1,422.44",610.13,63,,,,,
J0290,12,0.05,986,0.07,581.06,526.00,268.09,69,,,,,
J0292,12,0.27,337,0.19,306.56,349.00,172.64,64,,,,,
J0293,12,0.09,"1,317",0.06,460.35,437.00,184.89,79,,,,,
J0294,12,0.03,"1,575",0.04,495.16,366.00,160.88,63,,,,,
J0295,12,0.29,412,0.17,814.15,859.00,348.44,70,,,,,
J0299,12,0.13,585,0.13,332.45,345.00,184.26,76,,,,,
J0301,12,0.26,609,0.11,511.79,657.45,331.96,67,,,,,
J0303,12,0.24,938,0.08,336.70,416.00,176.28,75,,,,,
J0306,12,0.01,900,0.10,909.53,809.14,322.32,90,,,,,
J0308,12,0.18,"2,000",0.04,747.87,836.73,370.43,80,,,,,
J0310,12,0.24,767,0.09,303.58,323.00,134.01,69,,,,,
J0323,12,0.03,"2,200",0.04,646.16,493.33,262.53,88,,,,,
J0328,12,0.13,690,0.10,"1,004.71",883.00,399.05,69,,,,,
J0329,12,0.09,"8,000",0.01,833.42,813.75,379.43,80,,,,,
J0330,12,0.23,775,0.08,526.76,575.00,297.16,62,,,,,
J0331,12,0.07,767,0.09,949.99,832.00,355.42,69,,,,,
J0332,12,0.01,"1,320",0.05,"1,059.21",802.29,402.96,66,,,,,
J0333,12,0.26,"1,520",0.05,879.98,885.00,483.09,76,,,,,
J0334,12,0.11,862,0.08,826.33,678.50,298.72,69,,,,,
J0335,12,0.21,"1,300",0.06,"1,225.98","1,263.50",656.88,78,,,,,
J0336,12,0.06,"7,100",0.01,775.84,638.33,249.03,71,,,,,
J0337,12,0.13,25,2.69,530.20,559.56,217.01,67,,,,,
J0338,12,0.17,836,0.11,"1,220.39","1,178.30",464.81,92,,,,,
J0339,12,0.27,886,0.07,830.48,"1,000.53",487.33,62,,,,,
J0340,12,0.29,"1,143",0.07,736.24,863.34,472.57,80,,,,,
J0341,12,0.28,"7,400",0.01,"1,052.40","1,149.19",450.70,74,,,,,
J0342,12,0.02,196,0.47,936.09,837.93,399.87,92,,,,,
J0343,12,0.14,590,0.10,"1,053.05","1,146.23",442.07,59,,,,,
J0344,12,0.06,629,0.14,737.20,744.38,287.47,88,,,,,
J0345,12,0.18,314,0.28,414.60,478.00,193.58,88,,,,,
J0346,12,0.00,"3,900",0.02,483.38,459.09,229.52,78,,,,,
J0347,12,0.04,988,0.08,626.00,599.00,290.24,79,,,,,
J0348,12,0.01,145,0.53,518.29,461.73,187.14,77,,,,,
J0349,12,0.07,"1,600",0.05,821.73,783.71,388.82,80,,,,,
J0350,12,0.07,760,0.10,593.05,457.00,238.18,76,,,,,
J0351,12,0.02,850,0.10,893.56,788.00,358.81,85,,,,,
J0352,12,0.20,760,0.10,583.20,666.00,260.31,76,,,,,
J0353,12,0.11,445,0.22,664.95,602.07,259.90,98,,,,,
J0354,12,0.30,"3,950",0.02,568.51,601.47,272.52,79,,,,,
J0355,12,0.04,790,0.10,735.18,594.89,317.36,79,,,,,
J0369,12,0.05,685,0.13,"1,161.43","1,059.75",472.06,89,,,,,
J0370,12,0.15,371,0.17,991.77,936.00,357.26,63,,,,,
J0371,12,0.00,760,0.10,"1,393.81","1,072.00",564.07,76,,,,,
J0372,12,0.11,767,0.09,"1,233.69","1,062.33",490.67,69,,,,,
J0373,12,0.08,"1,225",0.08,654.31,554.20,222.15,98,,,,,
J0374,12,0.07,249,0.35,754.71,599.00,243.43,87,,,,,
J0375,12,0.11,"3,950",0.02,"1,168.17",969.00,410.92,79,,,,,
J0376,12,0.09,300,0.24,"1,168.23","1,024.86",442.24,72,,,,,
J0377,12,0.25,84,0.94,872.43,969.00,417.23,79,,,,,
J0378,12,0.13,"1,188",0.08,"1,233.05","1,112.00",543.64,95,,,,,
J0379,12,0.12,655,0.11,"1,468.84","1,249.00",624.61,72,,,,,
J0380,12,0.16,508,0.13,"1,045.75","1,183.43",488.06,66,,,,,
J0381,12,0.14,388,0.17,"1,508.80","1,255.67",517.69,66,,,,,
J0382,12,0.20,523,0.13,"1,130.69","1,268.71",510.78,68,,,,,
J0385,12,0.25,166,0.50,774.21,849.91,378.31,83,,,,,
J0386,12,0.03,304,0.24,"1,212.65",922.48,440.53,73,,,,,
J0388,12,0.05,506,0.18,706.93,659.25,277.30,91,,,,,
J0389,12,0.00,"1,880",0.05,772.72,635.00,243.33,94,,,,,
J0390,12,0.01,"8,000",0.01,658.32,606.50,269.01,80,,,,,
J0391,12,0.23,513,0.15,606.32,662.67,349.68,77,,,,,
J0392,12,0.06,103,0.70,614.62,588.00,320.15,72,,,,,
J0395,12,0.23,438,0.16,731.54,807.00,318.56,70,,,,,
J0396,12,0.03,"4,550",0.02,"1,301.05","1,136.00",526.05,91,,,,,
J0397,12,0.13,"1,143",0.07,"1,153.91",949.00,441.04,80,,,,,
J0398,12,0.08,564,0.11,"1,070.23",832.00,344.69,62,,,,,
J0399,12,0.28,583,0.12,658.27,838.64,368.59,70,,,,,
J0400,12,0.28,"1,056",0.09,684.39,728.89,313.91,95,,,,,
J0401,12,0.29,"1,050",0.08,885.76,"1,168.00",484.39,84,,,,,
J0402,12,0.20,"3,150",0.02,510.96,602.22,312.27,63,,,,,
J0413,12,0.27,"1,825",0.04,577.45,727.80,373.01,73,,,,,
J0415,12,0.18,303,0.30,"1,074.36",944.00,464.96,91,,,,,
J0416,12,0.28,"1,800",0.00,771.84,777.20,377.84,90,,,,,
J0417,12,0.21,"1,680",0.00,0.00,0.00,0.00,84,,,,,
J0418,12,0.25,"4,800",0.02,588.95,709.63,279.21,96,,,,,
J0419,12,0.02,594,0.17,826.96,744.00,329.29,101,,,,,
J0420,12,0.28,"1,660",0.00,623.69,704.00,336.28,83,,,,,
J0429,12,0.16,"2,367",0.03,846.94,807.00,396.39,71,,,,,
J0431,12,0.29,"2,250",0.04,711.06,888.20,432.49,90,,,,,
J0434,12,0.22,376,0.21,736.19,717.85,274.29,79,,,,,
JNE1233,12,0.27,557,0.14,317.94,376.00,204.50,78,,,,,
JNE1234,12,0.11,89,1.14,367.74,301.00,141.73,101,,,,,
JNE1408,12,0.01,571,0.14,381.38,301.00,137.78,80,,,,,
JNE1525,12,0.16,842,0.12,304.10,301.00,150.89,101,,,,,
JNE1906,12,0.17,531,0.13,412.17,374.37,168.30,69,,,,,
JNE1951,12,0.13,"4,900",0.02,433.92,373.25,203.35,98,,,,,
JNE1977,12,0.17,150,0.48,287.72,301.00,163.64,72,,,,,
JNE1998,12,0.01,"1,800",0.05,348.32,301.00,123.46,90,,,,,
JNE2006,12,0.23,718,0.11,531.43,501.00,272.13,79,,,,,
JNE2009,12,0.03,472,0.18,323.40,301.00,147.12,85,,,,,
JNE2014,12,0.09,"3,700",0.02,361.57,373.17,197.18,74,,,,,
JNE2032,12,0.24,967,0.09,276.55,301.00,138.83,87,,,,,
JNE2049,12,0.20,209,0.44,462.99,435.00,182.31,92,,,,,
JNE2086,12,0.21,682,0.11,728.96,699.00,358.80,75,,,,,
JNE2100,12,0.04,553,0.15,489.28,371.53,165.00,83,,,,,
JNE2101,12,0.26,"2,550",0.04,275.44,301.00,161.18,102,,,,,
JNE2132,12,0.03,"1,800",0.04,551.50,524.00,240.87,72,,,,,
JNE2153,12,0.22,324,0.21,415.40,424.00,194.23,68,,,,,
JNE2171,12,0.06,"8,300",0.01,643.92,518.00,220.96,83,,,,,
JNE2199,12,0.23,"1,660",0.05,294.28,353.00,135.59,83,,,,,
JNE2251,12,0.01,447,0.15,434.23,395.00,195.56,67,,,,,
JNE2265,12,0.15,305,0.22,284.98,318.00,160.26,67,,,,,
JNE2266,12,0.03,"7,000",0.01,425.80,349.00,165.91,70,,,,,
JNE2270,12,0.14,"1,633",0.06,606.01,518.00,277.99,98,,,,,
JNE2291,12,0.23,909,0.11,330.63,334.22,182.38,100,,,,,
JNE2293,12,0.21,314,0.29,354.53,322.00,129.64,91,,,,,
JNE2305,12,0.28,"1,680",0.05,302.79,392.28,151.56,84,,,,,
JNE2307,12,0.26,"1,400",0.05,304.27,301.00,128.08,70,,,,,
JNE3030,12,0.11,235,0.37,874.43,736.00,300.20,87,,,,,
JNE3042,12,0.08,"8,500",0.01,321.22,301.00,129.94,85,,,,,
JNE3062,12,0.07,938,0.08,549.69,425.00,191.94,75,,,,,
JNE3068,12,0.29,256,0.27,568.67,696.00,362.30,69,,,,,
JNE3160,12,0.28,406,0.18,625.18,637.88,333.87,73,,,,,
JNE3220,12,0.06,480,0.15,667.75,523.00,248.65,72,,,,,
JNE3252,12,0.29,870,0.10,436.32,467.26,237.12,87,,,,,
JNE3255,12,0.24,744,0.09,461.62,487.00,222.38,67,,,,,
JNE3256,12,0.25,300,0.26,398.85,487.00,208.69,78,,,,,
JNE3257,12,0.22,"2,667",0.03,336.65,349.14,150.86,80,,,,,
JNE3261,12,0.09,174,0.50,402.00,376.00,164.60,87,,,,,
JNE3265,12,0.02,692,0.12,401.09,308.36,154.92,83,,,,,
JNE3270,12,0.12,263,0.35,435.22,376.00,145.77,92,,,,,
JNE3284,12,0.09,264,0.33,403.55,324.00,171.74,87,,,,,
JNE3288,12,0.22,900,0.08,345.68,420.00,201.04,72,,,,,
JNE3291,12,0.27,304,0.26,453.23,465.70,236.52,79,,,,,
JNE3294,12,0.07,"9,500",0.01,553.81,432.00,211.46,95,,,,,
JNE3296,12,0.22,421,0.19,445.86,431.00,186.33,80,,,,,
JNE3311,12,0.20,"1,700",0.06,509.22,581.00,244.70,102,,,,,
JNE3313,12,0.05,"1,025",0.08,0.00,0.00,0.00,82,,,,,
JNE3334,12,0.22,190,0.39,254.71,308.85,167.45,74,,,,,
JNE3339,12,0.20,"1,125",0.08,309.89,305.00,119.65,90,,,,,
JNE3348,12,0.22,"1,620",0.05,430.05,434.00,235.70,81,,,,,
JNE3363,12,0.09,"1,667",0.06,477.92,376.36,191.03,100,,,,,
JNE3364,12,0.10,"1,117",0.06,402.46,376.00,152.12,67,,,,,
JNE3365,12,0.02,511,0.18,426.65,373.32,160.67,92,,,,,
JNE3366,12,0.17,692,0.12,359.90,341.82,160.45,83,,,,,
JNE3368,12,0.27,690,0.10,459.28,469.88,250.62,69,,,,,
JNE3369,12,0.14,733,0.09,472.80,399.00,186.10,66,,,,,
JNE3371,12,0.18,529,0.14,347.10,318.00,149.30,74,,,,,
JNE3373,12,0.29,878,0.09,319.68,375.42,195.43,79,,,,,
JNE3376,12,0.17,"8,700",0.01,432.94,410.00,195.26,87,,,,,
JNE3383,12,0.08,962,0.08,495.45,399.00,192.42,77,,,,,
JNE3384,12,0.27,790,0.10,268.45,301.00,134.04,79,,,,,
JNE3389,12,0.19,880,0.10,399.43,438.00,193.61,88,,,,,
JNE3391,12,0.30,377,0.26,324.04,417.26,226.28,98,,,,,
JNE3395,12,0.10,"3,500",0.02,305.25,323.00,155.89,70,,,,,
JNE3396,12,0.02,268,0.28,585.57,459.15,223.29,75,,,,,
JNE3398,12,0.20,306,0.31,262.20,301.00,133.52,95,,,,,
JNE3399,12,0.05,467,0.18,470.60,436.31,202.65,84,,,,,
JNE3400,12,0.10,943,0.07,488.94,470.67,190.34,66,,,,,
JNE3401,12,0.29,"1,725",0.04,266.31,301.00,131.84,69,,,,,
JNE3404,12,0.02,"1,117",0.06,602.56,517.00,278.15,67,,,,,
JNE3405,12,0.16,767,0.09,467.72,432.93,190.83,69,,,,,
JNE3407,12,0.03,"1,450",0.06,273.22,263.38,143.67,87,,,,,
JNE3408,12,0.01,538,0.16,467.62,432.00,194.58,86,,,,,
JNE3412,12,0.01,284,0.25,514.82,424.60,165.66,71,,,,,
JNE3416,12,0.08,"2,800",0.03,323.43,301.00,123.80,84,,,,,
JNE3420,12,0.16,"1,825",0.04,291.66,301.00,145.69,73,,,,,
JNE3421,12,0.28,800,0.10,336.21,435.00,191.68,80,,,,,
JNE3422,12,0.18,"1,262",0.08,334.25,298.95,141.13,101,,,,,
JNE3423,12,0.30,878,0.09,369.94,409.00,187.01,79,,,,,
JNE3425,12,0.17,"1,880",0.05,294.78,325.07,126.76,94,,,,,
JNE3427,12,0.24,"7,400",0.01,233.72,286.67,138.85,74,,,,,
JNE3431,12,0.17,200,0.35,374.79,324.58,167.71,70,,,,,
JNE3434,12,0.13,"1,540",0.05,332.04,296.22,159.43,77,,,,,
JNE3435,12,0.16,"2,000",0.00,489.30,487.00,264.59,100,,,,,
JNE3437,12,0.21,"1,667",0.06,467.02,456.29,249.54,100,,,,,
JNE3438,12,0.18,132,0.57,483.05,448.07,239.24,75,,,,,
JNE3439,12,0.02,"4,900",0.02,561.30,432.93,187.84,98,,,,,
JNE3440,12,0.23,284,0.25,399.56,426.29,229.30,71,,,,,
JNE3441,12,0.29,"5,350",0.02,390.37,458.00,196.96,107,,,,,
JNE3445,12,0.03,120,0.64,497.83,487.00,197.90,77,,,,,
JNE3446,12,0.06,485,0.20,388.84,301.00,164.36,97,,,,,
JNE3449,12,0.11,"1,780",0.05,337.85,301.00,151.13,89,,,,,
JNE3450,12,0.08,645,0.11,547.68,531.00,226.58,71,,,,,
JNE3451,12,0.08,336,0.25,443.00,351.00,186.00,84,,,,,
JNE3452,12,0.04,"1,467",0.06,395.94,301.00,129.90,88,,,,,
JNE3454,12,0.25,"1,640",0.00,455.51,435.00,192.74,82,,,,,
JNE3455,12,0.15,820,0.10,593.55,515.00,198.94,82,,,,,
JNE3456,12,0.15,60,1.31,357.99,301.00,130.73,78,,,,,
JNE3457,12,0.03,342,0.24,439.53,399.00,159.93,82,,,,,
JNE3458,12,0.25,944,0.09,374.26,371.07,157.72,85,,,,,
JNE3459,12,0.05,"1,717",0.06,507.19,399.00,156.69,103,,,,,
JNE3460,12,0.13,"5,500",0.02,458.46,466.00,229.22,110,,,,,
JNE3461,12,0.27,"1,300",0.07,315.12,398.05,164.56,91,,,,,
JNE3463,12,0.10,569,0.16,678.00,540.88,271.55,91,,,,,
JNE3465,12,0.12,631,0.13,499.16,491.70,255.60,82,,,,,
JNE3468,12,0.02,"7,700",0.01,479.16,360.89,148.99,77,,,,,
JNE3470,12,0.02,"8,500",0.01,310.16,301.00,114.87,85,,,,,
JNE3472,12,0.08,"2,400",0.03,305.45,314.00,152.84,72,,,,,
JNE3473,12,0.08,54,1.33,543.50,487.00,203.57,72,,,,,
JNE3475,12,0.13,"1,211",0.09,318.54,323.00,126.54,109,,,,,
JNE3476,12,0.09,"2,175",0.04,463.33,394.25,159.30,87,,,,,
JNE3477,12,0.27,164,0.67,427.26,469.00,210.67,110,,,,,
JNE3479,12,0.26,"1,000",0.10,239.92,301.00,143.60,100,,,,,
JNE3481,12,0.13,"7,200",0.01,289.87,301.00,127.13,72,,,,,
JNE3482,12,0.25,560,0.15,273.51,307.53,129.70,84,,,,,
JNE3483,12,0.04,160,0.47,387.47,362.00,164.15,75,,,,,
JNE3484,12,0.27,113,0.84,290.53,299.85,159.66,95,,,,,
JNE3485,12,0.17,333,0.24,607.33,612.00,315.74,80,,,,,
JNE3486,12,0.17,511,0.18,412.48,459.00,207.19,92,,,,,
JNE3487,12,0.20,195,0.43,319.16,327.14,129.73,84,,,,,
JNE3491,12,0.08,755,0.11,339.07,340.69,139.51,83,,,,,
JNE3500,12,0.19,"1,018",0.11,294.09,331.54,164.31,112,,,,,
JNE3501,12,0.16,693,0.15,352.33,369.92,147.14,104,,,,,
JNE3503,12,0.14,889,0.09,357.81,308.00,149.02,80,,,,,
JNE3504,12,0.05,195,0.43,562.43,431.00,236.26,84,,,,,
JNE3506,12,0.07,"1,660",0.05,743.53,597.00,236.46,83,,,,,
JNE3510,12,0.26,571,0.14,384.25,444.97,237.83,80,,,,,
JNE3515,12,0.00,"3,467",0.03,525.72,459.00,227.53,104,,,,,
JNE3518,12,0.09,"1,733",0.06,490.04,433.51,168.37,104,,,,,
JNE3522,12,0.09,"7,700",0.01,351.62,296.63,134.23,77,,,,,
JNE3528,12,0.20,"1,825",0.04,336.56,301.00,142.60,73,,,,,
JNE3534,12,0.20,303,0.35,284.97,325.00,137.18,106,,,,,
JNE3537,12,0.28,514,0.22,273.56,356.00,147.89,113,,,,,
JNE3543,12,0.16,288,0.26,381.60,351.33,160.41,75,,,,,
JNE3546,12,0.06,"1,860",0.05,587.09,465.65,228.33,93,,,,,
JNE3547,12,0.24,"1,067",0.09,528.96,517.00,274.06,96,,,,,
JNE3548,12,0.16,"4,350",0.02,568.70,525.86,276.44,87,,,,,
JNE3549,12,0.25,"2,600",0.03,330.06,318.00,133.73,78,,,,,
JNE3554,12,0.20,"2,367",0.03,493.02,501.50,268.65,71,,,,,
JNE3555,12,0.15,"10,700",0.01,567.04,487.00,210.11,107,,,,,
JNE3556,12,0.15,"1,640",0.00,610.28,517.00,222.74,82,,,,,
JNE3559,12,0.24,"2,875",0.04,498.37,487.00,191.32,115,,,,,
JNE3560,12,0.14,"8,100",0.01,541.95,544.00,292.47,81,,,,,
JNE3562,12,0.16,"1,329",0.07,447.29,476.00,195.30,93,,,,,
JNE3563,12,0.10,521,0.14,508.53,455.00,195.62,73,,,,,
JNE3564,12,0.14,"3,900",0.02,411.38,395.80,212.22,78,,,,,
JNE3565,12,0.29,"1,338",0.08,306.43,318.00,170.31,107,,,,,
JNE3566,12,0.07,341,0.29,315.21,312.38,120.24,99,,,,,
JNE3567,12,0.10,"1,038",0.08,409.45,399.00,152.53,83,,,,,
JNE3568,12,0.23,214,0.43,439.83,435.00,211.57,92,,,,,
JNE3571,12,0.03,773,0.11,511.71,487.00,200.56,85,,,,,
JNE3573,12,0.22,"1,067",0.09,335.43,370.00,143.92,96,,,,,
JNE3575,12,0.19,800,0.12,442.20,460.50,194.30,96,,,,,
JNE3576,12,0.21,155,0.51,487.80,487.00,236.70,79,,,,,
JNE3577,12,0.19,"1,333",0.06,623.15,696.00,372.92,80,,,,,
JNE3578,12,0.05,567,0.15,785.59,612.00,255.75,85,,,,,
JNE3579,12,0.29,873,0.11,257.87,301.00,136.98,96,,,,,
JNE3581,12,0.25,547,0.15,652.92,635.00,303.46,82,,,,,
JNE3601,12,0.06,658,0.12,344.72,302.14,117.68,79,,,,,
JNE3602,12,0.15,510,0.20,366.35,376.00,148.87,102,,,,,
JNE3603,12,0.24,"2,040",0.00,247.96,296.70,139.27,102,,,,,
JNE3605,12,0.25,547,0.15,405.22,513.92,272.94,82,,,,,
JNE3606,12,0.12,248,0.33,529.81,487.00,227.07,82,,,,,
JNE3607,12,0.09,"1,740",0.05,466.12,471.00,258.14,87,,,,,
JNE3608,12,0.04,"1,975",0.04,393.17,345.00,162.26,79,,,,,
JNE3609,12,0.11,608,0.13,635.06,568.00,306.96,79,,,,,
JNE3610,12,0.01,736,0.11,341.64,301.00,159.47,81,,,,,
JNE3611,12,0.08,"1,500",0.06,464.82,454.63,240.96,90,,,,,
JNE3612,12,0.11,140,0.67,446.81,380.00,167.06,94,,,,,
JNE3613,12,0.12,"2,000",0.04,459.50,378.00,159.96,80,,,,,
JNE3614,12,0.15,"1,070",0.10,387.76,420.39,189.53,107,,,,,
JNE3615,12,0.12,706,0.16,292.55,301.00,116.32,113,,,,,
JNE3616,12,0.27,395,0.20,313.65,310.00,150.74,79,,,,,
JNE3617,12,0.23,647,0.15,246.42,301.00,150.93,97,,,,,
JNE3618,12,0.17,89,0.92,436.74,377.96,152.07,82,,,,,
JNE3619,12,0.15,541,0.17,269.06,301.00,154.11,92,,,,,
JNE3620,12,0.09,154,0.56,391.07,316.97,122.43,86,,,,,
JNE3621,12,0.15,"1,222",0.09,421.12,428.00,234.52,110,,,,,
JNE3622,12,0.08,251,0.41,442.61,349.00,134.41,103,,,,,
JNE3625,12,0.21,"3,850",0.02,386.11,421.00,193.78,77,,,,,
JNE3628,12,0.26,"1,960",0.05,460.93,487.00,261.74,98,,,,,
JNE3630,12,0.25,842,0.12,317.47,392.67,151.26,101,,,,,
JNE3633,12,0.02,"1,760",0.00,478.12,429.92,198.23,88,,,,,
JNE3634,12,0.28,983,0.12,493.26,518.69,229.78,118,,,,,
JNE3635,12,0.11,"1,125",0.08,362.73,330.00,142.47,90,,,,,
JNE3636,12,0.12,485,0.20,527.59,436.09,206.15,97,,,,,
JNE3637,12,0.14,"1,543",0.07,499.51,484.00,214.56,108,,,,,
JNE3638,12,0.23,675,0.12,513.32,492.20,221.82,81,,,,,
JNE3639,12,0.09,262,0.42,630.17,573.67,227.63,110,,,,,
JNE3640,12,0.24,"2,100",0.04,693.20,654.90,355.14,84,,,,,
JNE3641,12,0.09,"2,300",0.04,432.59,343.00,172.27,92,,,,,
JNE3642,12,0.18,625,0.16,297.15,311.00,120.80,100,,,,,
JNE3643,12,0.14,165,0.51,352.07,301.00,120.00,84,,,,,
JNE3644,12,0.01,"8,300",0.01,407.96,306.00,144.60,83,,,,,
JNE3645,12,0.28,"1,683",0.06,536.43,663.00,294.75,101,,,,,
JNE3648,12,0.29,327,0.26,378.95,420.76,217.96,85,,,,,
JNE3651,12,0.13,911,0.09,454.45,485.72,228.86,82,,,,,
JNE3652,12,0.29,527,0.15,312.72,328.00,160.70,79,,,,,
JNE3654,12,0.22,"4,950",0.02,382.71,441.59,237.04,99,,,,,
JNE3656,12,0.11,"2,567",0.03,519.19,542.76,207.52,77,,,,,
JNE3658,12,0.22,35,2.90,328.60,354.00,162.44,101,,,,,
JNE3659,12,0.29,525,0.20,414.47,466.30,231.93,105,,,,,
JNE3660,12,0.23,"3,033",0.03,379.72,365.50,150.46,91,,,,,
JNE3661,12,0.04,164,0.53,401.94,301.00,130.51,87,,,,,
JNE3665,12,0.08,190,0.63,536.18,484.13,198.57,120,,,,,
JNE3668,12,0.24,261,0.38,421.69,518.00,230.88,99,,,,,
JNE3669,12,0.14,49,1.72,536.03,475.00,227.48,85,,,,,
JNE3670,12,0.18,"1,038",0.08,384.72,376.00,147.18,83,,,,,
JNE3671,12,0.07,"2,667",0.03,837.98,746.67,300.73,80,,,,,
JNE3672,12,0.04,"4,450",0.02,638.24,574.00,311.29,89,,,,,
JNE3674,12,0.06,338,0.29,640.04,555.45,269.95,98,,,,,
JNE3675,12,0.15,807,0.14,570.13,574.00,236.61,113,,,,,
JNE3676,12,0.29,"1,686",0.07,342.64,367.00,140.25,118,,,,,
JNE3680,12,0.26,"10,900",0.01,490.14,534.00,259.12,109,,,,,
JNE3683,12,0.08,"1,091",0.11,423.19,339.00,136.77,120,,,,,
JNE3684,12,0.06,"2,225",0.04,350.91,301.00,115.92,89,,,,,
JNE3688,12,0.23,775,0.12,488.75,560.04,263.40,93,,,,,
JNE3689,12,0.17,148,0.84,473.90,423.60,203.11,124,,,,,
JNE3690,12,0.20,"9,200",0.01,361.56,363.00,182.78,92,,,,,
JNE3691,12,0.14,"1,650",0.06,621.20,643.56,347.79,99,,,,,
JNE3694,12,0.27,400,0.28,278.67,301.00,122.33,112,,,,,
JNE3695,12,0.30,282,0.33,247.61,301.00,123.95,93,,,,,
JNE3697,12,0.19,204,0.46,509.98,467.92,177.83,94,,,,,
JNE3698,12,0.06,"3,800",0.03,443.58,390.43,148.59,114,,,,,
JNE3701,12,0.10,738,0.13,378.52,322.46,135.20,96,,,,,
JNE3702,12,0.03,"4,600",0.02,341.55,325.00,126.55,92,,,,,
JNE3703,12,0.28,"4,600",0.02,249.78,291.86,118.37,92,,,,,
JNE3706,12,0.16,"2,080",0.05,483.65,413.00,195.52,104,,,,,
JNE3707,12,0.16,388,0.24,518.14,462.75,244.35,93,,,,,
JNE3708,12,0.06,178,0.59,911.75,877.00,340.11,105,,,,,
JNE3709,12,0.13,614,0.14,790.48,792.00,353.98,86,,,,,
JNE3710,12,0.27,"1,110",0.10,587.03,690.00,352.68,111,,,,,
JNE3712,12,0.08,"2,675",0.04,584.57,497.33,216.74,107,,,,,
JNE3713,12,0.03,89,0.96,437.50,343.00,152.61,85,,,,,
JNE3714,12,0.27,"2,480",0.05,443.40,462.83,226.38,124,,,,,
JNE3715,12,0.00,"2,425",0.04,369.77,301.00,159.74,97,,,,,
JNE3716,12,0.09,717,0.12,489.91,403.64,175.92,86,,,,,
JNE3718,12,0.16,600,0.15,469.42,464.54,194.50,90,,,,,
JNE3719,12,0.22,"3,533",0.03,170.14,199.50,92.08,106,,,,,
JNE3720,12,0.27,210,0.42,447.91,491.82,199.25,88,,,,,
JNE3721,12,0.27,"3,633",0.03,294.74,291.87,133.15,109,,,,,
JNE3722,12,0.20,"1,417",0.06,319.67,301.00,136.85,85,,,,,
JNE3724,12,0.10,"1,371",0.07,545.61,484.00,194.07,96,,,,,
JNE3725,12,0.18,206,0.52,462.61,442.00,212.78,107,,,,,
JNE3726,12,0.03,"2,120",0.00,440.36,330.00,173.98,106,,,,,
JNE3727,12,0.01,338,0.29,712.36,599.67,326.88,98,,,,,
JNE3728,12,0.09,"1,189",0.09,350.15,330.00,139.14,107,,,,,
JNE3729,12,0.07,220,0.40,431.10,333.00,148.03,88,,,,,
JNE3730,12,0.03,431,0.26,394.80,301.00,149.22,112,,,,,
JNE3732,12,0.29,531,0.16,313.88,380.10,163.56,85,,,,,
JNE3733,12,0.14,547,0.17,547.36,525.00,214.77,93,,,,,
JNE3734,12,0.13,261,0.36,438.54,421.71,212.35,94,,,,,
JNE3735,12,0.01,"1,286",0.07,439.32,402.61,206.86,90,,,,,
JNE3738,12,0.01,419,0.21,512.98,374.06,197.06,88,,,,,
JNE3739,12,0.01,827,0.11,515.86,437.32,239.45,91,,,,,
JNE3740,12,0.11,"1,033",0.09,363.36,301.00,147.61,93,,,,,
JNE3741,12,0.25,"5,500",0.02,367.53,439.00,197.42,110,,,,,
JNE3742,12,0.11,354,0.24,448.70,406.00,196.23,85,,,,,
JNE3744,12,0.05,793,0.14,673.16,669.50,265.32,111,,,,,
JNE3745,12,0.07,455,0.20,307.33,250.83,123.11,91,,,,,
JNE3748,12,0.11,700,0.14,310.84,278.67,128.92,98,,,,,
JNE3749,12,0.15,"2,450",0.04,494.14,458.12,190.94,98,,,,,
JNE3750,12,0.24,"1,720",0.00,441.60,544.00,244.06,86,,,,,
JNE3751,12,0.11,889,0.09,349.08,349.00,168.42,80,,,,,
JNE3753,12,0.13,358,0.33,444.66,475.00,191.61,118,,,,,
JNE3756,12,0.22,"3,167",0.03,415.57,462.83,179.85,95,,,,,
JNE3757,12,0.16,907,0.14,490.37,459.81,241.40,127,,,,,
JNE3758,12,0.17,700,0.17,381.93,368.67,144.69,119,,,,,
JNE3760,12,0.15,"2,160",0.05,464.23,432.00,218.63,108,,,,,
JNE3761,12,0.14,"1,733",0.06,321.57,301.00,142.06,104,,,,,
JNE3762,12,0.00,517,0.24,364.29,318.00,121.92,124,,,,,
JNE3763,12,0.04,"1,659",0.17,469.86,431.00,200.96,282,,,,,
JNE3764,12,0.22,"4,750",0.02,331.92,387.57,191.50,95,,,,,
JNE3765,12,0.00,"2,967",0.03,724.33,537.67,237.82,89,,,,,
JNE3766,12,0.15,385,0.33,556.24,517.00,263.24,127,,,,,
JNE3767,12,0.11,850,0.10,483.40,487.00,261.57,85,,,,,
JNE3768,12,0.02,"9,900",0.01,530.72,487.00,257.18,99,,,,,
JNE3769,12,0.15,"2,475",0.04,561.14,487.00,257.25,99,,,,,
JNE3770,12,0.13,"1,112",0.08,555.02,487.00,248.81,89,,,,,
JNE3771,12,0.20,"1,500",0.06,347.20,338.86,177.62,90,,,,,
JNE3773,12,0.26,775,0.12,265.60,301.00,158.45,93,,,,,
JNE3774,12,0.21,"1,800",0.06,404.97,449.00,198.03,108,,,,,
JNE3775,12,0.18,735,0.17,335.59,293.84,152.52,125,,,,,
JNE3776,12,0.23,909,0.11,293.37,286.67,140.82,100,,,,,
JNE3777,12,0.06,"5,800",0.02,351.96,324.00,171.56,116,,,,,
JNE3778,12,0.16,944,0.09,487.54,431.00,171.34,85,,,,,
JNE3779,12,0.09,"2,120",0.00,402.27,336.00,157.73,106,,,,,
JNE3780,12,0.26,440,0.20,277.53,325.00,127.26,88,,,,,
JNE3781,12,0.05,322,0.40,462.88,406.28,177.35,129,,,,,
JNE3782,12,0.01,"1,820",0.05,571.40,517.60,269.52,91,,,,,
JNE3783,12,0.06,181,0.64,501.42,489.89,253.42,116,,,,,
JNE3784,12,0.16,600,0.18,535.65,489.40,265.77,108,,,,,
JNE3785,12,0.21,650,0.16,284.29,314.67,164.03,104,,,,,
JNE3786,12,0.01,"1,740",0.05,488.43,369.00,185.47,87,,,,,
JNE3787,12,0.04,"1,529",0.07,614.88,458.00,238.12,107,,,,,
JNE3788,12,0.08,248,0.42,482.46,487.00,261.48,104,,,,,
JNE3789,12,0.16,50,2.00,497.26,487.00,260.51,99,,,,,
JNE3790,12,0.06,"2,280",0.00,376.51,301.00,159.38,114,,,,,
JNE3791,12,0.15,"2,550",0.04,321.26,285.00,134.43,102,,,,,
JNE3792,12,0.25,249,0.37,426.38,432.00,222.45,92,,,,,
JNE3793,12,0.16,"1,700",0.00,343.63,349.00,170.34,85,,,,,
JNE3794,12,0.18,"1,210",0.10,544.51,549.31,255.11,121,,,,,
JNE3795,12,0.13,432,0.31,565.94,517.00,223.67,134,,,,,
JNE3796,12,0.18,"1,683",0.06,393.48,345.00,187.44,101,,,,,
JNE3797,12,0.04,462,0.21,803.24,718.43,297.50,97,,,,,
JNE3798,12,0.23,466,0.29,759.37,718.23,318.36,135,,,,,
JNE3799,12,0.04,"3,125",0.04,689.51,627.68,336.50,125,,,,,
JNE3800,12,0.27,"5,600",0.00,720.40,706.82,283.78,280,,,,,
JNE3801,12,0.16,500,0.20,789.37,731.53,287.82,100,,,,,
JNE3802,12,0.14,944,0.09,475.00,455.62,245.86,85,,,,,
JNE3803,12,0.07,754,0.13,572.79,487.00,244.93,98,,,,,
JNE3804,12,0.07,950,0.12,518.76,487.00,201.10,114,,,,,
JNE3805,12,0.10,708,0.13,502.27,487.00,205.90,92,,,,,
JNE3806,12,0.06,746,0.13,543.71,530.78,275.28,97,,,,,
JNE3807,12,0.20,873,0.11,611.11,700.87,360.53,96,,,,,
JNE3810,12,0.25,"6,400",0.02,489.16,556.65,271.10,128,,,,,
JNE3811,12,0.10,165,0.60,545.15,459.93,198.52,99,,,,,
JNE3813,12,0.26,"1,820",0.00,557.88,597.00,279.18,91,,,,,
JNE3817,12,0.24,"1,300",0.08,362.51,439.25,214.04,104,,,,,
JNE3818,12,0.04,673,0.15,596.70,461.00,217.30,101,,,,,
JNE3822,12,0.25,137,0.71,388.22,410.66,208.24,97,,,,,
JNE3823,12,0.17,"4,950",0.02,556.90,484.00,207.51,99,,,,,
JNE3825,12,0.04,"1,780",0.00,537.67,436.00,173.45,89,,,,,
JNE3835,12,0.26,882,0.11,523.03,636.00,338.21,97,,,,,
JNE3836,12,0.19,"2,040",0.00,611.60,621.03,294.33,102,,,,,
JNE3837,12,0.17,"1,720",0.00,549.19,518.16,238.07,86,,,,,
JNE3838,12,0.28,409,0.23,295.90,387.75,197.28,94,,,,,
JNE3856,12,0.16,"1,500",0.07,558.42,630.00,317.66,105,,,,,
JNE3860,12,0.02,"1,833",0.06,641.57,597.71,290.40,110,,,,,
JNE3861,12,0.18,700,0.15,812.12,870.23,475.66,105,,,,,
JNE3862,12,0.21,359,0.29,541.46,571.00,304.10,104,,,,,
JNE3863,12,0.23,578,0.18,495.31,527.00,260.99,104,,,,,
JNE3864,12,0.22,"2,680",0.00,482.31,563.00,289.41,134,,,,,
JNE3865,12,0.00,"6,200",0.02,640.27,498.00,246.17,124,,,,,
JNE3866,12,0.17,877,0.13,762.62,730.00,386.64,114,,,,,
JNE3869,12,0.24,218,0.45,796.60,909.03,362.35,98,,,,,
JNE3870,12,0.26,"1,238",0.08,628.28,804.93,361.48,99,,,,,
JNE3872,12,0.24,"2,000",0.00,599.80,732.67,323.70,100,,,,,
JNE3875,12,0.26,565,0.23,502.47,572.00,222.14,130,,,,,
JNE3878,12,0.29,"1,414",0.07,303.68,387.46,168.37,99,,,,,
JNE3879,12,0.21,"1,370",0.10,603.48,646.33,268.77,137,,,,,
JNE3880,12,0.14,"1,300",0.09,615.93,564.00,262.41,117,,,,,
JNE3881,12,0.25,792,0.12,731.70,785.80,420.58,95,,,,,
JNE3885,12,0.27,59,2.27,424.34,514.00,235.77,133,,,,,
JNE3886,12,0.08,"1,175",0.08,560.61,520.67,242.85,94,,,,,
JNE3887,12,0.23,"2,525",0.04,496.71,509.98,229.61,101,,,,,
JNE3888,12,0.05,"3,700",0.03,845.85,658.90,345.48,111,,,,,
JNE3890,12,0.06,143,0.82,743.35,602.00,256.93,117,,,,,
JNE3892,12,0.21,272,0.47,535.05,544.57,293.46,128,,,,,
JNE3893,12,0.02,"3,400",0.03,694.27,602.00,324.53,102,,,,,
JNE3894,12,0.13,102,1.28,721.36,704.00,349.47,130,,,,,
JNE3895,12,0.19,210,0.51,695.27,632.17,267.58,107,,,,,
JNE3896,12,0.25,208,0.49,436.40,547.00,218.21,102,,,,,
JNE3897,12,0.11,"2,475",0.04,708.91,570.67,257.41,99,,,,,
JNE3898,12,0.14,459,0.22,632.56,573.50,314.47,101,,,,,
JNE3899,12,0.22,"1,380",0.10,549.71,547.00,275.84,138,,,,,
JNE3902,12,0.14,"1,212",0.08,536.77,587.00,229.32,97,,,,,
JNE3903,12,0.24,270,0.33,363.05,378.55,172.46,89,,,,,
JNE3904,12,0.06,"2,425",0.04,659.23,575.00,273.99,97,,,,,
JNE3905,12,0.16,44,2.29,568.45,622.55,242.54,100,,,,,
JNE3906,12,0.14,409,0.32,810.44,821.40,351.34,131,,,,,
JNE3907,12,0.05,345,0.29,952.04,736.00,384.84,100,,,,,
JNE3908,12,0.21,"5,300",0.02,679.25,692.00,353.72,106,,,,,
JNE3909,12,0.16,114,1.04,663.34,661.00,251.59,119,,,,,
JNE3910,12,0.07,"1,400",0.10,700.91,700.80,269.31,140,,,,,
JNE3924,12,0.29,"1,018",0.11,542.70,588.00,274.75,112,,,,,
JNE3927,12,0.23,914,0.14,799.33,801.00,321.62,128,,,,,
JNE3928,12,0.21,"1,150",0.10,530.44,530.82,254.08,115,,,,,
MEN5001,12,0.18,812,0.17,642.25,637.50,303.84,138,,,,,
MEN5002,12,0.25,"3,833",0.03,639.07,709.00,374.57,115,,,,,
MEN5003,12,0.11,"1,500",0.06,697.89,623.50,312.85,90,,,,,
MEN5004,12,0.28,"1,055",0.11,560.59,688.00,335.93,116,,,,,
MEN5005,12,0.01,"1,064",0.11,853.53,625.00,275.12,117,,,,,
MEN5006,12,0.25,"10,800",0.01,617.05,655.00,296.69,108,,,,,
MEN5007,12,0.15,173,0.55,222.63,226.00,110.62,95,,,,,
MEN5008,12,0.12,"2,240",0.00,731.00,688.00,263.02,112,,,,,
MEN5009,12,0.07,"9,400",0.01,852.26,688.00,307.55,94,,,,,
MEN5010,12,0.19,"13,400",0.01,533.24,594.93,303.22,134,,,,,
MEN5011,12,0.16,950,0.14,666.05,688.00,366.50,133,,,,,
MEN5012,12,0.16,"2,017",0.06,520.60,481.25,252.18,121,,,,,
MEN5013,12,0.06,992,0.12,755.05,692.20,351.77,119,,,,,
MEN5014,12,0.30,842,0.12,605.50,651.67,340.62,101,,,,,
MEN5015,12,0.08,"1,236",0.11,650.16,645.00,334.29,136,,,,,
MEN5017,12,0.06,"2,340",0.00,911.11,736.00,383.11,117,,,,,
MEN5018,12,0.27,147,0.78,500.43,638.33,253.77,115,,,,,
MEN5019,12,0.17,707,0.14,555.73,635.00,340.59,99,,,,,
MEN5021,12,0.11,"1,245",0.11,915.58,754.00,362.10,137,,,,,
MEN5022,12,0.24,"1,714",0.07,574.63,603.20,231.02,120,,,,,
MEN5023,12,0.11,"9,900",0.01,787.25,754.00,400.34,99,,,,,
MEN5024,12,0.12,"1,000",0.12,646.61,649.44,313.27,120,,,,,
MEN5025,12,0.16,793,0.14,794.14,746.82,287.67,111,,,,,
MEN5026,12,0.22,990,0.10,659.07,688.00,277.17,99,,,,,
MEN5027,12,0.13,"1,414",0.07,739.44,608.38,250.10,99,,,,,
MEN5028,12,0.21,"2,200",0.05,760.30,690.33,349.42,110,,,,,
MEN5029,12,0.02,"1,378",0.09,755.57,606.00,315.70,124,,,,,
MEN5030,12,0.20,"1,914",0.07,551.41,572.00,249.58,134,,,,,
MEN5031,12,0.12,"1,060",0.10,747.99,695.63,272.69,106,,,,,
MEN5032,12,0.08,"1,011",0.09,933.19,787.00,358.36,91,,,,,
NW001,12,0.22,727,0.15,442.84,523.00,236.83,109,,,,,
NW002,12,0.25,167,0.87,385.30,441.00,221.56,145,,,,,
NW003,12,0.26,"2,780",0.00,382.32,480.00,201.21,139,,,,,
NW004,12,0.25,"6,000",0.02,376.62,466.83,241.91,120,,,,,
NW005,12,0.04,"1,512",0.08,604.02,562.51,278.43,121,,,,,
NW006,12,0.12,243,0.51,516.33,481.00,186.41,124,,,,,
NW007,12,0.02,39,3.60,676.35,521.00,248.87,139,,,,,
NW008,12,0.06,393,0.28,620.38,541.00,250.87,110,,,,,
NW009,12,0.21,"2,500",0.05,504.71,547.25,278.44,125,,,,,
NW012,12,0.06,"14,600",0.01,528.34,521.00,276.38,146,,,,,
NW013,12,0.17,"2,260",0.05,475.46,461.00,205.70,113,,,,,
NW014,12,0.01,942,0.12,589.84,520.37,260.67,113,,,,,
NW015,12,0.23,"5,900",0.02,488.09,501.00,226.05,118,,,,,
NW016,12,0.23,"3,167",0.03,556.43,519.13,271.90,95,,,,,
NW020,12,0.29,"1,233",0.12,386.59,500.02,234.11,148,,,,,
NW022,12,0.17,"2,840",0.05,542.14,581.00,266.95,142,,,,,
NW024,12,0.27,592,0.25,481.84,543.00,267.58,148,,,,,
NW027,12,0.10,"1,009",0.11,743.82,595.00,313.65,111,,,,,
NW029,12,0.06,338,0.34,508.78,410.00,156.50,115,,,,,
NW030,12,0.21,"1,700",0.06,710.49,659.17,326.42,102,,,,,
NW031,12,0.12,"3,900",0.03,575.53,560.52,231.11,117,,,,,
NW032,12,0.22,192,0.76,524.21,481.00,243.73,146,,,,,
NW033,12,0.26,363,0.30,440.23,547.80,237.82,109,,,,,
NW034,12,0.15,"1,175",0.08,540.41,595.00,250.35,94,,,,,
NW035,12,0.11,292,0.38,683.68,569.25,255.45,111,,,,,
NW036,12,0.09,568,0.19,664.19,531.00,214.23,108,,,,,
NW037,12,0.20,"2,560",0.05,378.16,437.00,205.32,128,,,,,
NW039,12,0.04,864,0.14,506.06,483.75,232.19,121,,,,,
PJ0096,12,0.12,430,0.30,975.32,"1,044.00",512.28,129,,,,,
PJNE1906,12,0.09,"2,875",0.04,777.19,786.00,308.10,115,,,,,
PJNE2014,12,0.13,429,0.28,732.95,750.00,306.60,120,,,,,
PJNE2171,12,0.13,"2,475",0.04,"1,260.87","1,043.00",551.61,99,,,,,
PJNE2199,12,0.07,846,0.13,869.15,728.00,309.95,110,,,,,
PJNE2270,12,0.20,176,0.67,"1,092.91","1,033.00",403.37,118,,,,,
PJNE3068,12,0.06,"1,109",0.11,"1,252.10","1,007.85",523.27,122,,,,,
PJNE3252,12,0.17,296,0.50,916.97,892.92,481.01,148,,,,,
PJNE3291,12,0.19,"2,980",0.00,893.57,830.00,351.93,149,,,,,
PJNE3363,12,0.28,300,0.32,640.28,706.60,319.62,96,,,,,
PJNE3368,12,0.25,731,0.13,713.13,819.62,431.32,95,,,,,
PJNE3373,12,0.03,657,0.23,957.83,792.25,328.63,151,,,,,
PJNE3399,12,0.03,568,0.19,911.72,760.00,391.95,108,,,,,
PJNE3404,12,0.10,490,0.29,983.98,817.00,426.62,142,,,,,
PJNE3421,12,0.02,"1,233",0.09,"1,188.19",870.00,360.54,111,,,,,
PJNE3423,12,0.11,"1,543",0.07,868.09,817.00,336.21,108,,,,,
PJNE3439,12,0.05,509,0.22,578.74,462.50,228.71,112,,,,,
PJNE3440,12,0.22,918,0.11,736.22,870.00,380.12,101,,,,,
PJNE3445,12,0.11,"7,300",0.02,"1,023.54",870.00,432.60,146,,,,,
PJNE3568,12,0.14,117,0.90,524.65,517.00,238.38,105,,,,,
PJNE3607,12,0.17,582,0.22,730.55,827.40,404.60,128,,,,,
PSET043,12,0.08,710,0.21,"1,658.02","1,531.00",613.74,149,,,,,
PSET058,12,0.14,"1,100",0.09,"1,480.23","1,362.00",658.23,99,,,,,
PSET264,12,0.05,945,0.11,"1,374.22","1,325.00",544.81,104,,,,,
PSET268,12,0.01,"1,075",0.12,"1,826.05","1,343.00",638.39,129,,,,,
SAR 27.00,12,0.19,"11,700",0.01,574.99,659.00,289.59,117,,,,,
SAR 61.00,12,0.08,"5,350",0.02,"1,119.93",885.00,352.23,107,,,,,
SAR 70.00,12,0.19,"1,762",0.08,930.11,885.00,399.16,141,,,,,
SAR 163.00,12,0.18,"1,412",0.08,644.09,674.00,273.17,113,,,,,
SET014,12,0.18,588,0.24,747.85,768.48,341.11,141,,,,,
SET037,12,0.26,"1,082",0.11,592.95,612.00,238.82,119,,,,,
SET038,12,0.08,490,0.20,637.82,550.00,243.81,98,,,,,
SET043,12,0.26,"2,560",0.05,950.00,999.00,492.57,128,,,,,
SET044,12,0.19,"1,338",0.08,585.69,609.57,320.83,107,,,,,
SET048,12,0.06,"2,975",0.04,721.77,629.00,261.04,119,,,,,
SET053,12,0.08,873,0.11,745.15,580.00,257.86,96,,,,,
SET055,12,0.18,95,1.50,551.59,598.00,274.67,143,,,,,
SET058,12,0.06,615,0.20,902.30,802.42,319.39,123,,,,,
SET060,12,0.29,"1,588",0.08,728.85,891.00,353.62,127,,,,,
SET062,12,0.02,"1,444",0.09,839.43,650.00,270.36,130,,,,,
SET073,12,0.20,589,0.18,868.43,824.00,431.95,106,,,,,
SET087,12,0.11,"1,400",0.07,903.55,881.00,373.13,98,,,,,
SET094,12,0.23,"2,380",0.05,727.46,876.00,478.17,119,,,,,
SET098,12,0.12,"1,200",0.09,703.99,759.00,319.07,108,,,,,
SET110,12,0.03,"1,110",0.10,973.95,837.00,411.68,111,,,,,
SET111,12,0.21,"1,250",0.10,589.35,625.00,315.38,125,,,,,
SET116,12,0.19,850,0.14,647.90,573.00,304.37,119,,,,,
SET128,12,0.25,487,0.30,838.87,921.00,374.02,146,,,,,
SET129,12,0.26,722,0.18,371.10,440.00,187.28,130,,,,,
SET130,12,0.14,"1,108",0.12,716.81,612.00,323.34,133,,,,,
SET131,12,0.20,336,0.33,651.01,666.00,321.32,111,,,,,
SET132,12,0.27,"2,640",0.00,568.00,617.67,256.00,132,,,,,
SET144,12,0.14,"1,478",0.09,670.02,719.06,307.47,133,,,,,
SET145,12,0.14,206,0.54,777.95,764.00,336.93,111,,,,,
SET147,12,0.21,303,0.34,723.05,663.00,286.44,103,,,,,
SET154,12,0.05,"1,786",0.07,993.00,832.00,454.59,125,,,,,
SET156,12,0.20,881,0.16,636.79,680.00,272.88,141,,,,,
SET158,12,0.30,"1,657",0.07,681.32,767.00,376.77,116,,,,,
SET165,12,0.24,"2,533",0.06,589.78,567.00,294.35,152,,,,,
SET171,12,0.03,280,0.40,"1,089.93",980.57,387.88,112,,,,,
SET172,12,0.14,"5,000",0.03,"1,148.07","1,088.17",490.57,150,,,,,
SET179,12,0.28,705,0.21,482.83,484.00,233.22,148,,,,,
SET182,12,0.17,638,0.16,644.19,699.00,329.55,102,,,,,
SET183,12,0.25,625,0.20,737.79,755.61,293.90,125,,,,,
SET184,12,0.14,925,0.12,621.70,571.44,299.39,111,,,,,
SET185,12,0.26,"2,960",0.05,702.39,737.00,331.90,148,,,,,
SET186,12,0.24,"1,875",0.08,523.75,587.55,272.62,150,,,,,
SET187,12,0.27,159,0.64,569.45,672.56,300.00,102,,,,,
SET188,12,0.04,"1,843",0.07,802.16,648.00,354.40,129,,,,,
SET192,12,0.29,552,0.21,517.79,648.00,260.33,116,,,,,
SET193,12,0.10,"1,109",0.11,836.55,776.60,304.07,122,,,,,
SET194,12,0.25,900,0.13,536.45,641.00,290.97,117,,,,,
SET195,12,0.10,"1,118",0.11,711.17,750.48,323.88,123,,,,,
SET196,12,0.22,"1,030",0.10,702.32,648.00,254.78,103,,,,,
SET197,12,0.01,"1,289",0.09,833.09,700.62,301.10,116,,,,,
SET198,12,0.12,411,0.28,639.40,523.00,274.09,115,,,,,
SET199,12,0.21,"2,620",0.05,494.06,569.00,239.60,131,,,,,
SET201,12,0.05,"2,450",0.06,677.51,568.00,253.82,147,,,,,
SET203,12,0.18,"1,489",0.09,368.07,400.66,191.47,134,,,,,
SET204,12,0.30,185,0.85,575.75,620.04,263.39,157,,,,,
SET205,12,0.11,437,0.27,658.38,558.60,218.50,118,,,,,
SET209,12,0.29,359,0.29,435.73,563.33,266.66,104,,,,,
SET217,12,0.20,168,0.69,810.32,739.76,283.02,116,,,,,
SET218,12,0.04,"1,988",0.08,715.95,667.00,271.73,159,,,,,
SET219,12,0.06,942,0.12,754.81,635.00,335.79,113,,,,,
SET220,12,0.01,"14,100",0.01,"1,579.20","1,143.50",449.92,141,,,,,
SET223,12,0.14,568,0.22,735.05,629.00,290.47,125,,,,,
SET224,12,0.29,761,0.18,"1,046.51","1,064.39",478.42,137,,,,,
SET226,12,0.24,"3,025",0.04,651.84,733.12,297.21,121,,,,,
SET227,12,0.22,"2,280",0.00,479.50,565.56,272.70,114,,,,,
SET228,12,0.05,"1,838",0.08,772.83,729.00,394.16,147,,,,,
SET229,12,0.13,"2,220",0.00,904.24,848.33,418.24,111,,,,,
SET230,12,0.29,"1,182",0.11,784.26,832.00,344.04,130,,,,,
SET232,12,0.20,141,0.93,423.38,480.00,263.62,131,,,,,
SET233,12,0.22,562,0.21,492.35,492.79,243.10,118,,,,,
SET239,12,0.10,"4,067",0.03,705.11,673.50,308.90,122,,,,,
SET240,12,0.21,"3,400",0.03,531.72,575.55,226.55,102,,,,,
SET243,12,0.20,"1,256",0.09,511.64,499.00,189.80,113,,,,,
SET244,12,0.13,"1,488",0.08,816.06,773.00,379.56,119,,,,,
SET246,12,0.15,"12,200",0.01,493.32,435.00,205.81,122,,,,,
SET247,12,0.03,"1,290",0.10,728.58,680.00,348.04,129,,,,,
SET249,12,0.11,52,2.40,763.80,646.97,340.34,126,,,,,
SET250,12,0.05,806,0.17,660.22,648.00,336.97,137,,,,,
SET251,12,0.12,128,1.05,727.82,739.83,344.23,134,,,,,
SET252,12,0.02,"1,045",0.11,951.83,759.00,363.40,115,,,,,
SET253,12,0.06,"1,208",0.12,897.94,708.00,279.29,145,,,,,
SET254,12,0.22,456,0.25,762.78,859.00,419.53,114,,,,,
SET258,12,0.15,"4,467",0.03,846.31,855.00,378.35,134,,,,,
SET262,12,0.26,550,0.24,504.78,551.00,270.20,132,,,,,
SET263,12,0.11,"2,320",0.00,"1,228.50","1,228.00",527.52,116,,,,,
SET264,12,0.21,307,0.44,868.32,824.00,428.26,135,,,,,
SET265,12,0.09,"1,733",0.09,"1,067.29",888.00,343.32,156,,,,,
SET266,12,0.02,"1,191",0.11,459.58,426.00,223.53,131,,,,,
SET267,12,0.01,"1,957",0.07,"1,022.58",852.00,408.55,137,,,,,
SET268,12,0.18,596,0.23,853.70,788.00,421.97,137,,,,,
SET269,12,0.07,"1,130",0.10,895.11,824.00,313.56,113,,,,,
SET270,12,0.16,"1,245",0.11,588.54,551.00,256.01,137,,,,,
SET271,12,0.30,953,0.15,668.84,895.00,401.66,143,,,,,
SET272,12,0.04,389,0.27,"1,002.15",826.50,445.15,105,,,,,
SET273,12,0.07,"2,300",0.05,628.03,612.00,258.57,115,,,,,
SET274,12,0.26,"1,227",0.11,646.86,652.00,335.33,135,,,,,
SET275,12,0.24,695,0.20,545.35,611.00,242.77,139,,,,,
SET276,12,0.26,993,0.14,"1,020.76","1,201.00",618.67,139,,,,,
SET277,12,0.16,492,0.26,"1,431.48","1,267.67",656.12,128,,,,,
SET278,12,0.16,585,0.20,"1,237.27","1,379.74",750.28,117,,,,,
SET279,12,0.19,"1,950",0.06,808.17,839.28,394.25,117,,,,,
SET280,12,0.23,"1,100",0.11,717.49,790.00,358.64,121,,,,,
SET281,12,0.25,"1,311",0.09,423.80,491.50,264.83,118,,,,,
SET282,12,0.23,"1,390",0.10,"1,098.49","1,042.00",435.72,139,,,,,
SET285,12,0.21,"1,512",0.08,501.97,484.00,228.90,121,,,,,
SET286,12,0.23,"6,350",0.02,482.34,584.14,269.20,127,,,,,
SET287,12,0.04,564,0.28,784.11,628.22,298.45,158,,,,,
SET288,12,0.03,116,1.10,754.85,630.35,303.75,128,,,,,
SET289,12,0.11,"1,500",0.11,639.15,526.00,239.26,165,,,,,
SET290,12,0.09,108,1.29,829.07,785.72,411.41,139,,,,,
SET291,12,0.14,778,0.18,613.13,569.92,295.83,140,,,,,
SET293,12,0.20,717,0.18,682.09,695.86,280.78,129,,,,,
SET295,12,0.10,750,0.22,826.54,751.94,292.63,165,,,,,
SET299,12,0.01,"4,333",0.03,958.03,800.00,326.17,130,,,,,
SET300,12,0.06,"4,050",0.04,963.95,914.00,460.63,162,,,,,
SET301,12,0.12,"2,633",0.06,0.00,0.00,0.00,158,,,,,
SET302,12,0.06,"2,280",0.05,880.00,775.00,325.17,114,,,,,
SET303,12,0.05,"1,054",0.13,"1,168.79",888.00,391.18,137,,,,,
SET304,12,0.08,"2,560",0.05,"1,139.04","1,084.82",521.27,128,,,,,
SET305,12,0.07,"1,625",0.08,"1,110.21",926.16,505.39,130,,,,,
SET306,12,0.16,454,0.26,748.44,646.00,338.15,118,,,,,
SET307,12,0.04,"1,843",0.07,871.69,708.16,303.29,129,,,,,
SET308,12,0.04,184,0.68,922.56,709.25,310.64,125,,,,,
SET310,12,0.17,"1,529",0.07,"1,081.17",972.37,530.33,107,,,,,
SET313,12,0.19,823,0.13,856.57,899.20,460.63,107,,,,,
SET315,12,0.11,"7,950",0.02,783.89,699.00,356.99,159,,,,,
SET316,12,0.13,"2,580",0.05,"1,097.68","1,142.13",497.72,129,,,,,
SET317,12,0.02,384,0.32,"1,259.60","1,038.68",567.80,123,,,,,
SET318,12,0.19,"1,412",0.08,991.84,"1,083.00",576.48,113,,,,,
SET319,12,0.24,"2,360",0.05,816.71,820.12,339.54,118,,,,,
SET320,12,0.11,"1,967",0.06,885.39,805.64,418.65,118,,,,,
SET321,12,0.29,331,0.39,819.72,967.00,424.55,129,,,,,
SET322,12,0.24,"4,767",0.03,936.45,"1,077.00",548.74,143,,,,,
SET323,12,0.16,"3,220",0.00,"1,121.27",953.77,508.45,161,,,,,
SET324,12,0.05,774,0.19,602.33,589.74,299.98,147,,,,,
SET325,12,0.16,"2,150",0.06,595.94,666.00,284.52,129,,,,,
SET327,12,0.19,600,0.19,846.88,928.50,379.63,114,,,,,
SET328,12,0.11,308,0.37,626.98,506.86,244.55,114,,,,,
SET329,12,0.30,"1,550",0.08,649.29,666.00,290.66,124,,,,,
SET330,12,0.26,"1,900",0.07,518.49,547.72,282.16,133,,,,,
SET331,12,0.18,"1,378",0.09,635.86,571.00,285.59,124,,,,,
SET332,12,0.13,769,0.16,513.79,525.00,208.75,123,,,,,
SET333,12,0.18,947,0.17,"1,053.77",924.38,506.36,161,,,,,
SET334,12,0.13,127,1.14,566.08,591.53,316.74,145,,,,,
SET335,12,0.07,"13,600",0.01,709.05,702.44,303.05,136,,,,,
SET336,12,0.04,"1,440",0.10,871.07,833.00,428.71,144,,,,,
SET337,12,0.05,"1,700",0.07,"1,017.78",856.67,467.30,119,,,,,
SET338,12,0.11,"2,150",0.06,"1,155.40",981.00,459.52,129,,,,,
SET339,12,0.23,947,0.17,632.30,696.89,361.79,161,,,,,
SET340,12,0.07,"1,046",0.13,970.08,749.21,337.81,136,,,,,
SET341,12,0.22,"2,600",0.05,879.58,938.13,448.76,130,,,,,
SET342,12,0.07,"4,275",0.04,807.56,787.50,313.62,171,,,,,
SET343,12,0.30,496,0.27,663.32,781.15,321.08,134,,,,,
SET344,12,0.06,"1,083",0.12,"1,077.26",890.00,437.78,130,,,,,
SET345,12,0.21,"1,150",0.10,672.85,635.00,321.25,115,,,,,
SET346,12,0.27,"1,333",0.12,670.45,758.67,368.30,160,,,,,
SET347,12,0.06,"7,250",0.02,958.41,810.64,364.50,145,,,,,
SET348,12,0.20,479,0.24,801.49,876.09,441.92,115,,,,,
SET349,12,0.30,"1,450",0.10,967.39,"1,083.00",480.74,145,,,,,
SET350,12,0.25,"3,000",0.05,"1,134.13","1,083.92",520.72,150,,,,,
SET351,12,0.02,"2,583",0.06,560.81,536.24,244.60,155,,,,,
SET352,12,0.26,"2,340",0.05,489.21,486.00,265.47,117,,,,,
SET353,12,0.18,"1,567",0.09,871.06,852.00,405.43,141,,,,,
SET355,12,0.13,560,0.20,"1,171.41","1,182.93",591.39,112,,,,,
SET356,12,0.20,"4,200",0.03,"1,078.58",974.00,378.66,126,,,,,
SET357,12,0.23,"1,077",0.13,681.63,726.09,315.40,140,,,,,
SET358,12,0.09,"1,200",0.11,929.31,875.76,367.98,132,,,,,
SET359,12,0.25,807,0.15,693.57,830.48,436.98,121,,,,,
SET360,12,0.15,"2,533",0.06,"1,084.15","1,123.21",451.94,152,,,,,
SET363,12,0.27,960,0.15,"1,090.28","1,113.34",443.03,144,,,,,
SET364,12,0.28,"3,100",0.04,"1,182.26","1,298.00",537.40,124,,,,,
SET365,12,0.06,"6,400",0.02,"1,571.99","1,221.00",583.29,128,,,,,
SET366,12,0.06,711,0.19,"1,447.77","1,361.56",743.65,135,,,,,
SET369,12,0.11,"1,025",0.12,"1,300.76","1,337.91",674.74,123,,,,,
SET373,12,0.25,136,1.07,601.69,762.50,349.17,146,,,,,
SET374,12,0.22,315,0.47,574.53,599.94,265.36,148,,,,,
SET375,12,0.24,123,1.15,700.52,658.67,333.39,141,,,,,
SET376,12,0.25,"1,760",0.10,531.38,547.86,288.34,176,,,,,
SET377,12,0.19,"1,950",0.06,979.20,"1,044.00",426.02,117,,,,,
SET378,12,0.13,442,0.40,"1,441.39","1,221.00",467.22,177,,,,,
SET380,12,0.09,768,0.19,"1,199.11",995.54,458.58,146,,,,,
SET383,12,0.16,"2,150",0.06,531.03,599.00,311.97,129,,,,,
SET384,12,0.13,"1,856",0.09,696.18,599.00,301.72,167,,,,,
SET385,12,0.12,504,0.26,606.02,596.15,326.02,131,,,,,
SET386,12,0.22,"1,929",0.07,515.06,599.00,236.35,135,,,,,
SET388,12,0.29,"1,370",0.10,"1,165.73","1,454.00",770.59,137,,,,,
SET389,12,0.28,"5,900",0.03,566.41,648.00,292.89,177,,,,,
SET390,12,0.13,"1,130",0.10,896.57,859.71,432.79,113,,,,,
SET392,12,0.30,"3,480",0.00,597.91,742.03,338.21,174,,,,,
SET393,12,0.15,334,0.35,"1,096.93","1,162.33",510.56,117,,,,,
SET394,12,0.12,"5,967",0.03,"1,225.15","1,057.29",432.37,179,,,,,
SET395,12,0.21,"8,000",0.02,"1,037.35",940.25,484.14,160,,,,,
SET396,12,0.29,"1,656",0.09,897.72,956.26,524.16,149,,,,,
SET397,12,0.14,"1,989",0.09,922.34,929.71,489.70,179,,,,,
SET398,12,0.15,"7,400",0.02,"1,088.14","1,127.22",447.50,148,,,,,
SET400,12,0.26,"1,214",0.14,885.60,"1,062.67",426.60,170,,,,,
SET401,12,0.08,"5,000",0.03,975.44,965.77,428.15,150,,,,,
SET402,12,0.25,"1,180",0.10,863.34,926.10,415.30,118,,,,,
SET403,12,0.18,"3,250",0.04,"1,013.02",979.00,438.51,130,,,,,
SET404,12,0.28,"1,633",0.09,"1,063.58","1,139.00",506.67,147,,,,,
SET405,12,0.26,"1,043",0.14,699.82,734.20,320.80,146,,,,,
SET408,12,0.25,419,0.37,421.28,487.46,253.57,155,,,,,
SET409,12,0.04,"2,400",0.00,701.32,626.75,251.62,120,,,,,
SET410,12,0.18,400,0.33,570.21,539.67,270.06,132,,,,,
SET413,12,0.17,"3,875",0.04,686.25,705.29,278.27,155,,,,,
SET414,12,0.27,"3,275",0.04,776.91,946.50,364.79,131,,,,,
SET415,12,0.12,"15,600",0.01,660.99,636.00,274.66,156,,,,,
SET431,12,0.02,"1,250",0.10,960.49,855.80,466.23,125,,,,,
SET432,12,0.07,"2,214",0.07,943.93,939.00,487.38,155,,,,,
SET433,12,0.23,"2,280",0.00,565.28,547.64,209.58,114,,,,,
SET435,12,0.17,"1,883",0.06,"1,487.52","1,328.94",560.86,113,,,,,
SET436,12,0.24,"1,200",0.13,"1,125.82","1,314.51",681.52,156,,,,,
SET437,12,0.15,"1,462",0.08,"1,097.77","1,204.00",575.88,117,,,,,
SET438,12,0.11,940,0.15,"1,355.65","1,164.00",585.42,141,,,,,
SET442,12,0.24,824,0.17,658.64,771.00,346.41,140,,,,,
SET444,12,0.03,"14,000",0.01,981.47,851.92,431.23,140,,,,,
SET445,12,0.00,322,0.37,"1,500.35","1,399.00",552.46,119,,,,,
SET446,12,0.21,"8,150",0.02,"1,292.60","1,449.00",745.06,163,,,,,
SET449,12,0.15,"4,800",0.03,"1,635.03","1,449.00",643.49,144,,,,,
SET461,12,0.29,"1,650",0.10,727.01,769.00,340.39,165,,,,,
SET462,12,0.23,673,0.22,863.45,999.00,424.95,148,,,,,
AN201,13,0.16,"6,650",0.02,295.21,301.00,146.38,133,,,,,
AN204,13,0.14,"1,236",0.14,303.78,322.00,130.02,173,,,,,
AN205,13,0.04,"2,580",0.00,310.91,301.00,128.09,129,,,,,
AN206,13,0.26,"1,270",0.10,311.23,301.00,134.92,127,,,,,
AN210,13,0.12,"1,600",0.08,338.90,301.00,129.27,128,,,,,
AN212,13,0.01,"2,660",0.05,395.20,322.00,151.78,133,,,,,
AN213,13,0.11,"1,789",0.09,353.06,301.00,162.58,161,,,,,
BL006,13,0.24,880,0.20,396.33,388.00,173.75,176,,,,,
BL035,13,0.05,"7,100",0.02,477.18,377.00,193.74,142,,,,,
BL057,13,0.14,36,3.54,352.30,388.00,201.30,127,,,,,
BL087,13,0.14,"2,162",0.08,441.25,460.00,195.29,173,,,,,
BL098,13,0.27,"11,900",0.01,281.08,301.00,115.01,119,,,,,
BL104,13,0.15,"2,000",0.09,531.27,529.00,235.93,180,,,,,
BL107,13,0.11,"4,500",0.03,408.14,329.00,173.15,135,,,,,
BL109,13,0.06,"5,233",0.03,624.67,518.00,259.17,157,,,,,
BL111,13,0.09,864,0.14,379.31,301.00,142.21,121,,,,,
BTM003,13,0.21,469,0.32,0.00,0.00,0.00,150,,,,,
BTM005,13,0.30,"2,883",0.06,490.37,518.00,225.05,173,,,,,
BTM008,13,0.24,"4,033",0.03,457.64,518.00,219.43,121,,,,,
BTM026,13,0.23,334,0.41,556.95,518.00,250.62,137,,,,,
BTM029,13,0.26,"2,320",0.05,423.64,518.00,267.32,116,,,,,
BTM030,13,0.08,279,0.67,340.81,301.00,139.24,187,,,,,
BTM031,13,0.27,619,0.21,501.98,518.00,201.25,130,,,,,
BTM032,13,0.26,"3,450",0.04,267.61,301.00,135.24,138,,,,,
BTM038,13,0.09,"7,850",0.02,418.64,379.00,204.26,157,,,,,
BTM041,13,0.11,71,1.69,303.37,244.31,100.80,120,,,,,
CH205,13,0.04,"1,014",0.14,0.00,0.00,0.00,142,,,,,
CH213,13,0.04,340,0.40,182.25,150.50,70.82,136,,,,,
DPT032,13,0.20,787,0.15,260.86,305.00,160.93,118,,,,,
DPT041,13,0.11,"6,700",0.02,365.04,305.00,130.63,134,,,,,
DPT052,13,0.07,"8,500",0.02,362.18,305.00,120.62,170,,,,,
J0001,13,0.01,128,1.12,813.85,690.00,321.42,143,,,,,
J0002,13,0.25,169,0.84,843.83,"1,065.79",579.95,142,,,,,
J0003,13,0.09,466,0.29,755.73,660.64,261.23,135,,,,,
J0004,13,0.05,497,0.36,"1,128.30","1,126.38",569.95,179,,,,,
J0005,13,0.21,"6,300",0.02,710.49,856.19,374.47,126,,,,,
J0006,13,0.22,"2,840",0.05,766.42,776.36,385.86,142,,,,,
J0007,13,0.11,"3,525",0.04,854.70,860.40,397.15,141,,,,,
J0008,13,0.06,714,0.22,"1,133.58","1,079.46",493.38,157,,,,,
J0009,13,0.08,"1,073",0.11,974.02,828.00,429.38,118,,,,,
J0010,13,0.17,"1,024",0.17,"1,178.95","1,329.00",511.89,174,,,,,
J0011,13,0.11,806,0.18,"1,671.16","1,619.14",677.17,145,,,,,
J0012,13,0.14,"13,800",0.01,"1,078.10","1,137.27",443.86,138,,,,,
J0013,13,0.18,"1,850",0.10,"1,046.01","1,018.00",405.04,185,,,,,
J0025,13,0.12,652,0.25,781.58,693.00,358.06,163,,,,,
J0028,13,0.09,201,0.75,376.89,318.00,157.31,151,,,,,
J0034,13,0.05,330,0.43,776.06,717.00,293.34,142,,,,,
J0036,13,0.02,"1,309",0.11,364.51,344.00,175.65,144,,,,,
J0041,13,0.03,597,0.29,791.17,756.95,380.17,173,,,,,
J0042,13,0.14,"9,200",0.02,653.83,634.00,290.21,184,,,,,
J0049,13,0.14,"5,167",0.03,381.25,321.00,122.70,155,,,,,
J0062,13,0.22,792,0.24,417.26,475.00,260.80,190,,,,,
J0072,13,0.28,"2,640",0.05,260.98,318.00,160.72,132,,,,,
J0073,13,0.07,"1,027",0.15,336.11,333.00,136.99,154,,,,,
J0077,13,0.09,"1,160",0.15,"1,262.06","1,099.00",460.35,174,,,,,
J0081,13,0.23,"7,550",0.02,652.56,658.00,348.94,151,,,,,
J0082,13,0.18,678,0.18,376.39,360.00,194.85,122,,,,,
J0085,13,0.18,"1,580",0.10,383.42,346.00,139.53,158,,,,,
J0088,13,0.14,511,0.27,418.72,399.00,197.01,138,,,,,
J0089,13,0.11,"1,482",0.11,337.83,346.00,186.56,163,,,,,
J0090,13,0.24,894,0.18,471.62,539.00,267.95,161,,,,,
J0091,13,0.26,"4,275",0.04,285.52,301.00,148.91,171,,,,,
J0094,13,0.09,"1,338",0.13,687.31,597.26,238.41,174,,,,,
J0095,13,0.27,"3,480",0.05,524.55,581.43,273.11,174,,,,,
J0096,13,0.18,654,0.24,671.20,635.00,336.34,157,,,,,
J0097,13,0.10,"3,350",0.04,622.16,543.00,232.81,134,,,,,
J0098,13,0.21,416,0.45,428.20,399.00,167.85,187,,,,,
J0101,13,0.18,"2,640",0.00,0.00,0.00,0.00,132,,,,,
J0102,13,0.05,"3,950",0.04,"1,594.35","1,269.00",674.95,158,,,,,
J0103,13,0.23,519,0.27,"1,224.86","1,399.00",586.09,140,,,,,
J0104,13,0.08,317,0.42,555.47,469.00,218.58,133,,,,,
J0105,13,0.06,844,0.16,"1,282.54",999.00,460.67,135,,,,,
J0108,13,0.24,320,0.46,985.26,"1,094.00",596.97,147,,,,,
J0109,13,0.25,405,0.38,"1,288.63","1,299.00",690.62,154,,,,,
J0111,13,0.15,"1,300",0.13,468.74,423.00,230.39,169,,,,,
J0112,13,0.19,704,0.23,302.71,349.00,154.19,162,,,,,
J0113,13,0.19,"1,838",0.08,769.64,758.00,376.39,147,,,,,
J0116,13,0.23,"6,800",0.02,303.69,360.00,167.68,136,,,,,
J0117,13,0.15,"6,100",0.03,841.91,713.32,330.65,183,,,,,
J0118,13,0.22,883,0.18,611.82,588.00,232.68,159,,,,,
J0119,13,0.11,58,2.83,711.98,735.00,373.10,163,,,,,
J0122,13,0.25,"1,800",0.10,270.42,330.00,139.11,180,,,,,
J0123,13,0.01,678,0.18,374.89,301.00,153.84,122,,,,,
J0124,13,0.04,887,0.15,770.23,685.33,367.96,133,,,,,
J0126,13,0.15,"1,385",0.13,706.96,783.00,392.08,180,,,,,
J0127,13,0.24,864,0.22,914.16,970.36,507.10,190,,,,,
J0131,13,0.01,167,0.87,412.54,351.43,155.44,145,,,,,
J0135,13,0.13,"1,007",0.14,484.99,513.61,204.55,141,,,,,
J0136,13,0.07,"1,750",0.08,702.91,568.00,260.32,140,,,,,
J0137,13,0.03,"1,238",0.13,958.33,721.00,297.58,161,,,,,
J0139,13,0.08,413,0.30,445.83,368.57,182.79,124,,,,,
J0142,13,0.00,"1,620",0.10,529.79,396.00,189.05,162,,,,,
J0147,13,0.10,"3,160",0.05,590.69,583.00,319.96,158,,,,,
J0148,13,0.04,"5,800",0.03,649.02,591.87,274.14,174,,,,,
J0150,13,0.28,"3,660",0.00,322.61,399.00,204.38,183,,,,,
J0151,13,0.27,"2,529",0.07,458.86,477.00,252.63,177,,,,,
J0152,13,0.12,794,0.17,"1,093.15",899.00,442.85,135,,,,,
J0153,13,0.11,440,0.42,512.90,443.00,172.64,185,,,,,
J0157,13,0.25,"15,800",0.01,806.90,791.94,340.92,158,,,,,
J0158,13,0.25,"1,458",0.12,"1,031.05","1,079.46",526.97,175,,,,,
J0162,13,0.27,"1,609",0.11,899.30,"1,039.00",483.62,177,,,,,
J0164,13,0.11,919,0.16,432.72,405.50,203.39,147,,,,,
J0165,13,0.11,"13,600",0.01,326.67,341.00,185.41,136,,,,,
J0167,13,0.18,"1,076",0.17,274.06,315.00,146.33,183,,,,,
J0172,13,0.18,"1,271",0.14,549.39,518.00,260.36,178,,,,,
J0175,13,0.21,"7,900",0.02,543.05,571.20,246.70,158,,,,,
J0176,13,0.21,"1,430",0.10,380.11,387.00,197.09,143,,,,,
J0179,13,0.26,"3,875",0.04,641.32,696.00,324.89,155,,,,,
J0180,13,0.22,"1,473",0.11,390.10,436.00,194.75,162,,,,,
J0181,13,0.03,623,0.26,470.85,399.00,152.59,162,,,,,
J0184,13,0.04,"2,520",0.05,472.30,405.00,176.47,126,,,,,
J0187,13,0.05,772,0.18,674.86,599.00,251.89,139,,,,,
J0189,13,0.18,"6,950",0.02,278.08,253.60,129.23,139,,,,,
J0190,13,0.29,"1,054",0.13,295.88,345.00,147.04,137,,,,,
J0196,13,0.06,300,0.57,528.78,446.00,197.36,171,,,,,
J0197,13,0.12,"1,158",0.12,749.89,625.00,276.44,139,,,,,
J0198,13,0.18,216,0.77,916.54,826.00,379.07,166,,,,,
J0201,13,0.08,"4,325",0.04,773.63,617.56,251.96,173,,,,,
J0202,13,0.15,"4,900",0.04,507.82,522.00,258.63,196,,,,,
J0204,13,0.03,856,0.16,771.75,749.00,406.76,137,,,,,
J0205,13,0.07,326,0.58,404.27,380.86,171.21,189,,,,,
J0207,13,0.25,"1,709",0.11,761.68,885.00,384.81,188,,,,,
J0208,13,0.11,"2,125",0.08,729.44,599.00,327.76,170,,,,,
J0209,13,0.00,221,0.85,"1,130.35",885.00,409.71,188,,,,,
J0210,13,0.22,"1,670",0.10,704.17,837.00,428.12,167,,,,,
J0212,13,0.16,54,3.00,962.36,"1,044.00",543.25,163,,,,,
J0213,13,0.09,526,0.31,798.04,794.00,343.44,163,,,,,
J0215,13,0.05,689,0.19,876.37,726.00,283.69,131,,,,,
J0216,13,0.14,"8,300",0.02,585.60,520.83,274.28,166,,,,,
J0217,13,0.26,"2,300",0.06,878.69,879.00,432.48,138,,,,,
J0219,13,0.14,"6,300",0.02,941.79,794.00,421.38,126,,,,,
J0220,13,0.18,"3,475",0.04,574.31,625.00,245.50,139,,,,,
J0224,13,0.28,"1,567",0.12,"1,137.66","1,364.00",537.49,188,,,,,
J0225,13,0.26,167,0.90,"1,077.59","1,284.00",608.87,150,,,,,
J0229,13,0.20,187,0.75,"1,550.81","1,649.00",721.94,140,,,,,
J0230,13,0.03,81,1.77,"1,560.29","1,174.01",482.60,144,,,,,
J0231,13,0.28,603,0.30,"1,114.90","1,237.50",563.82,181,,,,,
J0232,13,0.16,665,0.23,"1,372.69","1,249.00",574.49,153,,,,,
J0233,13,0.21,817,0.18,"1,253.56","1,299.00",661.04,147,,,,,
J0234,13,0.29,"2,433",0.06,847.70,"1,126.25",601.61,146,,,,,
J0236,13,0.23,"2,110",0.20,760.56,921.00,365.57,422,,,,,
J0237,13,0.19,"2,540",0.05,"1,373.11","1,369.00",605.61,127,,,,,
J0239,13,0.04,"1,085",0.13,"1,701.25","1,361.53",668.01,141,,,,,
J0240,13,0.11,"1,260",0.10,"1,651.60","1,649.00",703.44,126,,,,,
J0241,13,0.08,"1,100",0.14,"1,729.52","1,443.13",573.63,154,,,,,
J0243,13,0.06,363,0.38,"1,607.88","1,282.50",535.34,138,,,,,
J0244,13,0.05,"1,929",0.07,"1,193.05","1,051.65",463.62,135,,,,,
J0248,13,0.13,"3,680",0.05,974.23,854.00,339.25,184,,,,,
J0277,13,0.08,"14,100",0.01,"1,115.49","1,017.69",444.94,141,,,,,
J0278,13,0.20,"2,900",0.06,783.78,761.00,417.90,174,,,,,
J0280,13,0.16,"3,760",0.05,"1,639.22","1,481.29",774.21,188,,,,,
J0281,13,0.18,"1,430",0.10,"1,074.40",937.78,428.30,143,,,,,
J0283,13,0.13,"1,236",0.14,945.92,928.58,407.80,173,,,,,
J0284,13,0.20,"1,545",0.11,"1,146.11","1,200.00",614.25,170,,,,,
J0285,13,0.15,"3,220",0.05,"1,314.23","1,395.48",598.56,161,,,,,
J0290,13,0.27,"17,300",0.01,291.44,356.00,181.44,173,,,,,
J0291,13,0.17,"3,650",0.04,921.65,859.00,333.69,146,,,,,
J0292,13,0.12,"1,342",0.12,413.64,342.86,169.61,161,,,,,
J0294,13,0.27,"1,358",0.12,326.98,377.00,165.72,163,,,,,
J0296,13,0.02,"3,900",0.04,566.07,519.00,246.10,156,,,,,
J0297,13,0.16,"5,067",0.03,714.32,739.60,324.10,152,,,,,
J0301,13,0.14,243,0.67,720.70,693.00,349.91,163,,,,,
J0304,13,0.14,"1,711",0.09,298.14,301.00,115.76,154,,,,,
J0306,13,0.28,154,1.04,685.79,841.60,335.25,160,,,,,
J0308,13,0.07,"1,750",0.08,"1,068.92",879.00,389.14,140,,,,,
J0310,13,0.23,659,0.29,261.83,323.00,134.01,191,,,,,
J0314,13,0.06,"5,700",0.03,886.11,761.00,289.55,171,,,,,
J0328,13,0.06,"2,443",0.07,"1,102.12",883.00,399.05,171,,,,,
J0329,13,0.10,"8,650",0.02,876.59,852.00,397.26,173,,,,,
J0331,13,0.30,43,3.69,758.33,859.00,366.95,157,,,,,
J0332,13,0.19,"3,980",0.05,805.76,774.67,389.09,199,,,,,
J0333,13,0.18,"1,345",0.11,928.36,885.00,483.09,148,,,,,
J0334,13,0.23,626,0.23,737.35,794.00,349.57,144,,,,,
J0335,13,0.21,735,0.20,"1,056.26","1,141.50",593.46,147,,,,,
J0336,13,0.01,"1,112",0.16,883.88,665.00,259.43,178,,,,,
J0337,13,0.13,"2,138",0.08,727.30,635.50,246.47,171,,,,,
J0338,13,0.05,"3,820",0.05,"1,310.82","1,187.00",468.24,191,,,,,
J0339,13,0.16,50,3.29,891.83,977.58,476.15,163,,,,,
J0340,13,0.06,180,0.80,805.67,797.20,436.37,144,,,,,
J0341,13,0.13,576,0.25,"1,030.33","1,093.53",428.87,144,,,,,
J0342,13,0.18,469,0.32,757.16,736.33,351.38,150,,,,,
J0343,13,0.09,"3,480",0.05,"1,135.24","1,168.00",450.46,174,,,,,
J0344,13,0.17,"4,020",0.00,669.56,690.71,266.74,201,,,,,
J0345,13,0.25,"2,020",0.10,470.93,478.00,193.58,202,,,,,
J0346,13,0.09,516,0.25,482.21,459.58,229.76,129,,,,,
J0347,13,0.18,"1,850",0.10,733.37,679.00,329.00,185,,,,,
J0348,13,0.07,"8,500",0.02,499.50,409.71,166.06,170,,,,,
J0349,13,0.23,750,0.20,740.87,846.95,420.19,150,,,,,
J0350,13,0.17,905,0.19,540.53,499.00,260.07,172,,,,,
J0351,13,0.29,"1,929",0.07,739.94,794.50,361.77,135,,,,,
J0352,13,0.24,"1,811",0.09,601.88,666.00,260.31,163,,,,,
J0353,13,0.22,"18,500",0.01,556.54,635.00,274.11,185,,,,,
J0354,13,0.02,"1,850",0.10,715.82,592.67,268.53,185,,,,,
J0355,13,0.08,"6,733",0.03,769.82,609.67,325.24,202,,,,,
J0369,13,0.19,196,0.67,"1,237.17","1,199.00",534.09,131,,,,,
J0370,13,0.06,"2,250",0.08,651.39,624.00,238.18,180,,,,,
J0372,13,0.25,"1,988",0.08,"1,084.18","1,121.50",518.00,159,,,,,
J0373,13,0.13,"1,158",0.12,579.80,555.58,222.70,139,,,,,
J0374,13,0.06,"1,258",0.12,725.51,614.00,249.52,151,,,,,
J0375,13,0.15,887,0.15,"1,109.77",999.00,423.65,133,,,,,
J0376,13,0.03,"2,062",0.08,"1,230.32","1,031.00",444.88,165,,,,,
J0377,13,0.05,"1,177",0.13,"1,228.84",969.00,417.23,153,,,,,
J0378,13,0.14,"6,800",0.03,"1,283.94","1,146.00",560.26,204,,,,,
J0379,13,0.18,"17,200",0.01,"1,370.33","1,320.76",660.50,172,,,,,
J0380,13,0.19,"1,900",0.08,"1,284.49","1,438.00",593.04,152,,,,,
J0381,13,0.27,"4,375",0.04,"1,230.66","1,255.67",517.69,175,,,,,
J0382,13,0.29,"1,247",0.15,993.33,"1,015.60",408.88,187,,,,,
J0385,13,0.17,"15,900",0.01,809.22,888.00,395.27,159,,,,,
J0386,13,0.20,"15,200",0.01,944.48,967.00,461.79,152,,,,,
J0388,13,0.11,"19,700",0.01,700.45,690.00,290.23,197,,,,,
J0389,13,0.15,456,0.41,742.79,665.00,254.83,187,,,,,
J0390,13,0.05,407,0.43,773.40,625.00,277.21,175,,,,,
J0391,13,0.20,"2,357",0.07,603.61,686.35,362.18,165,,,,,
J0395,13,0.26,77,2.13,862.56,859.00,339.09,165,,,,,
J0397,13,0.18,600,0.25,912.03,999.00,464.28,150,,,,,
J0398,13,0.08,"3,060",0.00,"1,082.10",885.00,366.65,153,,,,,
J0399,13,0.13,871,0.24,785.45,746.17,327.94,209,,,,,
J0400,13,0.05,79,2.10,950.61,859.00,369.94,165,,,,,
J0401,13,0.07,659,0.29,"1,200.71","1,168.00",484.39,191,,,,,
J0402,13,0.08,750,0.24,701.74,688.00,356.75,180,,,,,
J0413,13,0.27,"1,889",0.09,693.29,741.00,379.78,170,,,,,
J0414,13,0.10,"2,275",0.08,"1,306.27","1,168.00",465.68,182,,,,,
J0415,13,0.11,351,0.55,"1,154.39","1,187.00",584.65,193,,,,,
J0416,13,0.29,592,0.26,638.14,825.00,401.07,154,,,,,
J0417,13,0.02,444,0.36,833.56,791.00,342.34,160,,,,,
J0418,13,0.17,796,0.26,814.59,749.00,294.70,207,,,,,
J0419,13,0.28,"3,560",0.05,739.90,791.00,350.09,178,,,,,
J0420,13,0.22,169,0.86,625.38,749.00,357.77,145,,,,,
J0429,13,0.10,"1,294",0.16,963.36,859.00,421.93,207,,,,,
J0431,13,0.17,"2,257",0.07,805.59,899.00,437.74,158,,,,,
J0434,13,0.06,"3,350",0.04,961.96,749.00,286.19,134,,,,,
JNE09210,13,0.04,"1,400",0.11,"1,180.20",899.00,440.94,154,,,,,
JNE1233,13,0.14,"1,620",0.10,418.55,376.00,204.50,162,,,,,
JNE1234,13,0.15,"6,000",0.03,351.58,301.00,141.73,180,,,,,
JNE1408,13,0.25,850,0.18,301.15,301.00,137.78,153,,,,,
JNE1525,13,0.09,172,1.00,367.04,301.00,150.89,172,,,,,
JNE1951,13,0.19,"2,900",0.06,393.67,389.00,211.93,174,,,,,
JNE1977,13,0.28,76,2.29,250.77,301.00,163.64,174,,,,,
JNE1998,13,0.19,"3,560",0.00,274.59,301.00,123.46,178,,,,,
JNE2009,13,0.22,994,0.16,269.07,296.22,144.78,159,,,,,
JNE2014,13,0.19,"1,450",0.10,360.77,350.71,185.31,145,,,,,
JNE2032,13,0.17,"9,900",0.02,275.22,298.61,137.73,198,,,,,
JNE2049,13,0.18,"1,408",0.12,406.82,435.00,182.31,169,,,,,
JNE2086,13,0.10,376,0.37,763.61,699.00,358.80,139,,,,,
JNE2100,13,0.13,"3,860",0.05,370.16,376.00,166.98,193,,,,,
JNE2101,13,0.27,"1,822",0.09,275.99,301.00,161.18,164,,,,,
JNE2113,13,0.29,"2,243",0.07,528.40,542.00,293.34,157,,,,,
JNE2132,13,0.15,"5,300",0.04,621.11,557.02,256.04,212,,,,,
JNE2145,13,0.24,"1,527",0.11,381.33,391.00,171.27,168,,,,,
JNE2171,13,0.07,"7,650",0.02,604.08,518.00,220.96,153,,,,,
JNE2199,13,0.13,"1,327",0.11,374.91,353.00,135.59,146,,,,,
JNE2205,13,0.11,"8,450",0.02,353.37,356.00,164.55,169,,,,,
JNE2265,13,0.27,"1,308",0.13,316.44,318.00,160.26,170,,,,,
JNE2266,13,0.07,"5,025",0.04,369.03,349.00,165.91,201,,,,,
JNE2270,13,0.07,"2,356",0.09,532.29,529.00,283.89,212,,,,,
JNE2291,13,0.18,877,0.22,404.67,376.00,205.18,193,,,,,
JNE2293,13,0.26,917,0.18,273.06,332.00,133.66,165,,,,,
JNE2294,13,0.29,720,0.25,455.83,544.00,225.70,180,,,,,
JNE2305,13,0.20,"1,733",0.09,318.82,376.00,145.27,156,,,,,
JNE2323,13,0.17,"1,138",0.13,585.98,643.00,334.01,148,,,,,
JNE3042,13,0.22,"1,033",0.15,260.75,301.00,129.94,155,,,,,
JNE3068,13,0.03,607,0.29,721.73,696.00,362.30,176,,,,,
JNE3160,13,0.01,"17,600",0.01,949.01,749.00,392.03,176,,,,,
JNE3252,13,0.04,469,0.35,607.23,471.00,239.01,164,,,,,
JNE3256,13,0.19,"1,000",0.15,465.74,487.00,208.69,150,,,,,
JNE3257,13,0.23,"2,129",0.07,406.19,389.00,168.08,149,,,,,
JNE3261,13,0.01,"1,233",0.12,418.65,376.00,164.60,148,,,,,
JNE3265,13,0.07,"16,400",0.01,343.35,317.20,159.37,164,,,,,
JNE3270,13,0.30,"2,917",0.06,290.25,376.00,145.77,175,,,,,
JNE3273,13,0.26,"8,250",0.02,445.42,475.00,201.66,165,,,,,
JNE3279,13,0.29,"2,771",0.07,255.80,301.00,134.25,194,,,,,
JNE3288,13,0.16,"1,655",0.11,446.17,420.00,201.04,182,,,,,
JNE3291,13,0.05,"1,962",0.08,624.13,499.00,253.43,157,,,,,
JNE3294,13,0.04,"1,536",0.14,526.43,441.87,216.29,215,,,,,
JNE3323,13,0.15,"4,800",0.03,324.85,301.00,159.61,144,,,,,
JNE3334,13,0.19,"1,269",0.16,351.96,315.48,171.04,203,,,,,
JNE3336,13,0.06,"4,875",0.04,358.18,330.00,133.86,195,,,,,
JNE3346,13,0.02,"3,425",0.04,346.81,301.00,161.45,137,,,,,
JNE3348,13,0.22,761,0.18,440.48,434.00,235.70,137,,,,,
JNE3359,13,0.10,"3,029",0.07,431.98,379.74,201.95,212,,,,,
JNE3363,13,0.22,224,0.70,0.00,0.00,0.00,157,,,,,
JNE3364,13,0.14,"2,412",0.08,382.10,376.00,152.12,193,,,,,
JNE3365,13,0.15,"1,458",0.12,385.27,373.44,160.72,175,,,,,
JNE3366,13,0.30,800,0.18,314.99,376.00,176.49,144,,,,,
JNE3368,13,0.25,"2,412",0.08,392.95,471.00,251.22,193,,,,,
JNE3369,13,0.19,"1,480",0.10,443.92,399.00,186.10,148,,,,,
JNE3371,13,0.29,"2,500",0.07,297.31,318.00,149.30,175,,,,,
JNE3373,13,0.26,"5,267",0.03,338.69,375.63,195.53,158,,,,,
JNE3376,13,0.21,"2,600",0.07,439.58,432.00,205.74,182,,,,,
JNE3383,13,0.09,"8,500",0.02,495.27,399.00,192.42,170,,,,,
JNE3384,13,0.20,"3,583",0.06,264.32,301.00,134.04,215,,,,,
JNE3391,13,0.17,"1,147",0.17,407.91,432.00,234.27,195,,,,,
JNE3396,13,0.01,"8,950",0.02,565.74,460.87,224.13,179,,,,,
JNE3399,13,0.10,"1,569",0.13,510.22,426.36,198.03,204,,,,,
JNE3400,13,0.05,"2,225",0.08,534.05,529.00,213.93,178,,,,,
JNE3401,13,0.09,"1,169",0.13,381.94,301.00,131.84,152,,,,,
JNE3403,13,0.16,"3,160",0.05,405.28,399.00,208.40,158,,,,,
JNE3404,13,0.26,"3,580",0.05,449.81,517.00,278.15,179,,,,,
JNE3405,13,0.14,618,0.33,431.13,435.00,191.74,204,,,,,
JNE3407,13,0.00,"1,031",0.16,331.23,298.13,162.63,165,,,,,
JNE3408,13,0.12,618,0.22,536.02,459.00,206.74,136,,,,,
JNE3412,13,0.29,"10,300",0.02,427.57,435.00,169.72,206,,,,,
JNE3413,13,0.14,"8,200",0.02,525.06,511.00,267.68,164,,,,,
JNE3415,13,0.22,202,0.89,309.32,286.67,129.62,180,,,,,
JNE3416,13,0.29,"5,300",0.03,286.01,301.00,123.80,159,,,,,
JNE3421,13,0.28,"1,458",0.12,262.58,299.33,131.90,175,,,,,
JNE3423,13,0.13,343,0.61,486.65,435.00,198.90,209,,,,,
JNE3424,13,0.02,662,0.21,354.64,301.00,143.53,139,,,,,
JNE3427,13,0.16,"1,169",0.13,314.93,301.00,145.79,152,,,,,
JNE3429,13,0.27,"2,462",0.08,235.18,301.00,119.22,197,,,,,
JNE3431,13,0.25,"1,873",0.11,323.10,333.00,172.07,206,,,,,
JNE3434,13,0.18,874,0.19,295.27,337.00,181.38,166,,,,,
JNE3437,13,0.02,269,0.71,616.68,471.02,257.60,191,,,,,
JNE3438,13,0.22,995,0.19,479.29,459.00,245.08,189,,,,,
JNE3440,13,0.02,"1,888",0.08,458.73,413.15,222.23,151,,,,,
JNE3443,13,0.07,537,0.38,559.32,517.00,256.32,204,,,,,
JNE3449,13,0.02,59,2.45,359.42,301.00,151.13,144,,,,,
JNE3453,13,0.04,241,0.69,563.15,466.00,249.77,166,,,,,
JNE3454,13,0.18,"1,833",0.09,410.41,435.00,192.74,165,,,,,
JNE3455,13,0.00,"2,271",0.07,667.66,531.00,205.12,159,,,,,
JNE3456,13,0.07,"1,000",0.20,315.41,293.84,127.62,200,,,,,
JNE3458,13,0.21,165,1.21,320.19,378.99,161.09,200,,,,,
JNE3459,13,0.09,79,2.50,381.57,399.00,156.69,197,,,,,
JNE3460,13,0.10,"3,720",0.05,371.21,380.00,186.92,186,,,,,
JNE3461,13,0.04,"3,775",0.04,629.77,494.25,204.33,151,,,,,
JNE3463,13,0.10,"3,583",0.06,629.78,504.69,253.38,215,,,,,
JNE3465,13,0.26,"3,180",0.05,467.32,526.50,273.70,159,,,,,
JNE3466,13,0.19,"1,655",0.11,767.80,771.00,325.67,182,,,,,
JNE3467,13,0.08,"5,667",0.03,349.58,345.00,158.26,170,,,,,
JNE3468,13,0.05,"1,967",0.09,433.55,367.19,151.59,177,,,,,
JNE3470,13,0.21,"1,970",0.10,286.06,329.00,125.55,197,,,,,
JNE3474,13,0.28,"1,211",0.18,443.18,487.00,239.63,218,,,,,
JNE3475,13,0.28,"4,650",0.04,326.13,329.04,128.91,186,,,,,
JNE3476,13,0.27,"1,510",0.10,323.57,396.29,160.13,151,,,,,
JNE3477,13,0.13,"1,910",0.10,413.82,361.00,162.16,191,,,,,
JNE3479,13,0.12,"1,029",0.21,280.30,301.00,143.60,216,,,,,
JNE3482,13,0.02,"2,588",0.08,368.18,318.00,134.11,207,,,,,
JNE3484,13,0.06,"2,025",0.08,280.05,273.64,145.70,162,,,,,
JNE3486,13,0.06,"1,627",0.11,0.00,0.00,0.00,179,,,,,
JNE3487,13,0.17,"2,212",0.08,304.62,330.42,131.03,177,,,,,
JNE3491,13,0.17,895,0.21,367.48,375.00,153.56,188,,,,,
JNE3500,13,0.21,"2,817",0.06,328.84,348.00,172.47,169,,,,,
JNE3501,13,0.13,352,0.44,381.91,380.00,151.15,155,,,,,
JNE3506,13,0.15,543,0.28,655.35,602.43,238.61,152,,,,,
JNE3510,13,0.16,"2,414",0.07,531.37,461.20,246.50,169,,,,,
JNE3515,13,0.15,742,0.19,464.36,459.00,227.53,141,,,,,
JNE3516,13,0.26,"3,560",0.05,285.25,345.00,134.03,178,,,,,
JNE3518,13,0.18,"43,700",0.01,437.90,466.50,181.19,437,,,,,
JNE3522,13,0.16,"1,120",0.15,364.74,321.90,145.67,168,,,,,
JNE3534,13,0.01,"1,417",0.12,426.96,345.00,145.62,170,,,,,
JNE3537,13,0.27,"3,875",0.04,323.97,367.00,152.46,155,,,,,
JNE3543,13,0.21,"1,556",0.09,303.50,348.50,159.12,140,,,,,
JNE3546,13,0.02,"3,500",0.04,533.41,450.80,221.05,140,,,,,
JNE3548,13,0.07,"19,500",0.01,0.00,0.00,0.00,195,,,,,
JNE3549,13,0.22,"4,200",0.04,373.54,347.00,145.93,168,,,,,
JNE3554,13,0.10,238,0.72,632.54,517.00,276.96,171,,,,,
JNE3560,13,0.18,"1,690",0.10,481.48,544.00,292.47,169,,,,,
JNE3561,13,0.04,995,0.22,575.44,487.00,248.18,219,,,,,
JNE3563,13,0.18,"17,100",0.01,443.36,479.00,205.94,171,,,,,
JNE3564,13,0.16,"5,100",0.04,550.52,549.00,294.36,204,,,,,
JNE3565,13,0.08,92,2.00,396.97,318.00,170.31,184,,,,,
JNE3566,13,0.23,"16,100",0.01,349.84,368.00,141.65,161,,,,,
JNE3567,13,0.10,"1,962",0.08,377.15,359.10,137.27,157,,,,,
JNE3568,13,0.07,"15,000",0.01,454.21,435.00,211.57,150,,,,,
JNE3571,13,0.16,"19,500",0.01,490.72,439.20,180.87,195,,,,,
JNE3573,13,0.04,"3,850",0.04,464.00,381.00,148.20,154,,,,,
JNE3574,13,0.25,"1,656",0.09,274.02,301.00,115.10,149,,,,,
JNE3575,13,0.25,"3,200",0.06,397.80,471.00,198.73,192,,,,,
JNE3577,13,0.14,"3,840",0.05,698.51,696.00,372.92,192,,,,,
JNE3578,13,0.28,"1,555",0.11,610.70,612.00,255.75,171,,,,,
JNE3579,13,0.10,"3,420",0.05,333.76,301.00,136.98,171,,,,,
JNE3601,13,0.24,"1,500",0.14,297.61,329.00,128.14,210,,,,,
JNE3603,13,0.05,352,0.54,350.34,299.21,140.44,190,,,,,
JNE3605,13,0.15,840,0.25,581.24,517.00,274.58,210,,,,,
JNE3606,13,0.04,"20,500",0.01,560.02,499.00,232.66,205,,,,,
JNE3607,13,0.24,"2,214",0.07,398.25,471.00,258.14,155,,,,,
JNE3609,13,0.05,"2,688",0.08,677.05,568.00,306.96,215,,,,,
JNE3610,13,0.25,839,0.18,305.95,318.00,168.48,151,,,,,
JNE3611,13,0.29,"1,427",0.11,423.48,459.00,243.28,157,,,,,
JNE3612,13,0.16,"10,500",0.02,433.70,380.00,167.06,210,,,,,
JNE3613,13,0.07,366,0.50,422.19,384.75,162.82,183,,,,,
JNE3614,13,0.19,"9,100",0.02,378.10,433.67,195.51,182,,,,,
JNE3615,13,0.13,"2,456",0.09,384.50,319.00,123.27,221,,,,,
JNE3616,13,0.17,"7,800",0.02,319.32,320.00,155.61,156,,,,,
JNE3617,13,0.29,"5,467",0.03,287.22,319.00,159.96,164,,,,,
JNE3618,13,0.02,950,0.18,483.21,384.25,154.60,171,,,,,
JNE3619,13,0.06,"4,650",0.04,350.28,300.20,153.70,186,,,,,
JNE3620,13,0.13,"2,325",0.08,330.86,339.00,130.94,186,,,,,
JNE3621,13,0.25,"1,080",0.15,448.50,455.00,249.31,162,,,,,
JNE3623,13,0.17,"3,350",0.06,400.01,362.00,196.44,201,,,,,
JNE3625,13,0.24,"1,920",0.10,410.17,434.00,199.77,192,,,,,
JNE3627,13,0.13,417,0.53,349.49,329.00,125.41,221,,,,,
JNE3629,13,0.05,789,0.19,516.66,499.00,227.47,150,,,,,
JNE3630,13,0.14,"2,260",0.10,416.79,449.00,172.96,226,,,,,
JNE3633,13,0.21,"1,723",0.13,399.66,432.82,199.56,224,,,,,
JNE3634,13,0.16,604,0.27,477.89,490.95,217.49,163,,,,,
JNE3635,13,0.11,"1,113",0.15,437.21,355.00,153.26,167,,,,,
JNE3636,13,0.15,"2,400",0.09,516.66,459.00,216.98,216,,,,,
JNE3637,13,0.04,430,0.40,613.64,499.00,221.21,172,,,,,
JNE3638,13,0.14,"2,171",0.07,456.17,430.83,194.16,152,,,,,
JNE3639,13,0.12,"4,675",0.04,676.06,693.00,274.98,187,,,,,
JNE3640,13,0.09,870,0.20,"1,053.75",831.60,450.96,174,,,,,
JNE3641,13,0.24,"2,629",0.07,317.81,354.00,177.79,184,,,,,
JNE3642,13,0.10,511,0.28,314.16,321.00,124.69,143,,,,,
JNE3645,13,0.05,960,0.15,770.20,663.00,294.75,144,,,,,
JNE3648,13,0.27,290,0.50,512.72,518.00,268.33,145,,,,,
JNE3651,13,0.08,"9,000",0.02,555.76,444.00,209.20,180,,,,,
JNE3652,13,0.02,166,1.18,343.53,332.63,162.97,196,,,,,
JNE3654,13,0.06,286,0.57,553.26,432.71,232.27,163,,,,,
JNE3656,13,0.08,"2,686",0.07,604.66,574.00,219.47,188,,,,,
JNE3658,13,0.22,"2,825",0.08,293.69,354.00,162.44,226,,,,,
JNE3659,13,0.03,"1,333",0.12,644.02,493.00,245.21,160,,,,,
JNE3660,13,0.05,"18,300",0.01,476.64,371.00,152.72,183,,,,,
JNE3661,13,0.09,"9,500",0.02,344.77,301.00,130.51,190,,,,,
JNE3663,13,0.21,"2,562",0.08,349.87,354.00,139.88,205,,,,,
JNE3665,13,0.12,"1,000",0.16,640.07,545.00,223.54,160,,,,,
JNE3670,13,0.01,334,0.59,504.19,384.30,150.43,197,,,,,
JNE3671,13,0.25,"2,386",0.07,638.22,625.00,251.73,167,,,,,
JNE3672,13,0.03,"3,750",0.04,692.33,574.00,311.29,150,,,,,
JNE3674,13,0.24,"4,320",0.05,605.80,574.00,278.96,216,,,,,
JNE3675,13,0.03,"1,736",0.11,903.56,666.00,274.53,191,,,,,
JNE3676,13,0.18,"1,107",0.15,328.26,367.00,140.25,166,,,,,
JNE3680,13,0.06,"1,700",0.09,726.97,574.00,278.53,153,,,,,
JNE3684,13,0.07,"16,600",0.01,342.90,301.00,115.92,166,,,,,
JNE3686,13,0.27,"2,667",0.06,367.85,425.00,172.91,160,,,,,
JNE3688,13,0.10,768,0.25,681.73,599.00,281.72,192,,,,,
JNE3689,13,0.01,231,0.68,459.56,434.00,208.09,157,,,,,
JNE3690,13,0.06,"1,233",0.15,628.15,544.50,274.17,185,,,,,
JNE3691,13,0.08,"8,800",0.02,927.96,744.50,402.34,176,,,,,
JNE3697,13,0.14,"1,962",0.08,455.89,471.32,179.13,157,,,,,
JNE3698,13,0.04,196,0.77,459.36,399.00,151.85,151,,,,,
JNE3701,13,0.05,383,0.52,436.19,333.00,139.62,199,,,,,
JNE3702,13,0.27,714,0.22,284.70,325.00,126.55,157,,,,,
JNE3703,13,0.00,"1,580",0.10,343.86,292.54,118.64,158,,,,,
JNE3704,13,0.19,362,0.42,475.02,487.00,247.37,152,,,,,
JNE3706,13,0.27,"2,186",0.07,398.35,443.00,209.72,153,,,,,
JNE3707,13,0.05,"7,500",0.02,573.63,475.00,250.82,150,,,,,
JNE3708,13,0.17,"1,655",0.11,"1,099.41",995.75,386.16,182,,,,,
JNE3709,13,0.19,"1,642",0.12,977.69,999.00,446.50,197,,,,,
JNE3710,13,0.16,400,0.47,774.41,690.00,352.68,188,,,,,
JNE3712,13,0.04,"21,800",0.01,615.04,518.00,225.75,218,,,,,
JNE3713,13,0.04,"7,900",0.02,397.09,354.00,157.50,158,,,,,
JNE3714,13,0.06,396,0.55,586.09,487.00,238.20,218,,,,,
JNE3716,13,0.02,"19,200",0.01,534.66,419.29,182.74,192,,,,,
JNE3718,13,0.24,"15,200",0.01,440.57,465.50,194.91,152,,,,,
JNE3720,13,0.14,"4,300",0.00,475.66,517.00,209.45,215,,,,,
JNE3721,13,0.17,"2,157",0.07,227.70,247.27,112.80,151,,,,,
JNE3722,13,0.09,994,0.17,314.96,301.00,136.85,169,,,,,
JNE3724,13,0.05,"1,338",0.13,528.27,484.00,194.07,174,,,,,
JNE3725,13,0.11,800,0.22,505.77,442.00,212.78,176,,,,,
JNE3730,13,0.20,"1,382",0.11,254.39,301.00,149.22,152,,,,,
JNE3732,13,0.05,939,0.18,538.22,431.00,185.46,169,,,,,
JNE3733,13,0.28,"4,140",0.05,616.33,749.00,306.40,207,,,,,
JNE3734,13,0.15,"4,850",0.04,424.42,431.00,217.03,194,,,,,
JNE3738,13,0.11,522,0.32,374.13,340.44,179.35,167,,,,,
JNE3739,13,0.11,"5,833",0.03,447.17,446.38,244.41,175,,,,,
JNE3741,13,0.06,"1,988",0.08,586.60,459.00,206.42,159,,,,,
JNE3742,13,0.19,"1,186",0.14,251.91,288.00,139.20,166,,,,,
JNE3744,13,0.24,"9,800",0.02,632.18,690.00,273.44,196,,,,,
JNE3748,13,0.03,"6,900",0.03,563.26,431.00,199.39,207,,,,,
JNE3749,13,0.05,"1,141",0.17,568.36,472.74,197.03,194,,,,,
JNE3752,13,0.00,"21,900",0.01,412.53,358.00,159.04,219,,,,,
JNE3753,13,0.22,725,0.24,652.77,699.00,281.98,174,,,,,
JNE3756,13,0.14,270,0.57,543.35,487.00,189.24,154,,,,,
JNE3757,13,0.01,"3,317",0.06,670.47,487.00,255.67,199,,,,,
JNE3758,13,0.21,"1,150",0.16,404.75,376.00,147.57,184,,,,,
JNE3760,13,0.03,443,0.47,490.21,432.00,218.63,208,,,,,
JNE3761,13,0.14,286,0.56,362.24,301.00,142.06,160,,,,,
JNE3763,13,0.15,"8,350",0.02,410.14,459.00,214.01,167,,,,,
JNE3764,13,0.11,"2,500",0.08,368.97,391.23,193.31,200,,,,,
JNE3765,13,0.24,"1,620",0.10,588.92,579.00,256.10,162,,,,,
JNE3766,13,0.16,"1,081",0.21,544.63,579.00,294.81,227,,,,,
JNE3768,13,0.05,"2,900",0.05,558.72,549.00,289.92,145,,,,,
JNE3769,13,0.07,"1,660",0.10,578.48,549.00,290.00,166,,,,,
JNE3771,13,0.22,"3,080",0.00,323.62,346.00,181.37,154,,,,,
JNE3773,13,0.10,"8,750",0.02,353.71,301.00,158.45,175,,,,,
JNE3775,13,0.22,179,0.81,297.82,301.00,156.24,145,,,,,
JNE3776,13,0.16,449,0.45,286.51,301.00,147.86,202,,,,,
JNE3778,13,0.13,"1,156",0.18,489.64,459.00,182.47,208,,,,,
JNE3779,13,0.00,743,0.28,380.37,276.80,129.94,208,,,,,
JNE3781,13,0.14,546,0.35,413.82,360.37,157.31,191,,,,,
JNE3782,13,0.29,"2,511",0.09,449.24,544.00,283.26,226,,,,,
JNE3783,13,0.17,"4,675",0.04,598.09,517.00,267.45,187,,,,,
JNE3784,13,0.12,"3,820",0.05,482.90,422.76,229.58,191,,,,,
JNE3785,13,0.24,"1,989",0.09,275.86,338.64,176.52,179,,,,,
JNE3786,13,0.03,"1,611",0.09,565.71,549.00,275.95,145,,,,,
JNE3787,13,0.25,"1,592",0.12,380.92,458.00,238.12,191,,,,,
JNE3789,13,0.23,632,0.28,551.56,549.00,293.67,177,,,,,
JNE3790,13,0.28,"6,300",0.03,241.49,301.00,159.38,189,,,,,
JNE3791,13,0.29,"1,273",0.15,505.24,579.00,273.10,191,,,,,
JNE3792,13,0.09,654,0.28,491.62,499.00,256.95,183,,,,,
JNE3793,13,0.26,"3,825",0.04,335.50,330.38,161.25,153,,,,,
JNE3794,13,0.23,"2,000",0.08,476.73,529.00,245.68,160,,,,,
JNE3795,13,0.01,"2,525",0.08,716.35,529.00,228.86,202,,,,,
JNE3797,13,0.16,600,0.32,847.45,730.69,302.58,192,,,,,
JNE3798,13,0.09,"1,845",0.11,708.53,740.02,328.02,203,,,,,
JNE3799,13,0.10,"3,250",0.06,646.59,592.55,317.66,195,,,,,
JNE3800,13,0.05,"2,125",0.08,712.87,708.83,284.59,170,,,,,
JNE3801,13,0.03,"1,620",0.10,972.31,732.71,288.29,162,,,,,
JNE3802,13,0.22,"1,925",0.08,350.83,365.25,197.10,154,,,,,
JNE3803,13,0.20,"3,550",0.06,419.30,487.00,244.93,213,,,,,
JNE3804,13,0.02,"1,336",0.11,519.54,487.00,201.10,147,,,,,
JNE3806,13,0.22,"8,950",0.02,503.42,545.00,282.65,179,,,,,
JNE3807,13,0.12,843,0.21,870.79,717.53,369.11,177,,,,,
JNE3810,13,0.04,894,0.18,670.52,540.39,263.18,161,,,,,
JNE3811,13,0.29,"4,200",0.04,398.62,414.75,179.02,168,,,,,
JNE3813,13,0.22,"1,700",0.10,605.65,659.00,308.17,170,,,,,
JNE3817,13,0.16,"2,125",0.08,396.94,443.66,216.19,170,,,,,
JNE3818,13,0.25,"2,400",0.08,483.86,463.80,218.62,192,,,,,
JNE3819,13,0.01,"2,950",0.06,496.59,475.00,233.81,177,,,,,
JNE3821,13,0.20,"1,545",0.11,551.57,499.00,271.34,170,,,,,
JNE3822,13,0.08,"4,080",0.05,476.96,439.71,222.97,204,,,,,
JNE3825,13,0.04,"1,000",0.17,454.11,449.00,178.62,170,,,,,
JNE3833,13,0.10,303,0.66,781.61,672.60,311.42,200,,,,,
JNE3834,13,0.15,852,0.21,815.92,689.00,316.62,179,,,,,
JNE3835,13,0.07,"1,392",0.13,859.68,666.00,354.17,181,,,,,
JNE3836,13,0.03,"1,300",0.13,699.95,652.25,309.13,169,,,,,
JNE3837,13,0.04,"1,306",0.17,569.72,533.00,244.89,222,,,,,
JNE3838,13,0.10,"18,500",0.01,436.10,388.28,197.55,185,,,,,
JNE3856,13,0.15,581,0.27,576.54,532.80,268.65,157,,,,,
JNE3860,13,0.26,"10,950",0.02,592.49,611.75,297.23,219,,,,,
JNE3861,13,0.05,"5,733",0.03,986.68,932.86,509.89,172,,,,,
JNE3862,13,0.26,"2,190",0.10,614.20,599.00,319.01,219,,,,,
JNE3863,13,0.11,"1,870",0.10,754.89,666.00,329.83,187,,,,,
JNE3864,13,0.11,"5,000",0.03,717.81,599.00,307.92,150,,,,,
JNE3865,13,0.29,417,0.41,451.29,513.00,253.59,171,,,,,
JNE3869,13,0.12,"2,222",0.09,937.24,891.25,355.26,200,,,,,
JNE3870,13,0.03,"1,940",0.10,"1,034.83",766.40,344.18,194,,,,,
JNE3872,13,0.05,"3,000",0.06,918.30,771.00,340.63,180,,,,,
JNE3875,13,0.09,135,1.09,737.73,599.00,232.62,147,,,,,
JNE3878,13,0.29,102,1.95,390.99,398.00,172.95,198,,,,,
JNE3879,13,0.14,"4,450",0.04,731.25,661.00,274.87,178,,,,,
JNE3880,13,0.27,"2,000",0.09,486.30,536.31,249.53,180,,,,,
JNE3881,13,0.17,137,1.26,711.26,815.18,436.30,172,,,,,
JNE3885,13,0.04,"2,940",0.00,537.28,526.00,241.27,147,,,,,
JNE3886,13,0.03,"20,400",0.01,571.60,526.00,245.34,204,,,,,
JNE3887,13,0.24,"2,483",0.06,431.84,509.56,229.42,149,,,,,
JNE3888,13,0.21,"17,100",0.01,620.39,689.37,361.45,171,,,,,
JNE3889,13,0.02,"4,200",0.05,883.07,779.00,335.42,210,,,,,
JNE3890,13,0.10,198,0.91,657.28,621.00,265.04,180,,,,,
JNE3891,13,0.14,"1,875",0.08,639.37,621.00,282.47,150,,,,,
JNE3892,13,0.14,671,0.24,543.98,583.20,314.28,161,,,,,
JNE3893,13,0.04,"1,176",0.17,634.81,621.00,334.77,200,,,,,
JNE3894,13,0.13,"8,550",0.02,837.92,749.00,371.80,171,,,,,
JNE3895,13,0.12,352,0.50,706.00,648.00,274.28,176,,,,,
JNE3896,13,0.16,304,0.72,294.66,291.00,116.08,219,,,,,
JNE3897,13,0.28,"2,338",0.08,533.04,582.00,262.52,187,,,,,
JNE3898,13,0.13,"7,733",0.03,678.34,582.00,319.13,232,,,,,
JNE3899,13,0.22,"1,910",0.10,544.61,582.00,293.49,191,,,,,
JNE3900,13,0.09,"1,770",0.10,674.94,582.00,270.81,177,,,,,
JNE3902,13,0.03,"1,633",0.09,804.00,599.00,234.01,147,,,,,
JNE3903,13,0.27,886,0.22,418.76,426.86,194.47,195,,,,,
JNE3904,13,0.06,"1,442",0.12,673.16,597.22,284.58,173,,,,,
JNE3905,13,0.25,430,0.44,597.96,625.00,243.49,189,,,,,
JNE3906,13,0.27,"2,314",0.07,691.60,852.00,364.43,162,,,,,
JNE3908,13,0.20,503,0.34,733.75,736.00,376.22,171,,,,,
JNE3909,13,0.23,"3,640",0.05,737.90,687.72,261.76,182,,,,,
JNE3910,13,0.01,285,0.67,779.76,639.62,245.80,191,,,,,
JNE3924,13,0.28,"1,785",0.13,618.60,625.00,292.04,232,,,,,
JNE3927,13,0.30,752,0.21,711.25,852.00,342.09,158,,,,,
MEN5001,13,0.11,925,0.16,815.89,655.00,312.18,148,,,,,
MEN5002,13,0.15,90,1.88,754.96,709.00,374.57,170,,,,,
MEN5003,13,0.19,"2,000",0.09,545.95,633.00,317.61,180,,,,,
MEN5004,13,0.18,824,0.21,631.94,613.89,299.75,173,,,,,
MEN5006,13,0.15,750,0.26,323.92,332.50,150.61,195,,,,,
MEN5007,13,0.09,"3,580",0.05,594.48,615.50,301.26,179,,,,,
MEN5008,13,0.11,994,0.18,614.14,516.00,197.26,179,,,,,
MEN5010,13,0.04,"3,460",0.05,680.20,618.00,314.98,173,,,,,
MEN5011,13,0.05,"2,038",0.08,868.50,688.00,366.50,163,,,,,
MEN5012,13,0.16,"3,580",0.05,633.21,655.00,343.23,179,,,,,
MEN5013,13,0.13,"2,943",0.07,653.27,671.62,341.31,206,,,,,
MEN5014,13,0.02,"1,450",0.12,906.43,665.00,347.58,174,,,,,
MEN5015,13,0.07,"1,079",0.14,705.77,645.00,334.29,151,,,,,
MEN5018,13,0.21,"1,700",0.11,652.24,655.00,260.40,187,,,,,
MEN5019,13,0.09,"2,883",0.06,730.11,635.00,340.59,173,,,,,
MEN5021,13,0.11,315,0.61,841.35,758.60,364.30,192,,,,,
MEN5022,13,0.18,"3,020",0.05,837.05,745.03,285.34,151,,,,,
MEN5023,13,0.08,"1,770",0.10,892.11,754.00,400.34,177,,,,,
MEN5024,13,0.10,"1,510",0.10,704.42,657.00,316.91,151,,,,,
MEN5025,13,0.06,"1,015",0.20,958.13,754.00,290.43,203,,,,,
MEN5026,13,0.29,"9,950",0.02,543.86,688.00,277.17,199,,,,,
MEN5027,13,0.14,"1,725",0.12,658.65,617.40,253.81,207,,,,,
MEN5028,13,0.05,372,0.46,606.09,461.41,233.55,171,,,,,
MEN5029,13,0.03,"1,867",0.12,757.05,615.08,320.43,224,,,,,
MEN5030,13,0.05,"2,614",0.07,748.79,590.00,257.44,183,,,,,
MEN5031,13,0.18,"1,364",0.11,748.68,714.00,279.89,150,,,,,
MEN5032,13,0.27,451,0.37,772.01,787.00,358.36,167,,,,,
NW001,13,0.26,"6,400",0.03,550.65,539.00,244.07,192,,,,,
NW002,13,0.00,"1,219",0.16,521.21,455.00,228.59,195,,,,,
NW003,13,0.05,"20,600",0.01,447.16,424.29,177.85,206,,,,,
NW004,13,0.14,"2,275",0.08,415.10,395.83,205.12,182,,,,,
NW005,13,0.09,875,0.20,675.98,573.33,283.79,175,,,,,
NW006,13,0.11,"2,980",0.00,498.61,496.00,192.22,149,,,,,
NW008,13,0.09,674,0.27,533.90,558.00,258.75,182,,,,,
NW009,13,0.22,938,0.16,511.07,560.00,284.92,150,,,,,
NW012,13,0.11,"11,850",0.02,646.09,522.60,277.23,237,,,,,
NW013,13,0.20,682,0.34,393.14,380.00,169.55,232,,,,,
NW014,13,0.11,"1,400",0.16,620.68,585.82,293.46,224,,,,,
NW015,13,0.15,"8,750",0.02,491.04,517.00,233.26,175,,,,,
NW016,13,0.22,"4,375",0.04,486.80,531.32,278.28,175,,,,,
NW020,13,0.28,"3,860",0.05,412.98,517.00,242.06,193,,,,,
NW022,13,0.21,"2,662",0.08,506.75,590.00,271.08,213,,,,,
NW023,13,0.00,"1,325",0.12,706.93,517.00,279.80,159,,,,,
NW024,13,0.15,"2,471",0.07,666.01,560.00,275.96,173,,,,,
NW027,13,0.00,452,0.40,678.86,613.00,323.14,181,,,,,
NW028,13,0.08,"3,980",0.05,530.14,539.00,290.64,199,,,,,
NW029,13,0.10,"1,955",0.11,477.23,455.00,173.68,215,,,,,
NW030,13,0.28,"1,129",0.14,492.87,565.00,279.79,158,,,,,
NW031,13,0.11,"1,320",0.15,581.01,582.00,239.97,198,,,,,
NW032,13,0.04,"2,967",0.06,550.20,496.00,251.33,178,,,,,
NW034,13,0.07,"6,367",0.03,619.92,595.00,250.35,191,,,,,
NW035,13,0.06,402,0.53,722.69,582.00,261.17,213,,,,,
NW036,13,0.11,717,0.30,623.34,539.00,217.45,215,,,,,
NW037,13,0.10,"3,640",0.05,515.25,450.00,211.42,182,,,,,
NW038,13,0.01,"1,225",0.16,606.79,517.00,236.93,196,,,,,
NW039,13,0.12,"1,100",0.18,595.97,495.00,237.59,198,,,,,
PJ0096,13,0.21,555,0.31,"1,077.00",981.25,481.49,172,,,,,
PJNE1906,13,0.11,"5,233",0.03,"1,101.95","1,114.67",436.93,157,,,,,
PJNE2014,13,0.10,"2,250",0.08,810.17,798.00,326.22,180,,,,,
PJNE2100,13,0.28,"5,500",0.03,668.12,752.00,290.23,165,,,,,
PJNE2171,13,0.29,"3,760",0.05,801.21,"1,043.00",551.61,188,,,,,
PJNE2199,13,0.00,"15,700",0.01,817.23,679.47,289.28,157,,,,,
PJNE3068,13,0.11,"1,970",0.10,"1,176.20","1,054.20",547.33,197,,,,,
PJNE3252,13,0.07,"6,367",0.03,"1,060.45",925.00,498.29,191,,,,,
PJNE3291,13,0.09,"1,650",0.10,921.92,869.00,368.46,165,,,,,
PJNE3363,13,0.03,"2,011",0.09,918.83,764.00,345.59,181,,,,,
PJNE3364,13,0.12,"1,373",0.11,970.80,796.19,323.96,151,,,,,
PJNE3368,13,0.05,710,0.29,919.00,862.10,453.67,206,,,,,
PJNE3373,13,0.18,"15,000",0.01,876.91,836.00,346.78,150,,,,,
PJNE3399,13,0.07,"2,450",0.08,757.58,764.75,394.40,196,,,,,
PJNE3421,13,0.05,"1,277",0.13,943.11,925.00,383.33,166,,,,,
PJNE3423,13,0.23,"3,600",0.05,831.82,869.00,357.61,180,,,,,
PJNE3439,13,0.30,"2,883",0.06,703.66,925.00,457.41,173,,,,,
PJNE3440,13,0.17,"6,500",0.03,812.14,925.00,404.15,195,,,,,
PJNE3445,13,0.18,"2,040",0.10,841.96,925.00,459.95,204,,,,,
PJNE3568,13,0.25,"18,900",0.01,734.89,785.33,362.10,189,,,,,
PJNE3607,13,0.16,"7,900",0.03,946.15,869.00,424.94,237,,,,,
PSET043,13,0.26,669,0.35,"1,351.16","1,629.00",653.03,234,,,,,
PSET264,13,0.13,"2,300",0.09,"1,480.01","1,325.00",544.81,207,,,,,
PSET268,13,0.25,524,0.33,"1,168.72","1,399.00",665.01,173,,,,,
SAR 28.00,13,0.06,662,0.26,783.44,659.00,253.62,172,,,,,
SAR 66.00,13,0.20,"3,340",0.05,637.22,667.00,332.72,167,,,,,
SAR 70.00,13,0.14,"1,131",0.16,973.32,885.00,399.16,181,,,,,
SET003,13,0.15,"6,033",0.03,"1,003.12",844.00,459.67,181,,,,,
SET014,13,0.26,"1,633",0.12,807.76,792.00,351.55,196,,,,,
SET019,13,0.00,786,0.22,887.46,844.00,438.23,173,,,,,
SET022,13,0.25,545,0.33,737.41,723.00,292.64,180,,,,,
SET043,13,0.04,"3,500",0.05,"1,029.31",999.00,492.57,175,,,,,
SET044,13,0.01,171,1.08,838.28,612.00,322.11,185,,,,,
SET048,13,0.07,"1,833",0.09,671.92,629.00,261.04,165,,,,,
SET055,13,0.27,644,0.27,548.71,635.00,291.66,174,,,,,
SET058,13,0.05,"2,388",0.08,870.69,847.00,337.14,191,,,,,
SET062,13,0.21,757,0.21,589.47,685.00,284.92,159,,,,,
SET073,13,0.23,"1,317",0.18,827.59,824.00,431.95,237,,,,,
SET083,13,0.17,"1,335",0.17,758.54,662.00,255.06,227,,,,,
SET087,13,0.17,"1,414",0.14,924.10,881.00,373.13,198,,,,,
SET094,13,0.05,"23,800",0.01,"1,082.32",876.00,478.17,238,,,,,
SET098,13,0.09,"20,400",0.01,898.60,749.97,315.27,204,,,,,
SET100,13,0.19,"5,675",0.04,812.16,878.00,352.03,227,,,,,
SET110,13,0.08,"2,136",0.11,820.73,837.00,411.68,235,,,,,
SET128,13,0.22,"4,625",0.04,807.22,985.00,400.01,185,,,,,
SET131,13,0.14,"1,750",0.10,671.69,666.00,321.32,175,,,,,
SET132,13,0.26,"3,840",0.00,528.07,629.00,260.70,192,,,,,
SET144,13,0.09,"3,733",0.06,702.00,719.74,307.76,224,,,,,
SET145,13,0.17,"9,750",0.02,705.67,764.00,336.93,195,,,,,
SET154,13,0.01,"1,700",0.09,929.99,859.00,469.34,153,,,,,
SET156,13,0.13,"1,131",0.16,810.61,680.00,272.88,181,,,,,
SET158,13,0.02,"3,950",0.04,852.00,791.00,388.56,158,,,,,
SET179,13,0.25,"2,786",0.07,463.39,499.00,240.45,195,,,,,
SET182,13,0.12,625,0.24,773.57,699.00,329.55,150,,,,,
SET183,13,0.02,"2,312",0.08,922.50,759.00,295.22,185,,,,,
SET184,13,0.29,145,1.21,415.31,539.29,282.55,176,,,,,
SET185,13,0.05,"2,062",0.08,577.50,523.33,235.68,165,,,,,
SET186,13,0.18,450,0.44,524.55,599.00,277.94,198,,,,,
SET187,13,0.19,"2,200",0.09,672.91,699.00,311.79,198,,,,,
SET188,13,0.13,"2,643",0.07,645.67,665.00,363.70,185,,,,,
SET191,13,0.14,"17,600",0.01,791.17,738.00,361.91,176,,,,,
SET192,13,0.07,"3,980",0.05,778.90,648.00,260.33,199,,,,,
SET193,13,0.24,"1,059",0.17,750.70,799.00,312.84,180,,,,,
SET194,13,0.10,"1,022",0.23,693.42,641.00,290.97,235,,,,,
SET196,13,0.15,310,0.49,560.97,556.67,218.87,152,,,,,
SET197,13,0.05,"6,033",0.03,969.52,759.00,326.19,181,,,,,
SET199,13,0.24,312,0.51,502.68,587.00,247.18,159,,,,,
SET200,13,0.00,"2,175",0.08,687.16,525.76,237.66,174,,,,,
SET203,13,0.09,"5,700",0.04,499.13,417.07,199.31,228,,,,,
SET204,13,0.16,661,0.33,669.49,666.00,282.92,218,,,,,
SET205,13,0.18,"3,820",0.00,419.22,443.00,173.28,191,,,,,
SET209,13,0.28,"1,944",0.09,445.74,509.67,241.25,175,,,,,
SET217,13,0.28,201,0.95,544.60,698.67,267.29,191,,,,,
SET218,13,0.14,"2,600",0.08,611.52,667.00,271.73,208,,,,,
SET220,13,0.14,"3,200",0.07,914.11,976.00,384.01,224,,,,,
SET223,13,0.27,729,0.21,527.68,648.00,299.24,153,,,,,
SET224,13,0.15,"1,167",0.15,"1,129.33","1,083.30",486.92,175,,,,,
SET227,13,0.01,"11,400",0.02,794.82,595.94,287.34,228,,,,,
SET228,13,0.17,"2,388",0.08,361.41,384.50,207.90,191,,,,,
SET229,13,0.19,"1,744",0.09,944.56,846.67,417.42,157,,,,,
SET230,13,0.20,"3,800",0.06,921.34,832.00,344.04,228,,,,,
SET233,13,0.21,446,0.41,579.06,529.00,260.96,183,,,,,
SET239,13,0.28,"3,660",0.05,670.18,693.00,317.84,183,,,,,
SET240,13,0.29,289,0.63,659.53,789.00,310.57,182,,,,,
SET244,13,0.02,"6,600",0.03,814.69,773.00,379.56,198,,,,,
SET246,13,0.17,"1,113",0.15,450.98,435.00,205.81,167,,,,,
SET247,13,0.16,"3,480",0.00,797.24,762.00,390.00,174,,,,,
SET248,13,0.21,"1,500",0.12,651.49,612.00,289.53,180,,,,,
SET249,13,0.16,"1,783",0.12,793.00,675.00,355.09,214,,,,,
SET250,13,0.22,"1,160",0.15,646.47,675.00,351.01,174,,,,,
SET251,13,0.08,"2,222",0.09,817.56,759.00,353.15,200,,,,,
SET252,13,0.28,"1,167",0.15,609.36,759.00,363.40,175,,,,,
SET258,13,0.08,"10,850",0.02,827.25,855.00,378.35,217,,,,,
SET264,13,0.03,"2,957",0.07,973.88,817.46,424.86,207,,,,,
SET265,13,0.27,"1,856",0.09,793.88,873.90,337.87,167,,,,,
SET266,13,0.21,"1,910",0.10,901.07,852.00,447.07,191,,,,,
SET268,13,0.03,"2,786",0.07,934.94,785.79,420.78,195,,,,,
SET269,13,0.08,"1,154",0.13,"1,039.15",824.00,313.56,150,,,,,
SET270,13,0.27,"2,056",0.09,526.52,568.00,263.91,185,,,,,
SET271,13,0.08,"1,778",0.09,"1,164.90",942.03,422.77,160,,,,,
SET272,13,0.29,"1,500",0.11,666.56,852.00,458.88,165,,,,,
SET273,13,0.02,"1,888",0.08,809.30,612.00,258.57,151,,,,,
SET274,13,0.27,733,0.27,635.83,677.14,348.26,198,,,,,
SET276,13,0.29,"1,250",0.16,975.30,"1,238.00",637.73,200,,,,,
SET277,13,0.24,"1,621",0.14,"1,076.43","1,268.67",656.64,227,,,,,
SET278,13,0.26,"3,660",0.05,"1,334.53","1,312.27",713.60,183,,,,,
SET279,13,0.14,"2,127",0.11,765.14,838.33,393.81,234,,,,,
SET280,13,0.05,"3,660",0.05,909.52,790.00,358.64,183,,,,,
SET281,13,0.14,243,0.84,497.68,499.00,268.88,204,,,,,
SET282,13,0.26,"1,525",0.12,990.55,"1,043.50",436.35,183,,,,,
SET285,13,0.01,"1,375",0.12,647.92,487.00,230.32,165,,,,,
SET286,13,0.08,"3,360",0.05,677.36,626.00,288.49,168,,,,,
SET287,13,0.09,"3,200",0.06,555.34,508.80,241.72,192,,,,,
SET288,13,0.01,"1,767",0.09,947.41,686.66,330.88,159,,,,,
SET289,13,0.19,"1,467",0.12,588.93,549.00,249.72,176,,,,,
SET290,13,0.12,"3,017",0.06,950.67,792.00,414.70,181,,,,,
SET291,13,0.23,224,1.06,515.70,556.46,288.84,237,,,,,
SET293,13,0.29,"4,680",0.00,566.51,704.90,284.42,234,,,,,
SET295,13,0.14,"8,750",0.02,820.55,799.00,310.94,175,,,,,
SET299,13,0.12,"4,760",0.00,944.26,825.00,336.36,238,,,,,
SET300,13,0.30,478,0.40,707.42,928.60,467.99,191,,,,,
SET302,13,0.23,495,0.40,689.12,781.86,328.05,198,,,,,
SET304,13,0.08,"2,471",0.07,"1,040.16","1,060.29",509.49,173,,,,,
SET305,13,0.17,"1,833",0.09,956.54,959.33,523.49,165,,,,,
SET307,13,0.05,285,0.75,936.65,736.00,315.22,214,,,,,
SET308,13,0.16,"1,723",0.13,666.05,749.00,328.05,224,,,,,
SET310,13,0.21,"1,600",0.12,969.06,953.59,520.08,192,,,,,
SET313,13,0.27,"1,700",0.09,"1,204.70","1,199.00",614.21,153,,,,,
SET316,13,0.08,"1,792",0.12,"1,075.30","1,031.67",449.58,215,,,,,
SET317,13,0.21,"5,567",0.03,"1,224.53","1,199.00",655.43,167,,,,,
SET319,13,0.14,183,0.92,"1,135.48",949.00,392.90,168,,,,,
SET320,13,0.28,"1,573",0.11,850.72,852.00,442.74,173,,,,,
SET321,13,0.12,"1,717",0.12,963.48,967.00,424.55,206,,,,,
SET322,13,0.16,334,0.47,988.32,"1,084.28",552.45,157,,,,,
SET323,13,0.29,"6,867",0.03,781.57,999.00,532.56,206,,,,,
SET324,13,0.23,"2,750",0.06,694.84,696.44,354.25,165,,,,,
SET325,13,0.15,"5,567",0.03,738.20,666.00,284.52,167,,,,,
SET326,13,0.29,190,0.79,608.09,666.00,269.42,150,,,,,
SET327,13,0.16,331,0.55,964.02,982.89,401.87,182,,,,,
SET328,13,0.15,"2,188",0.08,513.94,545.00,262.95,175,,,,,
SET329,13,0.14,"1,693",0.14,717.82,666.00,290.66,237,,,,,
SET330,13,0.30,"4,140",0.05,477.96,560.00,288.49,207,,,,,
SET331,13,0.18,"1,457",0.14,649.23,606.66,303.43,204,,,,,
SET333,13,0.06,"6,033",0.03,"1,090.10",962.81,527.42,181,,,,,
SET334,13,0.28,"2,800",0.07,498.07,592.00,316.99,196,,,,,
SET335,13,0.02,733,0.27,829.50,734.29,316.79,198,,,,,
SET337,13,0.10,929,0.17,870.12,860.13,469.19,158,,,,,
SET338,13,0.16,468,0.34,959.17,999.00,467.95,159,,,,,
SET339,13,0.23,"1,892",0.12,511.55,613.33,318.42,227,,,,,
SET340,13,0.09,"2,829",0.07,787.98,739.21,333.30,198,,,,,
SET341,13,0.19,"5,600",0.03,737.76,857.00,409.95,168,,,,,
SET342,13,0.11,"1,153",0.15,843.68,850.00,338.51,173,,,,,
SET343,13,0.22,"2,514",0.07,621.03,607.14,249.56,176,,,,,
SET344,13,0.10,"2,200",0.09,941.72,899.00,442.21,198,,,,,
SET345,13,0.07,"8,300",0.02,732.36,613.36,310.30,166,,,,,
SET346,13,0.16,"1,088",0.17,634.35,580.50,281.81,185,,,,,
SET347,13,0.26,"5,867",0.03,658.54,710.00,319.25,176,,,,,
SET348,13,0.08,"3,320",0.00,"1,145.96",899.00,453.48,166,,,,,
SET349,13,0.08,"2,486",0.07,"1,120.78","1,152.00",511.37,174,,,,,
SET350,13,0.21,"1,569",0.13,"1,014.87",981.75,471.63,204,,,,,
SET351,13,0.12,"4,160",0.05,730.36,599.00,273.24,208,,,,,
SET353,13,0.24,"7,650",0.02,923.60,899.00,427.80,153,,,,,
SET355,13,0.23,844,0.27,"1,049.26","1,229.00",614.43,228,,,,,
SET356,13,0.22,"1,750",0.10,901.91,993.05,386.06,175,,,,,
SET357,13,0.18,"2,450",0.08,649.46,713.31,309.84,196,,,,,
SET358,13,0.28,"1,436",0.14,"1,340.42","1,477.00",620.62,201,,,,,
SET359,13,0.26,"2,371",0.07,857.09,891.45,469.06,166,,,,,
SET360,13,0.13,"2,750",0.06,"1,351.45","1,338.00",538.36,165,,,,,
SET361,13,0.18,89,1.76,"1,500.39","1,477.00",689.96,157,,,,,
SET363,13,0.04,"6,600",0.03,"1,424.93","1,149.00",457.22,198,,,,,
SET364,13,0.11,"2,064",0.11,712.98,669.00,276.98,227,,,,,
SET365,13,0.26,"1,076",0.17,"1,296.65","1,299.00",620.55,183,,,,,
SET366,13,0.27,"18,200",0.01,"1,385.70","1,438.00",785.41,182,,,,,
SET369,13,0.04,"2,471",0.07,"1,427.17","1,385.97",698.98,173,,,,,
SET373,13,0.15,"3,200",0.07,833.82,774.00,354.43,224,,,,,
SET374,13,0.15,"2,250",0.10,613.96,637.88,282.14,225,,,,,
SET375,13,0.11,"3,820",0.00,771.28,696.00,352.29,191,,,,,
SET376,13,0.16,172,1.14,558.40,480.00,252.63,196,,,,,
SET378,13,0.28,79,2.12,"1,269.80","1,299.00",497.06,167,,,,,
SET380,13,0.08,"2,162",0.08,"1,300.16","1,186.00",546.31,173,,,,,
SET383,13,0.05,"2,750",0.06,655.56,599.00,311.97,165,,,,,
SET385,13,0.16,"1,754",0.13,592.43,623.01,340.71,228,,,,,
SET386,13,0.25,"2,011",0.09,555.44,599.00,236.35,181,,,,,
SET388,13,0.14,"23,400",0.01,"1,405.15","1,499.00",794.44,234,,,,,
SET389,13,0.22,"2,157",0.07,627.88,648.00,292.89,151,,,,,
SET390,13,0.28,"1,408",0.13,667.09,882.00,444.01,183,,,,,
SET392,13,0.24,"2,800",0.06,697.26,788.62,359.45,168,,,,,
SET393,13,0.04,"1,407",0.14,"1,260.22","1,164.82",511.66,197,,,,,
SET394,13,0.10,"1,910",0.10,"1,371.02","1,096.00",448.20,191,,,,,
SET395,13,0.18,"3,980",0.05,"1,029.07",962.00,495.34,199,,,,,
SET396,13,0.18,"2,786",0.07,791.51,823.33,451.29,195,,,,,
SET397,13,0.17,"3,050",0.06,897.57,999.00,526.20,183,,,,,
SET398,13,0.07,164,0.96,"1,353.16","1,182.09",469.29,157,,,,,
SET400,13,0.13,520,0.40,"1,045.03","1,068.00",428.74,208,,,,,
SET401,13,0.04,"2,883",0.06,949.64,799.20,354.30,173,,,,,
SET402,13,0.22,"1,585",0.13,962.24,919.00,412.11,206,,,,,
SET403,13,0.12,"4,175",0.04,988.93,888.00,397.75,167,,,,,
SET405,13,0.05,"1,493",0.15,931.55,771.00,336.88,224,,,,,
SET408,13,0.24,"7,950",0.02,442.37,469.65,244.30,159,,,,,
SET409,13,0.22,"3,800",0.04,589.07,549.43,220.58,152,,,,,
SET410,13,0.04,478,0.49,791.35,599.00,299.75,234,,,,,
SET413,13,0.08,836,0.28,815.52,721.00,284.47,234,,,,,
SET414,13,0.03,"2,871",0.07,"1,121.18",999.00,385.02,201,,,,,
SET415,13,0.09,"1,982",0.11,"1,100.78",999.00,431.42,218,,,,,
SET431,13,0.14,67,3.23,862.28,899.00,489.77,218,,,,,
SET432,13,0.05,"7,833",0.03,"1,207.88",999.00,518.52,235,,,,,
SET433,13,0.01,"7,133",0.03,679.16,560.00,214.32,214,,,,,
SET435,13,0.10,786,0.22,"1,367.58","1,399.00",590.43,173,,,,,
SET436,13,0.26,"5,500",0.03,"1,158.64","1,399.00",725.33,165,,,,,
SET437,13,0.29,"2,400",0.08,"1,107.67","1,281.00",612.71,192,,,,,
SET438,13,0.24,"2,045",0.11,"1,280.21","1,238.00",622.64,225,,,,,
SET442,13,0.27,829,0.24,936.73,"1,028.00",461.88,199,,,,,
SET444,13,0.26,"2,370",0.10,856.14,897.87,454.50,237,,,,,
SET461,13,0.04,"10,350",0.02,"1,165.67","1,039.00",459.90,207,,,,,